:020000040800F2
:102800000050002099290008312A0008312A0008C8
:10281000312A0008312A0008312A0008000000008F
:10282000000000000000000000000000312A000845
:10283000312A000800000000312A0008C52F0008D6
:10284000312A0008312A0008312A0008312A0008FC
:10285000312A0008312A000895360008AD360008F4
:10286000C5360008DD360008F5360008312A0008B4
:10287000312A0008312A0008312A0008312A0008CC
:10288000312A0008312A0008312A0008312A0008BC
:10289000312A0008312A0008312A0008312A0008AC
:1028A000312A0008312A0008312A0008312A00089C
:1028B000312A0008312A0008312A0008312A00088C
:1028C000312A0008312A0008312A0008ED390008B1
:1028D000153A0008D13F0008E53F0008F93F00081D
:1028E000312A0008312A000800000000312A0008BF
:1028F000312A0008312A0008312A0008312A00084C
:10290000312A0008312A0008312A0008312A00083B
:10291000312A0008312A0008312A0008312A00082B
:10292000312A0008312A0008312A0008312A00081B
:1029300080B500AF00F00CF800F018F8642000F04B
:1029400097FA0249002001F0C9FAF7E744EA0008C3
:1029500080B500AF00F072F80221022000F096F876
:102960000E21022000F092F800BF80BD80B500AFBC
:102970000B220921002000F02FFB04220A21002055
:1029800000F02AFB01F0AEF800BF80BD80B400AFBC
:1029900000BFBD4680BC704780B586B000AF002345
:1029A0007B6000237B6100233B611C4A1C4BD31AD4
:1029B0009B107B601B4B7B61194B3B610023FB60D1
:1029C0000AE07A69131D7B613B69191D3961126840
:1029D0001A60FB680133FB60FA687B689A42F0D3A7
:1029E000114A124BD31A9B107B60104B3B610023A2
:1029F000BB6007E03B691A1D3A6100221A60BB68A0
:102A00000133BB60BA687B689A42F3D3FFF7BEFF1D
:102A1000FFF78EFF00BF1837BD4680BD00000020C5
:102A20000000002050EA00083800002000000020CC
:102A300080B400AF00BFBD4680BC704780B483B097
:102A400000AF0023FB800F4A136843F001031360BB
:102A500002E0FB880133FB800A4B1B68C3F3400391
:102A6000DBB2012B04D0FB8841F287329342F0D9CC
:102A7000054A13686FF30103136000BF0C37BD46AE
:102A800080BC7047001002400410024080B485B042
:102A900000AF03460A46FB711346BB710023FB736C
:102AA000FB79022B02D90123FB7330E0BB791E2B8B
:102AB00002D90223FB732AE0FB79022B1CD0022BE4
:102AC00025DC002B02D0012B0BD020E0134B1B6820
:102AD000BA79012101FA02F21146104A0B43136040
:102AE00015E00F4B1B68BA79012101FA02F2114679
:102AF0000B4A0B4313600AE00A4B1B68BA790121A9
:102B000001FA02F21146074A0B43136000BFFB7B38
:102B100018461437BD4680BC704700BF14100240F1
:102B20001C1002401810024080B485B000AF03466C
:102B30000A46FB711346BB710023FB73FB79022B22
:102B400002D90123FB7333E0BB791E2B02D9022388
:102B5000FB732DE0FB79022B1ED0022B28DC002B0F
:102B600002D0012B0CD023E0144B1B68BA79012151
:102B700001FA02F2D2431146104A0B40136017E0EB
:102B80000F4B1B68BA79012101FA02F2D2431146B8
:102B90000B4A0B4013600BE00A4B1B68BA7901210A
:102BA00001FA02F2D2431146064A0B40136000BFFD
:102BB000FB7B18461437BD4680BC7047141002409A
:102BC0001C1002401810024080B485B000AF0346CC
:102BD0000A46FB711346BB710023FB73FB79022B82
:102BE00002D90123FB7323E0BB791E2B02D90223F8
:102BF000FB731DE0FB79012B02D0022B0BD015E0FB
:102C00000E4B1B68BA79012101FA02F211460B4AF8
:102C10000B4313600CE00A4B1B68BA79012101FADF
:102C200002F21146064A0B43136001E00123FB73D5
:102C3000FB7B18461437BD4680BC7047101002401D
:102C40000C10024080B485B000AF0346FB71002336
:102C5000FB73FB791F2B05D8FB7901229A400B4BA4
:102C60001A600DE0FB793B2B08D8FB79203BFB7108
:102C7000FB7901229A40064B1A6001E00123FB73A5
:102C8000FB7B18461437BD4680BC704700E100E06E
:102C900004E100E080B485B000AF0346FB7100237F
:102CA000FB73FB791F2B05D8FB7901229A400B4B54
:102CB0001A600DE0FB793B2B08D8FB79203BFB71B8
:102CC000FB7901229A40064B1A6001E00123FB7355
:102CD000FB7B18461437BD4680BC704780E100E09E
:102CE00084E100E080B485B000AF0346FB710023AF
:102CF000FB73FB791F2B05D8FB7901229A400B4B04
:102D00001A600DE0FB793B2B08D8FB79203BFB7167
:102D1000FB7901229A40064B1A6001E00123FB7304
:102D2000FB7B18461437BD4680BC704700E200E0CC
:102D300004E200E080B485B000AF0346FB710023DD
:102D4000FB73FB791F2B05D8FB7901229A400B4BB3
:102D50001A600DE0FB793B2B08D8FB79203BFB7117
:102D6000FB7901229A40064B1A6001E00123FB73B4
:102D7000FB7B18461437BD4680BC704780E200E0FC
:102D800084E200E080B485B000AF03463960FB7197
:102D90000023FB73FB791F2B0BD8134B1A68FB79AD
:102DA00022FA03F3DBB203F00103DAB23B681A70D4
:102DB00013E0FB793B2B0ED8FB79203BFB710B4BCF
:102DC0001A68FB7922FA03F3DBB203F00103DAB2EB
:102DD0003B681A7001E00123FB73FB7B1846143734
:102DE000BD4680BC704700BF00E300E004E300E0A4
:102DF00080B485B000AF0346FB710B46BB71134630
:102E00007B71124B124A1A600223FB7397F9073049
:102E1000002B16DB97F90730002B12DBBA79FB7B0E
:102E200002FA03F35AB297F9053013435BB2DAB2F0
:102E300097F9073003F1604303F564431201D2B2FE
:102E40001A7000BF1437BD4680BC70470CED00E01F
:102E50000005FA0580B400AF044A13686FF38203DB
:102E6000136000BFBD4680BC704700BF10E000E0AB
:102E700080B584B000AF78607B684FF47A7202FB53
:102E800003F3FB600C4B00221A600C4AFB681360D2
:102E90000B4A136843F00103136000BF084B1B6823
:102EA000C3F30043DBB2002BF8D000F063F800BF9F
:102EB0001037BD4680BD00BF18E000E014E000E020
:102EC00010E000E080B485B000AF78603960012385
:102ED000FB733B68002B02D10223FB7311E000233C
:102EE000FB730B4A3B6813600A4A7B6813600A4A0B
:102EF000136843F002031360074A136843F00103A9
:102F00001360FB7B18461437BD4680BC704700BF7A
:102F10000C00002014E000E010E000E080B485B078
:102F200000AF786039600123FB733B68002B02D14E
:102F30000223FB7311E00023FB730B4A3B68136011
:102F40000A4A7B6813600A4A136843F0020313605D
:102F5000074A136843F001031360FB7B18461437DC
:102F6000BD4680BC704700BF0C00002014E000E0AC
:102F700010E000E080B400AF044A13686FF3000370
:102F8000136000BFBD4680BC704700BF10E000E08A
:102F900080B400AF044B1A68044B1B68D31A184660
:102FA000BD4680BC704700BF14E000E018E000E0C0
:102FB00080B400AF024B1B681846BD4680BC70470A
:102FC00018E000E080B500AF024B1B68984700BFD7
:102FD00080BD00BF0C00002080B485B000AF034668
:102FE000FB710B46BB7113467B710023FB73FB79AE
:102FF000022B02D90123FB73B4E0BB790F2B02D95A
:103000000223FB73AEE0BB79072B52D8FB79022B6E
:1030100037D0022B00F3A680002B02D0012B18D052
:10302000A0E0534B1B68BA7992000F2101FA02F21B
:10303000D24311464E4A0B4013604D4B1B687979C1
:10304000BA79920001FA02F21146494A0B43136021
:1030500088E0484B1B68BA7992000F2101FA02F20E
:10306000D2431146434A0B401360424B1B687979A7
:10307000BA79920001FA02F211463E4A0B431360FC
:1030800070E03D4B1B68BA7992000F2101FA02F201
:10309000D2431146384A0B401360374B1B6879798D
:1030A000BA79920001FA02F21146334A0B431360D7
:1030B00058E0BB79072B54D9BB79083BBB71FB792E
:1030C000022B36D0022B4DDC002B02D0012B18D066
:1030D00048E02A4B1B68BA7992000F2101FA02F2EC
:1030E000D2431146254A0B401360244B1B68797963
:1030F000BA79920001FA02F21146204A0B4313609A
:1031000030E01F4B1B68BA7992000F2101FA02F2DE
:10311000D24311461A4A0B401360194B1B68797948
:10312000BA79920001FA02F21146154A0B43136074
:1031300018E0144B1B68BA7992000F2101FA02F2D1
:10314000D24311460F4A0B4013600E4B1B6879792E
:10315000BA79920001FA02F211460A4A0B4313604F
:1031600000E000BFFB7B18461437BD4680BC7047AB
:1031700000080140000C014000100140040801401B
:10318000040C01400410014080B485B000AF034638
:103190003A60FB710B46BB710023FB73FB79022B7A
:1031A00002D90123FB7333E0BB790F2B02D9022331
:1031B000FB732DE0FB79022B1ED0022B28DC002BA9
:1031C00002D0012B0CD023E0144B1A68BB7922FAF1
:1031D00003F3DBB203F00103DAB23B681A7017E0C5
:1031E0000F4B1A68BB7922FA03F3DBB203F0010339
:1031F000DAB23B681A700BE00A4B1A68BB7922FA04
:1032000003F3DBB203F00103DAB23B681A7000BFCC
:10321000FB7B18461437BD4680BC70470808014048
:10322000080C01400810014080B485B000AF03468F
:103230003960FB710023FB73FB79022B02D9012358
:10324000FB731BE0FB79022B12D0022B16DC002B48
:1032500002D0012B06D011E00B4B1B689AB23B68E1
:103260001A800BE0094B1B689AB23B681A8005E094
:10327000074B1B689AB23B681A8000BFFB7B18465D
:103280001437BD4680BC704708080140080C014057
:103290000810014080B485B000AF0346FB710B46B7
:1032A000BB7113467B710023FB73FB79012B02D9A1
:1032B0000123FB7344E0BB790F2B02D90223FB737C
:1032C0003EE07B79012B1BD1FB79022B12D0022B24
:1032D00036DC002B02D0012B06D031E0BB79012275
:1032E0009A401A4B1A602BE0BB7901229A40184B86
:1032F0001A6025E0BB7901229A40164B1A601FE044
:103300007B79002B1BD1FB79022B12D0022B17DC0F
:10331000002B02D0012B06D012E0BB7901229A408B
:103320000D4B1A600CE0BB7901229A400B4B1A60DE
:1033300006E0BB7901229A40094B1A6000E000BF09
:10334000FB7B18461437BD4680BC7047100801400F
:10335000100C01401010014014080140140C0140F1
:103360001410014080B485B000AF03460A46FB71DB
:103370001346BB800023FB73FB79012B02D9012389
:10338000FB7312E0FB79022B0ED0022B0DDC002B1D
:1033900002D0012B04D008E0074ABB88136004E088
:1033A000064ABB88136000E000BFFB7B1846143759
:1033B000BD4680BC704700BF0C0801400C0C0140AA
:1033C00080B483B000AF0346FB71074B1B68FA79EA
:1033D000012101FA02F21146034A0B43136000BFB8
:1033E0000C37BD4680BC70470004014080B483B0F8
:1033F00000AF0346FB71084B1B68FA79012101FA03
:1034000002F2D2431146044A0B40136000BF0C374E
:10341000BD4680BC704700BF0004014080B485B049
:1034200000AF0346FB710B46BB7113467B71002353
:10343000FB737B79012B37D1BB79022B1CD0022B7C
:103440002FDC002B02D0012B0BD02AE0394B9B68DC
:10345000FA79012101FA02F21146364A0B439360D0
:1034600062E0344BDB68FA79012101FA02F211467D
:10347000304A0B43D36057E02E4B9B68FA79012109
:1034800001FA02F211462B4A0B439360294BDB6889
:10349000FA79012101FA02F21146264A0B43D36060
:1034A00042E00123FB733FE07B79002B3BD1BB79EA
:1034B000022B1ED0022B33DC002B02D0012B0CD0B0
:1034C0002EE01C4B9B68FA79012101FA02F2D243EB
:1034D0001146184A0B40936026E0164BDB68FA79D8
:1034E000012101FA02F2D2431146124A0B40D36085
:1034F0001AE0104B9B68FA79012101FA02F2D243DB
:1035000011460C4A0B4093600A4BDB68FA790121A3
:1035100001FA02F2D2431146064A0B40D36003E09F
:103520000123FB7300E000BFFB7B18461437BD4648
:1035300080BC70470004014080B483B000AF0346F4
:10354000FB71074B1B69FA79012101FA02F211465E
:10355000034A0B43136100BF0C37BD4680BC704764
:103560000004014080B483B000AF0346FB71074BF9
:103570005B69FA79012101FA02F21146034A0B4311
:10358000536100BF0C37BD4680BC7047000401404A
:1035900080B485B000AF78600123FB737B68002B9B
:1035A00002D10223FB7304E00023FB73044A7B680F
:1035B0001360FB7B18461437BD4680BC704700BFC4
:1035C0001000002080B485B000AF78600123FB7349
:1035D0007B68002B02D10223FB7304E00023FB7302
:1035E000044A7B681360FB7B18461437BD4680BCD9
:1035F000704700BF1400002080B485B000AF786031
:103600000123FB737B68002B02D10223FB7304E0D0
:103610000023FB73044A7B681360FB7B1846143756
:10362000BD4680BC704700BF1800002080B485B044
:1036300000AF78600123FB737B68002B02D102236B
:10364000FB7304E00023FB73044A7B681360FB7B7D
:1036500018461437BD4680BC704700BF1C000020D0
:1036600080B485B000AF78600123FB737B68002BCA
:1036700002D10223FB7304E00023FB73044A7B683E
:103680001360FB7B18461437BD4680BC704700BFF3
:103690002000002080B500AF034B1B689847002036
:1036A000FFF760FF00BF80BD1000002080B500AFB5
:1036B000034B1B6898470120FFF754FF00BF80BDF4
:1036C0001400002080B500AF034B1B689847022010
:1036D000FFF748FF00BF80BD1800002080B500AF95
:1036E000034B1B6898470320FFF73CFF00BF80BDDA
:1036F0001C00002080B500AF034B1B6898470420D6
:10370000FFF730FF00BF80BD2000002080B483B0F1
:1037100000AF03460A46FB711346BB71FB79032BCE
:1037200017D83B4B9B68FA7992000F2101FA02F2FD
:10373000D2431146364A0B409360354B9B68B979AA
:10374000FA79920001FA02F21146314A0B43936072
:1037500058E0FB79072B1AD8FB79043BFB712C4B03
:10376000DB68FA7992000F2101FA02F2D243114686
:10377000274A0B40D360264BDB68B979FA7992006F
:1037800001FA02F21146224A0B43D3603AE0FB7978
:103790000B2B1AD8FB79083BFB711D4B1B69FA797F
:1037A00092000F2101FA02F2D2431146184A0B404F
:1037B0001361174B1B69B979FA79920001FA02F289
:1037C0001146134A0B4313611CE0FB790F2B19D8E8
:1037D000FB790C3BFB710E4B5B69FA7992000F2170
:1037E00001FA02F2D2431146094A0B405361084BD9
:1037F0005B69B979FA79920001FA02F21146044A3A
:103800000B43536100BF0C37BD4680BC704700BFFF
:103810000000014080B483B000AF78600B467B802D
:103820000E4B1B680D4A23F0010313600C4A7B8882
:1038300013600C4A7B6813600B4B0C4A1A60074BF1
:1038400042F292021A60054B1B68044A43F00103DE
:10385000136000BF0C37BD4680BC70475800024063
:103860005C00024064000240600002400C380040EE
:1038700080B400AF224A13686FF3CB231360204A51
:1038800013686FF38A2313601D4A136843F40073AF
:1038900013601B4A136843F480731360184A13685B
:1038A0006FF3C7131360164A1368022161F3C5034F
:1038B0001360134A136843F004031360104A13683B
:1038C0006FF3410313600E4A136843F00103136062
:1038D0000B4A136843F0400313600A4A136843F02D
:1038E00080031360074A136843F040031360054ADE
:1038F000136843F00203136000BFBD4680BC7047ED
:10390000003800400438004080B485B000AF034662
:103910003A60FB710B46BB800123FB733B68002BB5
:1039200002D10223FB7329E00023FB73FB79002BF8
:1039300002D0012B11D021E0134ABB88136000BFD5
:10394000124B1B68C3F3C013DBB2012BF8D00E4B34
:103950001B689AB23B681A8010E00D4ABB8813605E
:1039600000BF0C4B1B68C3F3C013DBB2012BF8D0B4
:10397000074B1B689AB23B681A8000BFFB7B184656
:103980001437BD4680BC70470C3001400830014000
:103990000C3800400838004080B483B000AF0346C4
:1039A0003A60FB710B46BB80FB79002B02D0012BE8
:1039B00007D00DE0094A3B681360094ABB881360D1
:1039C00006E0084A3B681360074ABB88136000BFE3
:1039D00000BF18460C37BD4680BC7047240000204D
:1039E0000C300140280000200C38004080B500AFAA
:1039F000064B1B68002B06D0044B1B68044A126858
:103A000092B21046984700BF80BD00BF240000203E
:103A10000C30014080B500AF064B1B68002B06D070
:103A2000044B1B68044A126892B21046984700BFC4
:103A300080BD00BF280000200C38004080B586B053
:103A400000AF03463960FB713B68002B06DA2D217D
:103A5000022000F061F93B685B423B603B68002B51
:103A600004D13021022000F057F936E00023FB7525
:103A70001DE03A681A4B83FB02139910D317C91A39
:103A80000B469B000B445B00D11ACAB2FB7D591C4C
:103A9000F9753032D2B218333B4403F80C2C3B6832
:103AA0000F4A82FB03129210DB17D31A3B603B686C
:103AB000002BDEDCFB7DBB750CE0BB7D013B1833CE
:103AC0003B4413F80C3C1946022000F025F9BB7D5D
:103AD000013BBB75BB7D002BEFD11837BD4680BDC8
:103AE0006766666680B487B000AF04237B617A693D
:103AF0007F4BA3FB02135B09642101FB03F3D31A81
:103B00001B0107331B093B613B690F2B04D97B6900
:103B100001337B6100233B61764A7B69C3F30B036E
:103B200099B2136861F30F131360724A3B6903F093
:103B30000F03D9B2136861F3030313606E4A13686D
:103B40006FF30C3313606C4A13686FF38A231360AE
:103B5000694A13686FF3C7131360674A13686FF3FA
:103B600086131360644A13686FF345131360634A46
:103B700013686FF3CC2313605F4A136843F00803A4
:103B800013605D4A136843F0040313605A4A1368D4
:103B900043F4005313600423FB60FA68544BA3FB07
:103BA00002135B09642101FB03F3D31A1B010733E2
:103BB0001B09BB60BB680F2B04D9FB680133FB609A
:103BC0000023BB604E4AFB68C3F30B0399B2136832
:103BD00061F30F1313604A4ABB6803F00F03D9B2B5
:103BE000136861F303031360464A13686FF30C33E1
:103BF0001360444A13686FF38A231360414A1368C1
:103C00006FF3C71313603F4A13686FF38613136093
:103C10003C4A13686FF3451313603B4A13686FF314
:103C2000CC231360374A136843F008031360354A06
:103C3000136843F004031360324A136843F40053DB
:103C4000136004237B607A68294BA3FB02135B0992
:103C5000642101FB03F3D31A1B0107331B093B60EB
:103C60003B680F2B04D97B6801337B6000233B60EA
:103C7000264A7B68C3F30B0399B2136861F30F13F1
:103C80001360224A3B6803F00F03D9B2136861F353
:103C9000030313601E4A13686FF30C3313601C4A4E
:103CA00013686FF38A231360194A13686FF3C713FD
:103CB0001360174A13686FF386131360154A13686D
:103CC0006FF3CC231360124A136843F008031360A8
:103CD0000F4A136843F0040313600D4A136843F45A
:103CE0000053136000BF1C37BD4680BC704700BF47
:103CF0001F85EB51083801400C3801401038014055
:103D0000084400400C440040104400400848004073
:103D10000C4800401048004080B483B000AF034618
:103D20000A46FB711346BB71FB79022B2ED0022B86
:103D300040DC002B02D0012B14D03BE000BF204B15
:103D40001B68C3F3C013DBB2012BF8D11D4ABB794A
:103D5000136000BF1A4B1B68C3F38013DBB2012B47
:103D6000F8D127E000BF184B1B68C3F3C013DBB2C8
:103D7000012BF8D1154ABB79136000BF124B1B68A9
:103D8000C3F38013DBB2012BF8D113E000BF104B5B
:103D90001B68C3F3C013DBB2012BF8D10D4ABB790A
:103DA000136000BF0A4B1B68C3F38013DBB2012B07
:103DB000F8D100BF00BF0C37BD4680BC704700BFC4
:103DC00000380140043801400044004004440040F1
:103DD000004800400448004080B485B000AF03466E
:103DE0003960FB710023FB600023FB723B68002BF2
:103DF00001D10223FB72FB79002B1BD102E0FB688F
:103E00000133FB602D4B1B68C3F34013DBB2002B67
:103E100003D1FB682A4A9342F1D9FB68294A9342AD
:103E200002D10323FB7242E0274B1B68DAB23B68E6
:103E30001A703CE0FB79012B1BD102E0FB680133D7
:103E4000FB60224B1B68C3F34013DBB2002B03D192
:103E5000FB681B4A9342F1D9FB681A4A934202D18C
:103E60000323FB7223E01A4B1B68DAB23B681A701B
:103E70001DE0FB79022B1AD102E0FB680133FB60E5
:103E8000144B1B68C3F34013DBB2002B03D1FB6858
:103E90000B4A9342F1D9FB680A4A934202D10323A9
:103EA000FB7204E00C4B1B68DAB23B681A70FB7AB9
:103EB00018461437BD4680BC704700BF003801402B
:103EC0003F0D0300400D0300043801400044004052
:103ED00004440040004800400448004080B584B0DD
:103EE00000AF03463960FB710023FB730023BB73F3
:103EF0003B68002B0ED10223FB7311E0BB7B3A68B9
:103F000013441A78FB7911461846FFF705FFBB7B6F
:103F10000133BB73BB7B3A6813441B78002BEDD194
:103F2000FB7B18461037BD4680BD80B584B000AF1E
:103F300003463960FB711346BB710023FB731AE023
:103F400007F10E02FB7911461846FFF745FFBB7BD0
:103F50000A2B02D0BB7B0D2B05D1FB7B3A681344A7
:103F600000221A700DE0FB7B5A1CFA731A463B685C
:103F70001344BA7B1A70FA7BBB79013B9A42DFDBB0
:103F800000BF00BF1037BD4680BD80B487B000AF12
:103F9000F860B9601346FB710023FB750EE0FB7DF2
:103FA000FA6813441A78FB7DB9680B441B789A426F
:103FB00001D0002307E0FB7D0133FB75FA7DFB791F
:103FC0009A42ECD3012318461C37BD4680BC70478B
:103FD00080B500AF024B1B68984700BF80BD00BF93
:103FE0002C00002080B500AF024B1B68984700BF33
:103FF00080BD00BF3000002080B500AF024B1B68C1
:10400000984700BF80BD00BF3400002080B582B05B
:1040100000AF0523FB7106E0FB79184600F00BF8B2
:10402000FB790133FB71FB793F2BF5D900BF00BF52
:104030000837BD4680BD80B483B000AF0346FB7136
:1040400000BF1E4BDB6803F00103012BF9D01B4BB3
:104050001B69DB0903F00103012B05D1174B184A3B
:104060005A60164B174A5A60144B1B69134A43F0A7
:1040700002031361FB799B02104A03F10063536151
:104080000E4B1B690D4A43F04003136100BF0B4BFD
:10409000DB6803F00103012BF9D0084BDB68074A0A
:1040A00043F02003D360054B1B69044A23F002034D
:1040B000136100BF0C37BD4680BC70470020024032
:1040C00023016745AB89EFCD80B487B000AFF860BE
:1040D000B9601346FB7100BF254BDB6803F0010399
:1040E000012BF9D0224B1B69DB0903F00103012BE3
:1040F00005D11F4B1F4A5A601D4B1F4A5A600023AF
:10410000FB752BE01A4B1B69194A43F0010313613D
:10411000FB7D5B00BA6813441B88BB82FB7D5B00A0
:10412000BA681A44FB6812881A80FB680233FB6085
:1041300000BF0F4BDB6803F00103012BF9D00C4BE0
:10414000DB680B4A43F02003D360094B1B69084A24
:1041500023F001031361FB7D0133FB75FA7DFB79CD
:104160009A42CFD300BF00BF1C37BD4680BC70470A
:104170000020024023016745AB89EFCD80B400AF3A
:10418000054B1B68044A23F00403136030BF00BFD3
:10419000BD4680BC704700BF10ED00E080B400AFAA
:1041A0000B4B1B680A4A43F080531360094B1B6892
:1041B000084A43F001031360074B1B68064A43F0AB
:1041C0000403136030BF00BFBD4680BC704700BF12
:1041D0001C1002400070004010ED00E080B400AF01
:1041E0000E4B1B680D4A43F0805313600C4B1B6849
:1041F0000B4A43F004031360094B1B68084A43F061
:1042000002031360074B1B68064A43F00403136064
:1042100030BF00BFBD4680BC704700BF1C100240CD
:104220000070004010ED00E080B400AF064B1B684A
:1042300003F00103002B14BF01230023DBB2184657
:10424000BD4680BC704700BF0470004080B485B09C
:1042500000AFF8607A603B600B46FB72FB7A5A1E37
:1042600013469B0013449B001A46FB681344083313
:104270001968FB7A5A1E13469B0013449B001A468A
:10428000FB68134408331A4621F001031360FB7ADC
:104290005A1E13469B0013449B001A46FB681344A6
:1042A00010331A467B681360FB7A5A1E13469B0034
:1042B00013449B001A46FB68134414331A463B68A8
:1042C0001360FB7A5A1E13469B0013449B001A4648
:1042D000FB6813440C331A46BB691360FB7A5A1E01
:1042E00013469B0013449B001A46FB681344083393
:1042F0001A4642F2C2031360FB7A5A1E13469B0011
:1043000013449B001A46FB68134408331968FB7A70
:104310005A1E13469B0013449B001A46FB68134425
:1043200008331A4641F00103136000BF1437BD463D
:0443300080BC704796
:10433400BEF7FFFFFEFFB8C63195AE84CE84CE84AF
:10434400CE84CE84AE84AE84AE846D7CEB6B0C6C78
:104354002F740F743074CF6B1074B384369DF8AD22
:10436400559DD48C18B69AC69AC6BACEBACE9ACEF1
:10437400BAC6BBCEBBCE7BC67BC619BE77AD56A52F
:10438400D8B53ABE39BEF8B5D7AD95A5549D1395A9
:1043940091844F7C2F740E74ED6BED6B2E744E7400
:1043A4006F7C8F7CB0848F7C4E744E742E744E74EC
:1043B4004E6C4E6C2E6C2E6C2E6C0E6C4E74B08447
:1043C400B084D08CF08C3195529D729D519D309566
:1043D400719D519510953095EF8CCF841095119562
:1043E400D08C6F84D18C549DD6AD38BE59BE7AC65C
:1043F400BBBE79BE79BEF6AD339DF29C6F8CED8366
:104404008B73AB7BE76AA56A688BC99BA9A3A8AB2E
:10441400A8B387AB67ABE59AA592C592C5920693FC
:10442400079BC58A4482848A279B47A368A3C9AB98
:10443400F3DD7AFFFEFFFFF7FFFFDEF736BEB08C39
:10444400AE84CE84CE84AD84CE84CE84AE84AE8459
:10445400AE846D7C0C6C2C6C707C507C91843074BC
:1044640092843595B7AD5ABE3595D38C18B67AC6B5
:104474009AC6BACEBACE9ACEBBCEBBCEDBCE9BCE3C
:104484009BCE5AC6B8B597AD19BE7BC69BCE7AC62D
:1044940059BE58BE17B6D6AD95A53395D18C6F7C51
:1044A400ED6BAC63AC63AC636B5B6B5B8B5B4A5374
:1044B400E94AE94AC942E942E942E942C842C842F2
:1044C400C842A842E94A4B5BAC63CC6B0D746E7C6A
:1044D400AF8CEF8CEF8CCF8CCF848E7C4D742C748E
:1044E4000C740C746E7CAF84D08CD18C94A537B6CC
:1044F40079C69AC679C69AC69ABE79BE99BE38BE9E
:10450400D6B5D5B594B552ADD09C10AD0C94487BBE
:10451400688B889B88A3A8AB87AB87AB88AB27A3A2
:10452400069BE69AA58A848A6482447A237AA58AB9
:1045340068A368A367A3A8AB688B51BDDDFFBEF772
:10454400FDF755B6AE84CF84EF84CE84EE84CD845B
:10455400ED84ED84CD84CD84AD84AD84AE844D7C76
:104564005074B27CD284717C559519AE7ABE7ABEF1
:104574005695F48C39B69AC69AC6BBC6BBCEBBC692
:10458400BBC6DBCEBBCE9AC69AC69AC65ABE19B66D
:104594007ABE9BC6BBC69BC67ABE79BE99BE9ABE7E
:1045A40099BE37B6F7ADF6A5949D128D707C0E6C4E
:1045B4006B536732E5210622E521C519C519C519D2
:1045C400C519C519C519C519C519C519E621072A7B
:1045D4004732683A883AA9422A53AC5BCD63CD632B
:1045E400AB5BAB5BAB5B8A5B8B5BED6B6F7CF18C2A
:1045F400949DD5AD38B679C69AC69BC69BCE9BC64C
:10460400BBC69AC679BEBACE79C658C679CE58C644
:10461400D5B516BEB3B54D8C687BA793E7A386A327
:1046240045BB66BB66BB46BB46BB05B3A5AAC5A2D4
:104634008492E279238206A347AB67B366B325B3BA
:1046440088ABC68AEFC4DCFF18CF7195AE7CCE84EC
:10465400EE84EE84CD84ED84ED84ED84ED84ED8CE4
:10466400CE84CE84CE846D7C7074F38CD384B28477
:10467400D8A57ABE9BBE7ABE769DF48C18B6BAC60F
:104684009AC69BC6BBCEBBC6BBC6BBCEBBC6BBC64F
:10469400BBC6BBCE7AC639BE7AC6BBC6BCC6BBC611
:1046A4009ABE9ABE9ABE9ABE99BE99BE99BE78BE6B
:1046B40078B637B6949DD1844B53272AA419C519CB
:1046C400C519E619E619A511C619C619C619C619D8
:1046D400C619A619C621E721A619E721072A072A20
:1046E400072A2732A9422B536B53ED6B6F74B084A6
:1046F400F18C5295949DD5AD37B657BE78BE79C628
:104704009AC69BCEBBCEBBCEBBC6BBC69AC6BACEE0
:1047140099C679C679C617BE16B637BE36C631AD48
:10472400CA8B878BC79BA69B66BB66BB66BB46BB17
:1047340066BB26B306B347B3E6A2438AA59247AB4A
:1047440067B346B346B325B367AB0693E682B7EEC9
:10475400719D8D7CAE7CAE7CCE84EE84CD7CED846C
:10476400ED84ED84ED84ED8CEE8CEE8CCE8C6D7C42
:10477400707C549DF38CF38C59B6BBC69BC67ABE31
:10478400B7A5F48CF8AD9AC69AC69AC6BBCEBBCE72
:10479400BBCE9BC69BC6BBCEDBCEDBCE9BC67AC64E
:1047A4009BC6BBC6BCC6BBC69BC69ABE9ABE9ABEB7
:1047B4009ABE9ABEBAC69ABE79BE17AEF28CAD63E3
:1047C400CA42E7218511A519C619E721E721A619CF
:1047D400C719C719E819E821C819A719A719A719EA
:1047E400A721C821E829E829A7218619E829AA428E
:1047F400CD63128DB59D16AE57B657B678BE78BE4A
:1048040099C699C699C69AC69ACEBBCEBBCEBBCE24
:10481400BBC6DBC6BBC69AC69AC699CE79C6B6AD28
:1048240017B658BE98CE15C6EFACEA93A793C79BAC
:1048340086B386B366B366B366B346B346B387B38B
:1048440006A32382069B47AB87B367B346B326B35D
:1048540046ABC59243724DAC8E7C4D74AE7CAE7C3F
:10486400AE7CEE84CD7CED84CC84ED84CC84ED846C
:10487400EE8CEE8CCE8C6D7C507CB5A53495F38C8F
:1048840039BE7AC69AC69AC6F8B51495B7AD7AC633
:104894009AC69ACEBBCEBBCEBBCE9BC69BC6DBCE46
:1048A400FBCEDBCEBBCE9BC69BC6BBC6BCC6BBC6C3
:1048B400BBC6DBC6BBBEBABE9ABEBAC6DBC679BE31
:1048C400969D50740B4B082AE729A721A619C721E6
:1048D400C719C719E821C719C919E921E921E9212B
:1048E400E921C919A8198819C921C921C929E9299E
:1048F400C8218721A8210932106CD7A579BE9ABE98
:10490400BAC679BE99BE58BE99C699C6BAC6BAC6C1
:104914009ACEBBCEBBCEBBCEBBC6DCCEBBCEBAC65C
:10492400BACE9AC638BE96A5F7AD99C698C677CEC4
:1049340055CEAEA4477B878BA7ABA7ABA7B387B3F2
:1049440066AB46AB46AB67B3E49A017A26A347ABA2
:1049540067B367B346B347BB65B3C392C58AA99B24
:104964008D7C8D7CAE7CAD7CAD7CCD84ED84CC7CAB
:10497400EC84EC84CC84ED84CD8CCE8CCE8C6D7C9C
:104984005084D6AD54A5F39418B659BE7AC69AC6C7
:1049940039BE559D76A539BE7AC69BCEBBCEBBCE5D
:1049A400BBCE9BCEBBCEDBCEDBCEBBCEBBC6BBCEA3
:1049B4009BC69CC69CC6BCC6DCC6DCC6DBC6BBBEEE
:1049C4007ABE9BC69ABE969DD0636A3AC829A7212F
:1049D4008719A721E821E821C821C819E921E9217B
:1049E400E919EA21EA21EA21EA21C921A921A92117
:1049F4008919A921A921A921C929C921882188198D
:104A04006F5BB7A59ABE9ABE7ABE59BE9ABE59BE0E
:104A1400BAC6BAC69AC69AC69AC69AC6BBCEDBCEE0
:104A2400DCC6DCCEDCCEDBCEBBCE9AC618B6D7A5B0
:104A340059B6BAC679BE98C6D8D651B5897B487BD3
:104A44008793879B87A3A7A387AB87AB87AB87ABEA
:104A5400E49A017A46A347AB67B367B346B367BB2F
:104A640065B3829242826CB4AD7CAE7C8D748D74DD
:104A7400AD7CAD7CED84CC7CED840D85ED84ED8C3A
:104A8400ED8CEE8CEE8C8D847084D6AD95AD149542
:104A9400F7B539BE7AC67AC65AC6B7AD76A5F8B5A3
:104AA4005AC69BCE9BCE9BCEBBCEBBCEBBCEDBCE63
:104AB400BBCE9ACE9BCEBBCE9BC69BC69CC6BCC669
:104AC400DCC6FCC6DCC6DBBE9BBE39B63695AF631E
:104AD4004A32A821A821A821A821C921E929C9214C
:104AE400C921C921C921E921EA19EA21EA21EA21D6
:104AF400EA21CA21A921A9218919C921CA29C921BF
:104B0400EA29EA29C921A921AC42D58C3AB67BBE4F
:104B14007BBE7ABE9BC69ABEBAC6BBC6DBCEDBCE14
:104B2400BBC69AC6BAC6BBCEDCCEDCCEFCCEDBCED0
:104B3400BBCE7ABE18AE18AE9ABE9ABE99BEB9C69E
:104B440098CEB4B58F940C8C898B27832683479396
:104B5400679B87A387A386A3E492017A26A366AB07
:104B640067B387BB47B367BB65B3428A63824CB400
:104B74008D7C8D748C746C748C74AD7CAC7CCC7CAE
:104B8400CC840D85ED8C0D8DED8CEE8CEE8CAD848E
:104B94004F7C94A5D6AD349D96AD18BE7AC67AC620
:104BA4007AC639BEB7ADF8B55AC6BBCE9BCE9BCE3E
:104BB400BBCEBBCEBBCEBBCEBACEBBCEBBCEBBCEAA
:104BC400BBC69CC69CC69CC6BCC6DCC6DCC6BBBEFB
:104BD4009BBE5695AF634A32C821C929C929A82169
:104BE400C921E921C921C921C921C921C921CA2150
:104BF400E919E919E921E921E921E921C921A921D1
:104C0400A819E921EA29C921C921E921E921E921D0
:104C14002B32D163779D5AB69BBE9BC69BC6BBC63F
:104C2400BBC6DBCEDBCEFBCEDBCEBBC6BBC69BC6D8
:104C3400BBC6BBCEDBCEBBC6BBC67AC639B67AB65C
:104C4400DBC6BBBEBABEBAC698C636BED4B593B52B
:104C54008E9C497BA66A077B478B468B469345937C
:104C6400C3822172059366A367AB87BB67BB67BB2F
:104C740066B3838AE592EBAB8C744B6C8C746C7466
:104C84006C74AC7C6B74CC7CAC7CEC84ED8C0D8D46
:104C9400ED8CCD8CCE8C8D840E7C53A5F6B5349DD5
:104CA400359DD7AD7AC6BBCEBBCEBBCEF8B518B654
:104CB4005AC6BCCE9BCE9CCEDBCEDBCEBBCEBACE10
:104CC400BACEBBCEBBCEBBCEBCC6BCC69CC69CBEFD
:104CD400BCBEBCC6DBBEBBBEF9AD5274AB42C92977
:104CE400A821C921C921A921A921CA21CA21C921CF
:104CF400CA21C919A919CA21E91909220922E921D4
:104D0400E921E921C921A821A821C921E921C92131
:104D1400C921C921C921E921C921ED42947CD9A520
:104D24007BBE9BBE9BC6DCCEDCCEDBCEBBCEBBC685
:104D3400BBC6BBC6BBCEBBCEBAC6BBCEDBCEBBC628
:104D4400BBCEBBC67ABEBBC6DBC6FCC6BBBE9ABE68
:104D5400BAC699C658C6B8CED5BDED7BC76208732E
:104D6400488326830683258BC4824172048B86A3E1
:104D740067ABA8BB67B367BB46B3E59A437AEBA3BB
:104D84004B744B6C4B6C6C746C746C748C74CC7C0A
:104D9400CC84EC84ED84ED8CCC84AC84AD84AD8483
:104DA4004F7CD18CD5ADD6AD75A5F7B57AC67AC68C
:104DB4009BC69AC67AC67ABE7AC69BC6BCCE9BCE22
:104DC400BBCEBBCEBACEBACEBACEBACEBBCEBBCE9B
:104DD4009BC6BCC6BCC69BBE9BBEBCBEBCBEBBBE4B
:104DE400158DCC42E929C921A821E929C921A92184
:104DF400C921A921A921CA21CA21EA21CA21C9217B
:104E0400C819E919E921E921E921E921C821A821E1
:104E1400A819C821E921E929E921C821C821E921E2
:104E2400A8194B32B05B779D7BBE7BBE9BBE9BC6F5
:104E3400BBC6BBC6BBCEBBCEBBC6BBC6DCC6BBC635
:104E4400DBCE9AC6DBCEDBCE9AC6BBC6DCCEBBC6F7
:104E5400BBC6DCC6DBC6DBC6BAC6BAC699C658BE74
:104E6400D6ADB18CEE7B0D84EC8BA983E993099CC0
:104E7400A793A372258BC7A387AB87B3A7BB87BBB5
:104E840087B305A3E68A8A9B2B6C2B6C2B6C4B6C2B
:104E94004B6C4B6C6B748C74CC84CC84EC84CC8461
:104EA400AC848C848C848C840D742E741295D5AD52
:104EB40017B659BE79BE9AC67ABE9ABE9ABE9AC62B
:104EC4009BC6BBC6BBC6BBC6DBCEDBCEDBCEDBCE56
:104ED400DBCEDBCEDBCEDBCEDCC6BCC69BBE9BBE54
:104EE4009BBE9BBE7BB618A68F5BE929A819A82197
:104EF4008821C921A921A921CA21CA21CA21CA21DB
:104F0400C921C919C919C921C819C919E921E9212E
:104F1400C921A821A821A921A921C921E921E9217F
:104F2400E921E921E921E921E921092ACC42737C1B
:104F340019AE9BBEBBC6BBC6BBC69ABE7ABE5ABE22
:104F44005AB67ABEBCC6DCC6BACE9AC6DBCEDBCEB7
:104F5400BAC69BC6BBC6BBC6BBC69BBE9BBEBBC6B6
:104F6400DBC69AC618AE96A55595759D75A553AD25
:104F7400B09C2C8C2C944B9C0994C472C47A879B4F
:104F8400A7ABC8B3A7BB87BB87BB46AB279BEBAB21
:104F94002A6C2B6C4B6C4C744B6C2B6C4B6C4B74A5
:104FA400AC7CAC7CCC84AC848B7C6B7C4B7C4B7CB1
:104FB4002D74CC6B4E7C539D37B699C679BE99C679
:104FC4009AC6BAC6BAC69ABE9ABE9ABE7ABE7ABE05
:104FD4009AC69AC69AC6BAC6BAC6BAC6BAC6BBC62C
:104FE400DCC6BCC67BBE9BBE7BBE9BBE5AAE358DAB
:104FF4004A3287198819A8218819A9218921CA2127
:10500400CA21CA21A921A921A919C919E9210A2A50
:105014000A220A220A220A22C92188198819882107
:105024008821A921C921CA21EA210A220A22EA21C6
:10503400E921E821092AAF5B979D9ABEBBC69AC6AF
:10504400BBC67ABE39B6F8ADF8AD19B65ABE7BBE4A
:105054009AC6BAC6BACEBBCEBAC6BBC6BBC6BBC658
:10506400BBC6DBC6DCC6BBC618AE3595927C3074B5
:10507400D484F8AD79BE38BED5B532A5CF9C8D9C0D
:105084002B94C56A846A468BA8A3A8AB87B3A7BB35
:1050940066BB87B3A8AB4CBC4B6C4B6C4B746C7449
:1050A4006C742B6C2B6C4B6C8C7CAC7CAC7CAB7CB8
:1050B4006B7C4B7C4B742B742C740C740C748F7C35
:1050C400739D36B678BED9C6DAC6BAC699BE99BE3D
:1050D40079BE9ABEBAC6BBC6BAC6BAC6BAC6DACE14
:1050E400DACEDBCEDBCEDBC6BBC6BCC69BBE7BB694
:1050F4003AAE7AB618A6316CE921A821C921C92192
:10510400A921A921A921EA29CA21A921A921A921E1
:10511400EA214B2A8B3ACC3ACD3ACD3ACD3AAD3A44
:105124006C3A0A2AA92189218921A921CA21CA21E3
:10513400EA21EA21EB21EA21E821092208220D4B88
:10514400F48439AE9BBE9ABEBBC69ABE7ABE39B64B
:1051540018AEF8AD19AE19AE59BE9AC69AC69AC61B
:10516400BBC6BBC6BBC6BBC67ABE9ABE5AB6979D63
:1051740052744D53CC420C4BB47C19AE9BC69AC6A8
:1051840099C657C6F5B572ADCF9C6973C66A277BBD
:10519400A89BC8AB87ABC8B366BBA7BBC9B36CBC81
:1051A4002B6C4B6C6B746C746C744C744B744B74D0
:1051B4008C748C7C8B7C8B7C8B7C6B7C4B7C4B7C59
:1051C4002B744C742C740C6C8F7C5295F5A5B8BE62
:1051D400D9C6D9C6B9BEB8BEB9BEB9C6DAC6BAC68A
:1051E400BAC6BAC6BAC6BAC6BAC6BAC6BAC6BBC6BA
:1051F400BBC6BBC65AB6F8A5F8A559AE558DEC4248
:10520400E921C921C921C921A921A921A921CA2189
:10521400CA21CA21C9212A2A8C3A0E4B6F538F5BAB
:10522400B05BB05BB05BB05B6F53CD4A4B3A0A32B4
:10523400C929CA29CA29CA21EA21EA21EA21EA217B
:1052440009222A2A09226A32F063969D9ABEBBC6B5
:10525400BBC6BBC6DBC6DBC67ABE59B639B639B6E1
:10526400F8AD18B6F8ADD7A5F8AD19AEF8AD97A559
:105274005695F48C31746E5BAB426A32AB3A2E4B6A
:10528400D48439AE9BBE7ABEBAC6B9CE98C677C6A8
:10529400F5BD10A5EB83487B688BCAA3C9AB88AB6B
:1052A400A6BBC7BBE9B36CBC2B6C4B746B746C743E
:1052B4006C746C746C748C746B748B7C8B7C8B7C56
:1052C4008B7C8B7C6B7C6B7C2B744B744C740B6C69
:1052D4002C746E7CF084D4A576B677BEB8BEB8BE06
:1052E400D9C6F9C6DAC6DAC6DAC6DAC6DAC6DAC69C
:1052F400DAC6BAC6BAC6BBC69BBE5AB6F8A5979D4F
:10530400F8A518AE7274292AE921C921C921C92135
:10531400A921A921A921A921CA21EA294B32CD42D7
:105324004F53D05BF063F0631164F163F163F16B8D
:10533400D16B8F5B0D4BAC42E929C929A921C92145
:10534400E921EA21EA210A2209222A2A09222A2A0F
:105354002E4BF48C7ABEDBC6BBC6BBC6DCCEFCCE01
:10536400DBC69BBE9BBE9BBE39B6969D937C116CDF
:10537400F163116CF16BB0632D53CC4A6B3A4A3232
:105384004A32AC3A8F5B526C56955AB69BBE7ABE83
:105394009AC69AC6BAC6BACE78C657C673ADCB8378
:1053A400087B899BCAABA9ABC7BBC8B3C9AB6CB4F8
:1053B4002B744B744B746C746C746C748C748C7C24
:1053C4006B746B748B7C8B7C8B7C6B7C6B7C6B7C51
:1053D4004A742A744B742B740B6C0C6C2C6C8E7C7E
:1053E400108D5295B39DF4A516AE57B678BE98BEEF
:1053F400B9BEB9BEBAC6BAC6BAC6BAC69ABE9ABE0B
:1054040039B6D8A5D8A5F8A57AB6D79D6E53082283
:10541400EA29E921C921CA21A921A921AA21891995
:10542400EB296C3AEE4A905BD063F163F063F0636E
:10543400F063F063F063D063D063D0638F634E5B3B
:105444006B3AE929A821C821E921E921E9210A22A5
:10545400E9210A222A2A2A2AAC3A116CF8AD9BBE09
:10546400BBC69BC6BBC6BBC6BBC6BBC6BBC6DBC630
:1054740019AE937C2D4B8B3A4A326B326B324A32E3
:10548400092A0932093229324A32AC3A6F5311647B
:10549400358D39AE9ABE9ABEDBC6DBC6DBC6DAC62C
:1054A40099C6B9CE77CEF1ACAB8B6993899BAAAB85
:1054B400C7B3A8ABC9A36CAC2B744B744B744B74BB
:1054C4004C6C4C746C746C744B744B746B746B7464
:1054D4006B744B744B744B744A742A742A740A6C3C
:1054E4002B744C74EB6BCB63CB5B0C6C4D744E74B4
:1054F4006F74B07CF18C3295959DB59DD6A5D6A5DB
:10550400D6A5D6A5B6A5B6A5B7A5769DF8A57AB6AF
:10551400BBBE558D8A32C719EA21C921C921EA21A6
:10552400A921AA21CA21AA214C32EE4A915BF26B2D
:10553400F163F063F0631064F0631064F063CF63AD
:10554400CF63F06B106CF06B2D536A3AC829E821D5
:10555400092AE821E8210922EA210A220A2A0A2A38
:10556400E9212E4B56955AB6FCCE9BC67ABE9ABEFE
:105574009ABE9ABEBBBEBBBE76958F5B4A2A292AC9
:105584000A2A0A2A2A2A0A2A4A324A322932092AA1
:10559400092A2A328B32CD3A106C559518AE7ABE50
:1055A400BBC6BBC6DBC6DBC6FBCEB9C6B9D636CED8
:1055B400F0B4CB9B499369A387ABA8A3C99B6DACFB
:1055C4004C740B740B6C0B6C4B6C4A6C2A642A6421
:1055D40009642A6C2A6C2A6C2A6C2A6C2A6C2A6448
:1055E400096C2A6C0A6C09642A6C4B6C2A64EA5BA9
:1055F400A953484B89536953E73AA632E8422943F1
:105604008B53CC5BED632F6C50740F6C51743495D9
:1056140096A5B7A5D7A55AB65AB6126CE929A81902
:10562400EA21EA21CA21CA21CA218919A919EA2928
:10563400ED426F5BF163116CF16BF16BF16BF06B2D
:10564400F163F063F063D063F063F06BF06BCF6BE6
:10565400CF634E536B3AE921E921E921E9210A227A
:105664000A22EA21EA21E921E929AC423274779D30
:105674009BC6BCCE9BC639B6F8AD5AB67ABE39B60F
:10568400B3846A3AE829092AC821E9290A2A0A2A94
:105694000A2A0A2A4B326B322A2A092A292A092A77
:1056A4008C3AD06336953AB6BBC6BBC6BAC6DBCE17
:1056B400DBCE9ACE9ACE79CE17C633AD5094CD8335
:1056C400CA83AA83AA836D9C4C7C4C744C742B6C47
:1056D4002A6C2A642A640A64E963E96309642A6C0B
:1056E4002A6C4A6C2A6C0A64E96B096C096C0A64BA
:1056F4002A6C4B6C0A64C95B2743C632C73AE73A43
:10570400652A0422252A462A262A8832A93ACA4228
:10571400EB42EB4A8E63D384769DB384F48CB7A5B5
:10572400158DED4A8819A821CA21EA21CA21CA2166
:10573400CA21A919C9214B32705BB163F16BF16BBA
:10574400F16BF16BF16BD063F163F163F063F063C0
:10575400F06BF06BF06BF06B3174AF63EC4A2A3290
:10576400E929E921E921EA210A22EA21EA210A2296
:10577400C921E929ED4AF16B159519AE39B635956C
:10578400158D19AE7ABEB7A5CF63E829A721C82124
:10579400C9210A2A0A2A0A2A2B320A2A0A2A4A323E
:1057A4008C3ACC420D4B0D4B0D4B8F5B937CD8A5A3
:1057B4009BC6BBC69AC6DBCEBAC69AC69ACE99CE4B
:1057C40079CE17C695BD53B58E9C6E940C8C8EA461
:1057D4004C748D7C8D7C4B6C2A642A642A640A6424
:1057E4000964096409642A6C2A6C0A64E963C95B64
:1057F400A85BA85BC95BC95BC95BE95BC95B484B38
:10580400A53224224422862A662A462A6632873210
:10581400472A4732272A0722E82949324D539384DD
:10582400B3846E5BAF63727C4E53A8216719C921A0
:10583400CA21EA21CA21CA21CA21A921EA29CD42C1
:10584400B063D163F16BF163F16B116C116CF16BAB
:10585400116C116C116C116C116C106C106C116C5E
:105864001174F06B6E5BAC3A0A2A09220A22EA210F
:105874002B220A222A220A2AE921A821E9294A3AC2
:105884008F5B158D769D1174AF63B3843595727CEF
:10589400CC42C8218821C9210A2A4B320B322B2A37
:1058A4000B2AEA290A2AAD42F163D484158D158D99
:1058B400D484D484158DD7A57ABEBAC6BAC6DBC63D
:1058C400BAC6BAC6BACE9ACE99CE99D679D658D691
:1058D40015C6D4BD53B5B4BD2B6C4C746C746B74C9
:1058E4004B6C4A642A6409640964E963E963C95B2B
:1058F4008853474B2643264348534753885BA95B49
:105904008853A953884B063B642A23220422452248
:10591400662A8732A832A732A93A6932E721A71941
:10592400A721E929AC426F5B0D4B4A328B3AAC425A
:10593400A82106098819EA21CA21EA21CA21CA2113
:10594400CA21A9212B322E53B163F163F16BF16BA0
:10595400116C116C116CF06B116C116C316C316C3D
:10596400116C116C116C1174F06BD063AF632E4B1E
:105974004A32E921EA210A222B222B2A2B2A0A2243
:105984000A220A2AC9216719092A0D4B8F5BCC42C6
:105994006A3A0D4B6E53EC4A0A2AA82188198819D1
:1059A400C921EA29CA21EA29EA29EA292B2A4F53DB
:1059B400F68C3AAE7BB67BB67AB67AB659B659B699
:1059C4009ABEDBC6DBC6DAC6DBC6DBC6BAC69AC677
:1059D40099C699CEB9D699D6B9D678CE17C658CE27
:1059E4000A6C0B6C2B6C4B6C2A642A640964096482
:1059F400E963C95BC95B885306438432642AA532D0
:105A0400A63AC63A274B474B074327432743C53299
:105A14004422442245224522462A88328832672A73
:105A2400282AE721A719A719A821C821C9290A2AC0
:105A3400E929A821E929A821E6080609A921EA21DA
:105A4400EA21EA29CA21CA21C921C9216C3A905BF9
:105A5400F163116C116C116C116C116C116CF06BA5
:105A6400116C116C316C316C116C116C116C116C0A
:105A74003174F06BF06B8F5B8B3AC819C9190A2A21
:105A84000B222B220B22EA21EA212A2AC9214711BF
:105A94008719C821092A092A092A4A324A32092AB5
:105AA400C921C921892168198919A921AA21EA29A9
:105AB4000B2AEB292B322F53D5841AAE7BB69BBE0F
:105AC400BAB6DBBEDABE9ABEBABEFBC6FBC6DAC63F
:105AD400DBC6DBC6DBC6BAC69AC6BACEBACE99CE88
:105AE400BAC6BACE79C6DACE0A6C0A640A642A64E3
:105AF4002A640964096409640964E963E963A85BC5
:105B0400E542232A0322642A452A6532A632C63A8C
:105B1400A532C632E632A52A6422A62AC732872ACB
:105B2400A832A8328932482AC821A721A819A82155
:105B3400A821A921A921A921C921C921C9298819D3
:105B440026094711C921EA29EA29EA21CA21CA21D9
:105B5400C921EA29AC42B05BF16B116C116C116C78
:105B6400116C116C116C106C116C116C316C316C0A
:105B7400116C116C106C106C3174F06BF063B05BD1
:105B8400AC42C921A8190A2A2B222B222B220A2231
:105B9400EA21C921A919A819A819A819E9212A2AA9
:105BA400092209220922E921EA210A2ACA2189199A
:105BB400A921A921AA210B2A0B2A0B2A0B2ACD429F
:105BC400126C779D5AB6DCC6FBBEDABEBABEBABE4C
:105BD400DABEBABEBABEDBC6BABEDBBEDBC6BBC665
:105BE400BAC6BACEBACEBACE99BEB9C699BEFACEA4
:105BF4000A6C2A6C2A6C2A6C09640964E963E963F7
:105C0400C85BA85BA85B885B0643442A2322442A1A
:105C14008632A632A632A632C632273B273B273B22
:105C24000733283B083BC832A832682A2722E721D9
:105C3400C821C821C921A921A919A921C921C9217A
:105C4400EA29E929EA29A82147116819CA210B2A56
:105C5400EB29CA21CA21EA21C9210A2AEE4AB063E2
:105C6400F163F16B116C116C116C116C116C106C93
:105C7400116C116C116C116C116C116C116C106C39
:105C8400116CF06BD063D0632E4B2A2AC9190A22F7
:105C94002B222B220B22EA21EA21C919C919C92175
:105CA40067118819E921092AE921E92109222A2A07
:105CB400CA21EA29CA21CA21CA2189198919CA21F2
:105CC400EB29EA290A2A4B320D4B5274B89D9BBE2C
:105CD400DABEDABEBABEB9BEBABEBABEBABEDAC699
:105CE400BABEBABEBABEBABEBAC6BAC699C699C612
:105CF400D9BED9BE98B6B9BEC9630A6C2A6C2A6CDF
:105D040009640964E85BA85B675347536853A95B5C
:105D14006853C63A8532C63AC73AE73AA632A6323B
:105D2400073B684389438943483B493B093BC932A4
:105D340089322822E719E821C921C921E921EA2960
:105D4400CA21CA21EA29A921E921C921E929A819D5
:105D540027116711EA29EA29EB29A921CA21EA2195
:105D6400C9212B322E53D063F16B116C116C316C41
:105D740031743174116CF06B116C116C116C116C09
:105D8400116C116C116C116CF06BF06BF063F163BE
:105D94008F5B8C3AE921E921EA190A220A22C919FE
:105DA400EA212B2A0A22C919E921A819A819E921EB
:105DB4000A222A220A22E921EA29EA29CA21EB290C
:105DC400EB2989198919A921CA21C921C921C82105
:105DD400C821EC4252745595F7A579B6DABEB9BE1E
:105DE400BABEDAC6DAC6DABEBABEBAB6BAB6BABE8F
:105DF400B9BE99BE78BE78BE97AE57AED59DD59D37
:105E04004A74096C0A6C2A6CE963E963E96B875B81
:105E14004753A963C9632B6C8D7C0B640743C63A53
:105E2400E83AC83AC732C732E732483B8943693B4C
:105E3400483B0833E932882A0722C719C719C81909
:105E4400C921C921C921CA21CA21CA21CA21C921FA
:105E5400EA29E929E9218819260968198919EA2111
:105E6400EA21CA21CA21C921A9216C3A8F5BD063D6
:105E7400116C116C316C316C3174316C106C106CB0
:105E8400116C116C116C116C106C116C116C116C27
:105E9400F06B116C116CF16BB05BAC3AC821E92169
:105EA4000B22EA19EA19EA19EA21EA21EA21EA218C
:105EB400EA21A9198811A819E9210A220A220A2229
:105EC4000B2A0B2A0B2A0B2AEB29CA216919271141
:105ED40048118819881946112509661169322C4B15
:105EE400306CF384959D58B699BEB9BEDAC6BABE75
:105EF40099B658AEF69DB69DD69DB59D749D5395A5
:105F040052858F74CC5B2D64CC8C8C848B848B8475
:105F14006B7C6B7C8B844B7C6B7CAD84EE94509D52
:105F2400919D0F8D0B64484BE83AC732C732C73294
:105F3400E732283B693B6943293BA72A6722071AB2
:105F4400C619A711A819A821C921C921C921CA2183
:105F5400CA21EA29EA21CA21E921E929E929A82152
:105F6400261168198919CA21CA21CA21EA21CA211C
:105F7400C921AD42D063116C116C116C316C316C60
:105F84003174116C106C106CF16B116C116C116C20
:105F9400116C116C116C116C116C116C316C116CF5
:105FA400D063ED42E921E9290B220A22EA19EA1910
:105FB400EA21EA21EA21EA21EA21A9198811A8198A
:105FC400C919EA210A220A220A2A0B2A0B2A0B2AB5
:105FD4000A2AEA21A919481126096719A82187194B
:105FE400250904096511C6218932EB424C530F6C13
:105FF400B2845495D6A537AE17AEB59DF2842F6CF6
:10600400CD5B8B534A532A4B4A43E83A6732094BD8
:106014008FAD8FAD6FA56FA54E9D6FA56FA56FA5B5
:106024006FA590ADD1ADF2B5F2ADB2A5CE84A95BAA
:10603400C83AA732A632A732C72AE732293B693BBE
:1060440009334722C611A6118611A719A819A92137
:10605400C921C921C921CA21CA21EA21CA21E921A8
:10606400E921092A092AA82126118819A919CA216E
:10607400AA21CA21EA21A921EA29ED4AF163116C76
:10608400116C116C316C316C116C116CF06BF06B28
:10609400F16B116C316C116C116C116C316C116CF5
:1060A400316C316C3174316CF1630D4B0A2AE92186
:1060B4000A220A22EA19EA210A22EA21EA21EA2129
:1060C400EA21C919A91988118819C919E9210A22CB
:1060D400EA21EA290A2A0B2A0B2AEA29C921A81942
:1060E40067118719C721E821C619641143094309B7
:1060F4008519E621C621272AC9422B53CD63707422
:10610400F28412859074ED5B4B4BC83A6632052AD3
:10611400462A462A052AC842D0B5D1BDD0B5B0B565
:10612400B0B5B0B5B0B5B0B5D1B5D1B5D2B5F2B59D
:10613400F2B5B1A5AD7C8953E73AC732A632862AB7
:10614400A62AC72A08330933A82A06128509A611E4
:10615400C819C821C921A921C921C921C921CA2114
:10616400CA21CA21C921C921E9210A2AE921881998
:1061740027118919A921AA21AA21CA21CA21A91949
:106184000A2A2E4BF16BF063116C116C316C316C7B
:10619400116C116CF16BF06BF16B116C116C116C77
:1061A400116C116C116C116C3174316C5274316C52
:1061B400F1634E532A2AC8210A22EA21EA210A223B
:1061C4000A22EA21EA21EA21EA21EA21C9198811ED
:1061D4006811A919C921E921CA21EA21EA290B2A4E
:1061E4000B2A0A2AEA21E921A8196611861907222D
:1061F400072AC5196411841106228832272A062A1F
:10620400262A262A6732E9424B4BCD5B0E64CD5BCE
:106214006B4B0943A732462A67324632E529C94AFD
:10622400B0BDB0BD90B58FB58FB590B590B590B5F4
:10623400B0B5D1BDD1BDF2BD33BE91A54C74074BF1
:10624400E73AC732A632662A8622C72AE832A82A43
:10625400461AC5118609C719E821C921C921A921EE
:10626400A921C921C921CA21CA21CA21CA21CA21F5
:10627400EA21E921A819471106098919A921AA21A6
:10628400AA21CA21A921A9194B326F5B116CF063B1
:10629400116C116C316C316C116C116CF16BF16B14
:1062A400F16B116C116C116C116C116C116C116C23
:1062B400316C316C3174116CF1636F536B32C821E2
:1062C4000A22EA21EA210A220A22EA21EA21EA210F
:1062D400EA21EA21CA21A9198819A921CA21EA2196
:1062E400EA21EA210A2A0B2A0B2A0A2A0A2A0A2A5A
:1062F400C821661186110722272AC519C519262A1D
:1063040009438B530943A83AA83A873A673267325C
:10631400672AE93A0A43C932A832A832A732A73217
:10632400A842463AC529C94AD1C5B0C590BD6FB582
:106334006FB58FBDB0BDD1C5B0BDD1C5D1BDD2BDC6
:1063440013BE91A52C740753E73AE73AC632852A5F
:10635400862AC72AC82A6722E611A611A611C819D7
:10636400C921C929CA29CA29A921C921CA21EA29B5
:10637400EA21EA290A220A2AEA21C9216819E60837
:10638400C6008919AA218A198919A9198919C92143
:10639400AC3AB05B116CF16B116C116C116C316C1B
:1063A400116C116C116CF16BF16B116C116C116C43
:1063B400116C116C116C116C116C116C116C116CF1
:1063C400116CB05BAC42C9210A22EA210A220A22DA
:1063D4000A22EA21EA21EA21EA21EA21EA21CA2160
:1063E400CA21EA21EA290A2A0B2AEA210B2A0B2AC2
:1063F4000B2A0A2A0A2A0A2AE921A719A619E72137
:10640400E621E62188326B530C642D646A4BE83A2A
:10641400E83AA73A66322522462AC832C932872A80
:10642400672A872AA732C83A873A0532C429295BE2
:10643400B0C590BD90BD6FBD0EAD2EB5B0C5B1C594
:10644400B1C5B1BDB1BDB1B5D2B5B1ADAD84485BD7
:10645400C632C632C732C632A72AC72AA82A461A63
:10646400E611C611E719E921C921CA29CA29AA29AD
:10647400C921CA21EA29EA29EA29EA290B2A0B2A8D
:10648400EA21C9216811C600A5008919AA21AA21F7
:106494008919A919A9210B2AEE4AB163F16BF16B91
:1064A400116C116C116C116C116C116C116CF16B21
:1064B400116C116C116C116C116C316C316C116CB0
:1064C400116C116C116C116C116CF163ED4A092A99
:1064D4000A220A220A220A220A22EA21EA21EA21BB
:1064E400EA21EA21EA21EA29EA29EA29EA290A2A07
:1064F4000B2A0B2A0B2A0B2A0B2A0A2AEA29E92936
:10650400E921A7198619A619C62167324B4B2E6CAF
:106514006D6C0C5C2843A6328632452A2522051A66
:10652400662AC832C932A82A882A872A872AA73223
:10653400E429621982218A6370C570BD90C56FBD5C
:10654400EDAC0EAD70BD90C590C590BDB1BDB2BDF2
:10655400B1B5F2B52F9D8963C632C632E732E73250
:10656400C732C72A8722271AC611C711E821E92191
:10657400C921C921AA298921C921CA21EA29EA29CB
:10658400EA29EA21EA210A22EA21EA216819C60055
:10659400A5008A19CB21AB21A921CA21EA216C3A91
:1065A4004F53D163F16B116C116C116C116C116C44
:1065B400116C116C116C116C116C31743274116C9E
:1065C400116C316C316C116C116C116C116C116C9F
:1065D400116C116C2D4B092A0A220A220A220A2262
:1065E4000A22EA21EA21EA210B2AEA21CA21EA291C
:1065F400EA29EA29EA29EA292B2A0B2A0B2A0B2A57
:106604000B2A0A22EA21E921092AE821C719A61935
:10661400272AE942AC5B0E6CEB5B894BC632652AD8
:1066240044220422452A662A8732C832A82A6722CD
:106634004622462246226722C2294119A2290C7CFD
:106644008FBD6EBD8FBD6FBD0DAD4EB5B0C5B0C5B0
:10665400AFBDAFBDD0BDB0B5D1B5F1B570A5EA6BD6
:10666400A632852AA632C732C83AC83A2722A511CB
:10667400A619C821E921C921A921A921A921A92152
:10668400C921CA21EA29EA29EA21CA21EA21EA29F7
:10669400EA29C921A8190609E6008919CA21CA21CB
:1066A400A921A921EA29AD42905BD063F06B116C5A
:1066B400116C116C116C116C1174116C12743274B4
:1066C4001174116C116C116C116C116C116CF16BF7
:1066D400F16B116C116C116C316C116C2E53292AF5
:1066E4002A220A220A22EA21EA21EA29EA29CA21DB
:1066F400EA21EA21EA21EA21EA210A220A220A2AD3
:106704000A2A0A2A0A2A0A2A0A220A22EA21EA2147
:10671400C921E929E821C721E621C83ACC5BEB5B12
:10672400284BC632852A441A2412A62A083B083B61
:10673400C83A872A662287226622251A051A252244
:1067440084312221264A0D8CB0C56FBD8FBD6FBD2B
:106754002EB54FBDB0C5B0C5B0BDB0BDD0BDB0B590
:10676400D1B5F2B5D1ADAD842843C632C632C732F5
:10677400C73AA83206226409A719C821C821A92149
:10678400A921A921A921A921CA21EA21EA21EA21D1
:10679400EA21EA21EA290B2AEA21E921C921471140
:1067A4002711CA21CA21CA21A921A921EA29CD4A2E
:1067B400B063F16BD063F06B116C106C116C116CE5
:1067C4001174116C127412741174116C116C1174B3
:1067D40011741174116C116C116C116C116C116CBD
:1067E4003274116C2E53292A0A1A0A22EA21EA2148
:1067F400EA21EA29EA29EA29EA29EA29EA21EA2115
:10680400EA21EA21EA21EA210A2AEA290A2A0A2AA9
:106814000A220A22EA21EA21EA21092AE829C721CF
:10682400E621A8326A4B8A4BE73AA6326522241A3B
:10683400441AC62A283BE83A672A46224622872277
:1068440087226622462A662AA5398331875A6E9C96
:10685400B0C56FBD6FBD6FBD2EB54FB58FBD8FBDBC
:10686400AFBDB0BDD0BDB0B5D0B5D1ADF2B52F9DE3
:106874004C648A532843E73AE83AC83A26228511F9
:10688400C719C821A819A921C921C921A921A92148
:10689400C921C921CA21CA21CA21EA21EA29EA292E
:1068A400CA21EA21E92168196819EA21CA21AA2121
:1068B400AA21A921EA29ED42D063F16BF06BF06BB8
:1068C400116C116C116C317411741174116C12749B
:1068D4001174116C116C117411743174317431743C
:1068E400116C116C116C116C326C116C2E53092AE1
:1068F4002A220A220A22EA21EA29EA29CA29CA21E1
:10690400EA29EA29EA21EA21EA21EA21EA21EA211B
:10691400EA29EA29EA290B2A0B2A0A22EA21EA218E
:10692400EA290A2AE929E721E621672A2943294392
:10693400083BE73AA62A6522A5220733083BC83A52
:10694400662A66226622662266226622662A462A0B
:10695400A439E441096B8FA490BD70BD70BD50BDD6
:106964002FB54FB56FBD8FBDD0BDD0BDD0BDD0B597
:10697400F1B5D1ADF2AD709D30852C6C8A53494B85
:1069840049430943672AC619E721C819A819A92147
:10699400CA21C921A921A921C921C921CA21CA21E0
:1069A400CA21CA21CA21CA21CA21EA29C9216811D6
:1069B4006819EA21CB21AA21CA21CA210A2AED4257
:1069C400D063F16BF06BF16B116C116C116C317461
:1069D40031741174117412741174116C116C116C82
:1069E400116C31743174116C31743174116C116C1B
:1069F400116CF1632E4B292A2A220A220A22EA2147
:106A0400EA29EA29CA29CA21CA21CA21CA21EA21B2
:106A1400EA210A2AEA29EA29EA29EA29EA290B2A9F
:106A24000B2A0A22EA21EA21EA21EA29E929E821B2
:106A3400E621472A29434943494349430733C62AA0
:106A44000733493B283BC732A732A7328722661A4D
:106A5400451A4522452A252A623125526A7B8EA48D
:106A640091BD70BD71BD70BD4FBD4FB58FBDB0C57B
:106A7400AFBDAFBDCFB5D0B511B6D1ADD1AD509D81
:106A840010854D6CCB5BAA53AB536A4B672AA51197
:106A9400C719C719A819A921C921C921A921C9211F
:106AA400EA21EA21CA21CA21CA21CA21CA21A9216B
:106AB400C921E921A92127116819CA21CA21CA219A
:106AC400CA21CA210B2AED4AD063F16BF16B116C18
:106AD400317431743174116C116C317432743274D8
:106AE4003174116C116C116C116C116C116C116C92
:106AF400116C31743174116CF16BD0632E534A32C2
:106B04000922E919E921EA21EA29CA21CA21CA216B
:106B1400AA21CA21CA21EA21EA29EA29EA29CA21A1
:106B2400EA29EA21EA290B2A0B22EA21EA21CA21CD
:106B3400CA21EA29E929082AE621472A29436A4B76
:106B440029434943483B28336943AA4B4943E83A1C
:106B5400C832E832C72A862245224522452A252AF8
:106B64004139A662CB8B6DA471BD71BD71BD70BD81
:106B740070BD4FBD8FBDD0C5AFBDAFB5AFB5B0AD66
:106B8400D1B591A591A5309DCF7C2D6CEB5BCB5BF2
:106B9400CB5B8B538832A519A619C819C821C92102
:106BA400C921CA21A921CA21EA29EA29CA21CA215B
:106BB400A921A921A921C921A921C9218819060925
:106BC4004811CA21CA21CA21A921A9210A2AEE4AA7
:106BD400D163116CF16B116C116C116C116C116C33
:106BE400116C32743274327431743174116C116CEE
:106BF400116C116C116C116C116C3174326C116C60
:106C0400F16BF0634E538B3A2A220922E921E921E0
:106C1400CA21A92189196819A921CA21EA21EA29C5
:106C2400EA29EA29CA21CA29EA29EA21EB210B2AFD
:106C34000B22EA21EA21EA21EA21EA29092A082A7F
:106C4400E721272A09434A4B29432943493B693B06
:106C5400AA43AB4B6A43083BC832C832C72A8622D0
:106C64006522452A242AE329A241287B0B946DA49A
:106C740070BD70BD70BD70BD70BD6FBD8FBDD0C522
:106C8400CFBDD0BD8FAD2E9D4F9D0F953095F09407
:106C9400AF7C2D6CEC63CB5BCC5B8B53883285195A
:106CA400A619E821E921C921C921CA21CA21C9217A
:106CB400CA21EA21CA21A921A921A921A921CA21DC
:106CC400A921C9214711C5002709A921AA21AA215F
:106CD400A921A919EA29ED4AD163116CF16B116C50
:106CE400116C116C116C116C116C3274327432743D
:106CF4003174116C116C116C116C3174116C116C58
:106D0400116C116C326C116CF16BF1634E538B3A54
:106D14002A220922E921EA21C921881947112711C8
:106D24008919A921EA210A2AEA29EA29EA29EA2968
:106D3400CA21CA21EA210B2A0B220B22EB21EA29C0
:106D44000A2AEA29E929092AE7212722C93A094313
:106D54002943093B493B8A3B8A3B8A436A43083BB4
:106D6400C832C82AA72A86226522452A042AC329AA
:106D74002462898B0B9C8DAC70BD70BD6FBD70BDE2
:106D840090BD8FBD8FBDCFBD8FB58FB52D9D6C844C
:106D94004C7C0C742D7C2E7C6E740D6C0C6CEC6332
:106DA400CC638B53473243098519C721C8218819FD
:106DB400A919CA21C921A919C921CA21EA29CA21A3
:106DC400CA21A921CA21EA21C921C9212711840084
:106DD400E60068198919AA21A921A819C921CD4257
:106DE400D063116C116C116C116C31743174116CB1
:106DF400116C3174116C116C116C116C116C116C7F
:106E0400116C316C316C316C116C316C316C116CF6
:106E1400F16BF1634E536B320922E921E921E92137
:106E2400C92188194819471127116819A921EA218C
:106E3400EA29EA21CA29EA29CA21CA21EA21EB213D
:106E44000B2A0B220B2A0B2A0B2AEA29E929092AE5
:106E5400E8210722A832C932093BE832293B693BC1
:106E6400493B493B493BE832E832C72AA62266221D
:106E74006522452A2432033AA572CA9BEB9BAEB421
:106E84006FBD90BD6FBD4FB56FBD8FBDAFBD8EB52E
:106E9400AFB5AFB5ED94896B0C7C8B630E749084A5
:106EA4008F7C6E740D6C4E742D6C6B53A419E200C0
:106EB4004409E721A7198719A919A921CA21891900
:106EC400A921C921EA29EA29EA29CA21C921C92112
:106ED400C921C9218719A40084006819A921A921FD
:106EE400C921C921E921AC3AB0633274116C116C27
:106EF40031743174317431743174316C116C116CBE
:106F0400316C116C116C116C116C116C316C52740C
:106F14005274316C116C316C116CF1634E536A32E2
:106F24000922E921E921E921EA29C929A9218819A4
:106F34000609C6006819C921E9210A2AC929EA29CA
:106F4400CA21CA21EA210B2A0B2A0B2A0B2A0B2A53
:106F54000B2AEA29EA29092A0822E72106222622FD
:106F6400C832093B293B08330833293B0833E8324C
:106F7400C832A72AA6226522652A242AC331444A94
:106F8400278BCA9B0BA46CB46EB56EB54EB56FBDA2
:106F94006EB54EB58FBDF0BDD0BDB0B58C8C6963F8
:106FA400CB6BAC6BF18C95A594A5D0846F74D08415
:106FB400118D2D6CE521C1000301C719C821A81941
:106FC400A8198919C921A921A921C921C921CA211D
:106FD400CA21CA21C921C921C921E921C821050918
:106FE400A40026098819A921C919C819E921AC3AAC
:106FF400B05B116C116C317431743174317431744F
:10700400316C316C116C116C316C116C116C116C34
:10701400116C116C316C316C316C116C116C116C24
:10702400116CF1634E534A3209220922E921E929FC
:10703400EA29C929C921A9216819E608471188192B
:10704400A821E929C921C921EA210A220B2A0B2AEC
:107054002B2A2B2A0B2A0B2A0B2AEA29E929092A8B
:10706400E821A611A511C519C83209330833E82A45
:1070740008332833293B293BE832A72AC62A85222C
:10708400652A232AC2318552899B0AAC0AA44CB4CE
:107094004EB52EAD2EAD6FB56FB56FB58FB5B0B51E
:1070A400D0B56FAD2B7CAA6B0D740E7474A517B696
:1070B40036B694A55295118D739593952A4B430931
:1070C4000309A619E821C821A821A919CA21CA219E
:1070D400C921C921CA21CA21CA21C921C921C92159
:1070E400C921E921C8214611C400E5088819A9214C
:1070F400C819A819C9218C3A8F5BF16BF16B3174F3
:10710400117431743174116C316C316C316C116CDB
:10711400116C116C116C116C316C116C116C116C63
:10712400316C116C116C116C116CF16B2E534A3271
:1071340009220922E929E929C929C929E929E929C9
:10714400A81906096711A719A719C821C821E82198
:10715400EA210A2A2B2A2A2A0A2A0A2A0A2A0B2A72
:107164000A2AEA29E929E929C72144094409A51178
:10717400C832093B093308330833293B493B6A4386
:10718400493B083307338522432A0232A131A55AE9
:10719400C9AB0AACEAAB4CB44EAD4EAD6FB56FB5EE
:1071A4006FB56FB56FAD90AD70ADEE94CA736E846C
:1071B4001195129517B659BE37B637B616AEF18C7F
:1071C400118D939DCD63C519A519C621C721C82169
:1071D400C921C921CA21CA21CA21CA21CA21CA2155
:1071E400CA21C921C921C921E921E921C821A71935
:1071F40026112509A821A821C819A819C8196B3274
:107204006F5BF16BF16B116C116C1174116C116C7F
:10721400316C316C316C316C316C116C116C316CC2
:10722400316C116C116C116C116C116C316C116C32
:10723400116CF16B2D534A320A22EA29EA29EA2910
:10724400C929C929E9290A2AA8194609E8190922D4
:10725400A719A719C721082AE9210A2A0A2A0922F3
:1072640009220A220A2AEA290A2A0A2AE929E921F8
:10727400C72145094409061AC832093B293B293369
:10728400293B493B6A438A4B8A43693B693B6422F5
:10729400232A233AE241C66AC9ABEAABEAAB6CB42F
:1072A4004FAD4FAD90B54FADEE9CAD9CCE9C50A56F
:1072B4000F9D6D8CAB6B319DF5B5D5AD78C679C698
:1072C40058BE37B657B65395D084D084CC5B47327A
:1072D400E621C619C721A821C821C921CA21CA216A
:1072E400C921C921CA21CA21CA21C921A921A82188
:1072F400C821C821A721C82166194611A821C8217F
:10730400E921C819A8194A324F53F16BF16B116C7A
:10731400F16B116C116C116C116C316C316C316C42
:10732400316C316C116C316C316C316C116C116CD1
:10733400116C116C116C116C116CF16BED4A2A32E9
:10734400EA29EA29EA29EA29EA29E929E929E921AC
:10735400A81966114A2AAB322822E719C71907224D
:10736400C921E9210922E921E921E9210A2AEA2995
:10737400EA290A2AE929E929C82165098511682A1F
:10738400E832093B293B493B493B493B6A438A4331
:10739400AA4BAA438943C532A53AA44A4352477B20
:1073A400C9ABE9ABE9AB8CBC50ADEE9CCE9C8D94E3
:1073B4002C840B840C84AE94AE8CEC7B8B6B529D32
:1073C40077BE17B658BE59BE79BE58BE98BEF5AD45
:1073D400118D6F7CAC5B6732A5198511A719C82183
:1073E400A821A921A921C921C921C921CA21CA21A8
:1073F400C921A921A821A821A721A7218619861975
:10740400451105098619E829E921E921C8192A2A1B
:107414002E53F16B116C116CF16B116C116C116CBE
:10742400116C316C516C316C316C316C116C316C90
:10743400316C316C316C316CF06BF063116CF16B4D
:10744400116CD063AB42092AEA29EA29EA21C92945
:10745400EA29E929E921E821C81966116A2A0C43B5
:10746400AA32482AE721C619C821E821E921E921DD
:10747400E921E921E929EA29E929E929E929E92987
:10748400C7216511C611892A2A434A436A436A43BC
:107494006A436A436A438A4BCA4BAA438943884373
:1074A4006853C552645A888BE9B3E9B309AC8CBC00
:1074B400CF9C4D8C0C84AB7B0C848F94AF94F09C4C
:1074C4008F8CAB6B4A63B08C36BE57BE99C679C6F7
:1074D40079BE99C6D9C636AE128D4E74AC5B262AD7
:1074E400A51944118619C821A821A9218821A921F7
:1074F400C921C921A921A921A921A921A821A821FA
:10750400A721A71986198619861986196619E829E3
:10751400E9210922C819092AED42D063116C116CC2
:10752400F16B116C116C116C116C316C316C516C10
:10753400316C316C316C316C316C316C316C316C5F
:10754400116CF063116CF16B116C8F5B4A32E92999
:10755400EA29EA29EA29EA29EA29E929E921E821A3
:10756400C819450148222C430B3BCA324722C5198E
:10757400C821C819C82109220922E921E921E929D8
:10758400E929E929E929E929C71986110722C93214
:107594008B4B8B4B6A436A436A43493B49438A4357
:1075A400AA4BAA438943EA53E963C5528462A99367
:1075B400E8B3C8B3E9ABACBC0C840C840C84AB73E7
:1075C4006E8CD4BD35C635C6D4B56E844A630E748C
:1075D400B5AD37BE79C679C679BE99BEB9C657B6B8
:1075E40053956F7C4E6CC942C52124096511A719B6
:1075F400C821C929A921A921C921A921A9218921F0
:1076040089218821882187198719A721E829082A2F
:107614008A3A4932A719E821C8190922C821E9215F
:10762400AC428F5BF16B116C116C11743174116C81
:10763400116C316C316C316C316C316C316C316C7E
:10764400316C316C316C316C316CF063116CF16BF9
:10765400116C8F5B2A32E829EA29EA29EA29EA2906
:10766400EA29E929E921E92187110401081A2B3BB8
:107674002B3B0A3B882A0622C819A719C8190922D4
:10768400092AE821C821E921E929C929E929E9299F
:10769400A719A619482A0B3B8B4B6A434A3B293B43
:1076A400293B0833083B493B8A43CA4BA9430A5C3C
:1076B4002A6C055BE56AEA9BE8B3C8ABE9AB8CBC12
:1076C400ED7BEC7BB08C6F84B08C37BEB9CE98C6A2
:1076D40037BED5AD0E7C6C63908CD5B578CE58BED4
:1076E40079BEB9C6D9C677B653956E74528D707487
:1076F400EA42C6216511A619C719C719C619E72197
:10770400E719C619A619C719E719A619E721693295
:10771400893A893ACA3A0B432C4B0C4B082AC719AD
:10772400E821C819E821C9212B324F53126CF16B9F
:10773400116C116C31745174316C316C326C116C8C
:10774400316C316C316C316C316C316C316C316C4D
:107754003274116CF163116C326C6F536B32E9212A
:107764000A220A220A2209220922E921E921E81926
:10777400A611030168222A3B2A3B093BE832A72AC7
:10778400E619A611A611E71908220722E719E8212C
:107794000822E8218611C719E819C7190822AB3A4B
:1077A4002A43A832C9322B430A43672A2522E83ADE
:1077B4008A53EB530C5C0B64CA6B276B4683C89BE0
:1077C400C8BBA8B3C8A36CB40D7CED7BB08CB18CE2
:1077D400129537B658BE98C6DACEB9CE74A5708461
:1077E400EE73B18C17BE78C699C699C698BE37B6E3
:1077F40052956F74B49D1285CD5BCA3A0822A619BE
:10780400861186118611C619C619C619C619E7212B
:10781400282A69322B4B0F640E64CD638C532B4B97
:10782400CA420B438A32E721E821C719A819A819CB
:107834000A2A0E4BF26BF16B116C116C317451749A
:10784400316C516C5274316C316C316C316C316C03
:10785400316C316C316C316C3174116C116C116C94
:10786400116C2E4B4A32C821E921E921EA2109226F
:107874000922E921E819E819A6112401682A2A3BFA
:10788400293B293B0833E73228228509240185094D
:10789400C619C619C719E719E719A7194509A71180
:1078A400A7198611A711492AC93A0A430E64137D00
:1078B400F27CAC53E83A08438A53CB53EB5BCB637B
:1078C400CA6B276B6783E8A3C8BBA8B3C8A38CB4EF
:1078D400ED7B0E7C129DB5AD17B679C658BE79C640
:1078E400B9C6B9CE58C675AD5084918C37BE99C609
:1078F400BAC6BAC699C657B6328D0D6C128D4F747E
:10790400AD5B4C4BEB428932492A282AE7210722F6
:10791400682A682A682A6832A93A0A43EE63F1841D
:10792400F184D17C0E64EA42062268328932E7216E
:10793400E821C719C819A819EA21CE42B163F16B2D
:10794400116C106C316C3174316C51745274326C32
:10795400316C316C316C316C316C316C316C316C3B
:10796400116C116C116C316CF1630D4B2A2AE921F5
:10797400E921E921EA21092209220922E819C81981
:10798400A6116509892A2A3B2A3B093B293B08336E
:10799400892AE6194401440165098511A611E719EC
:1079A400C719851124018611A611C719E8198A324D
:1079B4002B4B706CB59599B637A6D17CED636A4BA9
:1079C4008A4BCB53EC5BEB63CA6B076B678B09A4E5
:1079D400C8BBC8B3C8AB8CB40E7C5084B5AD79C6F3
:1079E40099C6BAC679BE79BE79C699C6BACE58BE0A
:1079F40034A5349D18BE38BE79C679C679BE98BE02
:107A040053950E6CD1840E648C538D536C4B0B4385
:107A14000B432B432B43AD530E64ED5BCD5B8C5377
:107A24006C538B53ED638F741185328D4E6C2A4BDE
:107A340006220722482A0722E719E819E921E92141
:107A4400EA298C3A705BF16B116CF06B106C306C42
:107A5400316C31745274316C306C306C316C316C0B
:107A6400316C316C316C316C116C316C326C327440
:107A7400F163ED42092A092A0A220A220A2209226A
:107A840009220922E819C719A611A611A9322A3B0D
:107A94002A3B09330833E832A92A882A061A6409DA
:107AA40043018409C611C619071AC611A511072274
:107AB400482AAA32AA322C43EE63959558AE99B659
:107AC40037A6B595738D4E6C6A4B0C5C2D640C64B3
:107AD400AA6B076B888BE9A3C8BBC8B3C8AB6BB4EC
:107AE400339DB18C95A599C699C679BE79BE7ABEE7
:107AF40079BE9AC6BACE79C6F7B5B6AD18BE79C600
:107B04007AC679C679BEB9C6B5A5B07C128D907413
:107B1400AD5B8D5B8D536C4B6C53AD53EE5B9074CE
:107B240011851185F07C8F742D6CCB5BCB5B0C6461
:107B3400CF7C10852D6C8B53E93A272AC619A619D8
:107B4400A719C7190922E921E9214B322E4BD16B20
:107B5400F16BF06B106C306C306C51745174316C8F
:107B6400306C306C316C316C316C316C316C317423
:107B7400316C316C316C326CD063CC42092AE92906
:107B84000A220A220922E92109220922E821C81924
:107B9400A611071AEA320A3B0A3BE932E932E83213
:107BA400E9320A3BC932471AE5110612471A47223D
:107BB400682A892AC9320A3B2B436C4B0B3B4C4B3A
:107BC400D27C38AE79B679AE17A617A637AEF18453
:107BD4008B53EC5BEC5BCB636963E66A8893C8A365
:107BE400A7B3C7B3C8A36BAC37BEF394349D59BED7
:107BF4009AC67ABE7ABE9AC69AC69AC69AC679C6F2
:107C040079C659C679C6BACEBACE9ACE9AC6BACE73
:107C140017B63395128DB17CAD5B8C538C53AD5339
:107C2400AD538C53AC532E648E74CF7CCF7C8E7446
:107C34002C64CB5BCA5B0B648D74AE7C0C64EB5B15
:107C4400AB5BA83A64114309A611C719E821E921DD
:107C5400C9210A2AEE4AF16BF16B106C316C317454
:107C6400316C51745174316C306C306C506C316CBB
:107C7400316C316C316C31745274316C116C126C26
:107C8400D063AC3AC921E921E921E921E921E921BB
:107C9400E92109220922C819A6112822EA32EA3266
:107CA4000A33E932093309332A3B293B293B093397
:107CB400C82AA82AC82AE9320A3B4B436B438C4B97
:107CC4008C4B8C4B0A3BAD53D6A579B679B69AB694
:107CD40079B658B677B6328DAC5BAC538B53AB6385
:107CE4004963E66AA893A79BA7B3A7ABC8A34BAC09
:107CF40079C695A5549DF7AD9AC6BBC67ABEBBC6D8
:107D0400BBC69AC67AC69AC6BACEBACE7AC659C67F
:107D14007AC679C69AC69AC658BEB5A5128DD184BC
:107D24002F6CAD5B8C538C536C4B8C53AC53ED5B11
:107D3400EB5B0C640C640C640B64EB63EB632B640F
:107D4400AD74AD744C6C4C6C2D6C8B53E62163118B
:107D5400A611C711E819E921C921CA21AD3AB063B6
:107D6400F16BF16B31743174316C316C5174116C91
:107D7400306C306C506C306C316C306C316C3174F4
:107D84005274316C116C116CB05B8B3AC821E921CF
:107D9400E921E921E921E92109220922081AC7195F
:107DA4008609692AEA32EA320A33E93209330933A5
:107DB4000833E83208332933293309330933293B9B
:107DC4006A438B438B438B438C4B4B432A43906CCA
:107DD40038B679B679B69ABEBABEBABE78B6328D1E
:107DE400AC5B8B53CC5B6E7CEB7B0773C99BA8A30A
:107DF400A7B3C8B3C8A36AAC99C658BE96A5759D67
:107E040059B69ABE59B67ABE7AC659BE9AC69ACEA1
:107E14007AC69ACE9ACE9AC69BCE7AC69AC679C6A6
:107E240058BEF6ADF28CF284907CEE63CD5BCC53FD
:107E3400AC53CC53CC53CC530C64EB63CA5BEB5BB9
:107E44002C6C4C6C2B6C2B64AD74AD74AD748D7454
:107E54004D6C0D64A832C519A611A611C719E921E4
:107E6400C921A9214B322F53D16BF06B316C317482
:107E7400306C316C316C316C306C306C306C306C1B
:107E8400306C306C317431745274316C116C116C0F
:107E9400B05B6B3AC821E9210A220A22EA21E921CE
:107EA40009222922E819C7118509692A0A3BEA32FD
:107EB4000A3BE9320933E932E82A08332933293302
:107EC4002933693B693B493B6A3B8A438B43AB4B50
:107ED400AC534B434A43328599BEBABE9ABEBBBE2D
:107EE400BABEBAC617AE907C8B538B536E74729D18
:107EF4008E94277BE9A3E8ABC7B3E8B3E8AB6BACDC
:107F040078C699C638BE96A5B6A559B659BE79BEE7
:107F140059BE7AC69AC69ACE9ACEBACE9ACE7AC6A6
:107F24007AC67AC67AC659C679BE58BEB5A5128D28
:107F3400F1846F740E64CD5BCC5BCC5BCC530D5C75
:107F44000B640C646D6CAE74CE7CEE7C8D748953C2
:107F5400EA63CE7CEE7CCE7C4D6CEC634A4B672AA4
:107F6400E619C6110822E819C919E921EA29EE4AD5
:107F7400B063116C3174106C106C306C316C316CFA
:107F84005074306C306C306C306C316C31745174B2
:107F9400316C52743274116CB05BAC3AE921E92152
:107FA4002B2AEA21E921E921E9210922E819860994
:107FB4006509CA320A3BEA320A3BE932E932E9325C
:107FC40008330833083329334933493B693B693B58
:107FD4008A438A43CC4B8B4B8B4B4A436B4B738DFD
:107FE400DAC69ABEBBC6BABE9ABEBAC6949DCD6363
:107FF4004A4BEC635295F4AD4C8C8883E9A3E8B307
:10800400E8BB08B4E8A34AA4B9CEB9CE78C6F7ADA4
:10801400D6A5F7ADD7A5D7AD59BE59BE79C69AC670
:108024009ACEBACEBACEBACE9ACE9ACE7AC67AC6FC
:108034009AC679BE17AE949DF2844F6C2E64ED5BA4
:10804400CC53CC5BED5BCD5B4D6CCF7C1085308D20
:10805400518D9195AE7C69530B64EE7CCE7CAE7CE5
:108064004D6CEC63AB53E9422722E619081AE82168
:10807400C819C921C9218C3A6F5BF06B3174106C3B
:10808400106C106C316C316C5174306C306C316C20
:10809400306C316C3174317452745274116C116CD3
:1080A400B05BCC420A2A2A2A0A22EA21EA210922BE
:1080B40009220922E7196509C611EA320A3BEA32A4
:1080C4000A3BE932E932E9320833083328334933C9
:1080D400493349336933693B8A3B8A43AB4BAB4BE6
:1080E400CC536B4BAC53D495DAC699C6DAC6BABE38
:1080F400BABE79BEF2842A4B2A4B6F7415AE76BE93
:108104006D94888BE8A3E8B3E8BB08B4E8A34AA459
:1081140098CE78C699C658BE18B6F7ADB6A5D7ADF1
:1081240038B658BE79C699C6BACEBACEBACEBACE89
:108134009ACE9ACE9ACE9AC69AC69AC658BE37B6E0
:1081440073952E6CED630D64CC5BED5B0D64ED5BA0
:108154004D6CAF741085318D318D10858E740C6427
:108164008D74EF84AE7C8E744D6CEC5BAC5B4A4BCF
:108174008822C611E719E819E819C921C9212B3247
:108184000E4BB063116C316C106C106C106C316C54
:10819400316C306C306C306C316C116C3174317406
:1081A400316C116CD063F163B05BCC420A2A2A2A89
:1081B4000A22EA210A22E921E921081AC7196509D4
:1081C4004822EA320A3B0A330A33E9320933E932F4
:1081D400E832082B083328332833283348336933EB
:1081E4008A3B8A43493B6A438B4B4A430E6436A617
:1081F400DACEBAC6BAC6BABEBAC638B6707CEA4ACD
:10820400ED63739597BEB7C68D94888B09AC08BC93
:10821400E8BB08B4E8A32AA457C657C698CE99C6A3
:1082240078BE58BE38B658BE58BE79C699C699CEDF
:10823400BACEBACEBACEBACEBACE9ACE9ACE9AC662
:108244009AC69AC699BE99BED5A52E6C6B53AC53EB
:10825400AC5BCD5BED5B0E64EC63CC5B2E6CB07CF5
:108264004E744B532A4BCC63AF7CD0846E6C8E74AB
:108274004D6CEC5B8B534A4BC832E511C611C719E0
:10828400E819E921E9210A2A8C426F5B106C3174E8
:10829400316C106C106C116C306C316C316C316C55
:1082A400116C116C116C3174116CF16BF163116C04
:1082B400D05BED422A2A0A220A220A220A22E92152
:1082C400E819E819C7198509892AC932EA320A3333
:1082D400093309330933E82AC72AE8320833082B5B
:1082E400082B082B282B4933693B8A43493B4A43D3
:1082F4002A432A43B07C57AEDACEBAC6BAC69ABE6F
:10830400DBC659B6138D4F74329536AEB8BE76C6F9
:108314008E94A98B2AB408BCE8BB09B4E8A32AA4A8
:1083240036C657C6B9CE99C637BE38BE79BEBAC6A8
:1083340079C699C699CEBACE9ACE9ACE9AC69AC61C
:10834400BACE9ACE9ACE9AC67AC67AC69ABEB9BE22
:1083540057B6F184AC5B2A4B6B53CD5BCD5BEE5BC4
:108364008B534B4B8C530E6C8C5B6832E62168321A
:10837400AC5B2E6CCC5B8F746E6C0D646A4B6B5370
:108384004A3B4622C511C611C819E921E921E92150
:108394004B322E53F06B31743174106CF06BF06B04
:1083A400316C116C116C116C116C116C116C317499
:1083B400116CF16B116C116C905BAC3A0922E921E0
:1083C4000A220A220A22E921E921E819C719C61159
:1083D400882A882AC9320933093309330933C82A58
:1083E400E832093329330833E82A082B082B2833C9
:1083F40049336A436A434B43EA3A8C53749578B6DB
:10840400B9C6DAC6BAC6BABEFBC6DAC638B616AE3E
:1084140016AE98BE97BE36BE8E94C99309ACE8B327
:10842400C8B309B4E9A32A9C94B5F5BD98CE37C660
:10843400B5ADD6AD58BEBACE99C699C69ACEBACE07
:108444009ACE9AC69AC69AC6BACEBACE9ACE9AC6C8
:108454009AC67AC69AC699BEB9BEF6A5907409435F
:1084640088320A430A43CA42883A8832893AAA427D
:10847400AA424932A6214411272AC942C93A0D64A5
:108484002E6CED634A4B8B538A43A82AE611A6113E
:10849400C719E9210A22EA292A320E4BF06B3174FA
:1084A4003174116CF06BF06B116C116C116C3174D4
:1084B400116C116C116C3174F16BF16BF163B0637D
:1084C4000D4B4A32E921E921EA21EA210A22092253
:1084D4000922E819C711E61947226722C82A093375
:1084E4000933293B0933E832293B293B293B09332A
:1084F400E82AE82A082B0833493B4A3B2A3B093B34
:10850400E93A2F6C17AEB9BEBACEDAC6DBC6BBC623
:10851400FBC6FBCEBAC6DAC698BE98BE78BED4AD4A
:108524002C8CA993E9ABE8B3E8B3E9B3C99B2B9CC2
:10853400D19C32A5D5B5D6B5549D95A538BE99C65E
:1085440099C69AC69ACEBACE9ACE7AC69AC69ACE08
:10855400BACEBACE9ACE9AC69AC69BC69AC69ABEC6
:1085640079BE77B673952A4BC519E6210622C6193A
:10857400A519851985198619A621E7218619C3002D
:10858400241185198419E942CD5B8B534A4B4A4B1C
:108594006A43E932061AA611C81909220A2A0A2AC4
:1085A4004B320E53D063116C3174116CF06BF16B60
:1085B400116C116C116C31743174116C116C317457
:1085C400326C116C116C8F5BCC3A2A2A0922092275
:1085D400CA21EA21EA2109222922C719A611071A68
:1085E400061A4722E932093309332A3B093309338E
:1085F4002A3B2A3B2A3B0933E82A082B082B082B61
:108604004A3B4A3B0933A8324B4BF28478B6DAC66C
:10861400BACEDAC6DBC6DBC6DBC6DBC6BAC6DAC68A
:10862400DAC699BE98BE94A5AB7BA9930AAC09BCE3
:10863400E9B3E9B3C99B2A9C4F8C708C33A574A50C
:10864400349DB6AD18B659BE9AC69ACE9ACE9ACE75
:108654007AC67AC67AC69ACEBACEBACE9ACE7AC636
:108664009AC6BBC6BAC69ABE99BE98BE36AE0E644A
:10867400C5198411E621E621C6218519A619C72149
:10868400661946114511040944110309C100E52185
:108694008B534A4B2A4B09438A43293B4722C61131
:1086A400E81909220A22EA296B3A2E53D063116C85
:1086B4001174116C116C116C116C116C116C31749E
:1086C4003174116C116C1274116CF16BD1634E53D3
:1086D4008B32092A0922E921EA21EA21C919E9216F
:1086E4000922A711A611272206126722E9320933AB
:1086F4002933493B0933293B2A3B2A3B2A3B09338B
:1087040009330933293329334A3B6A43093B0A3B7A
:108714002F6CD69D99BEDAC6BAC6BAC6DBC6DBC60E
:10872400DCC6FCCEDBC6DBC6FBC6B9BED9C694A587
:108734008B7BCA930AB4C9B3E9BBE9B3A89B0A9477
:108744002FADCD9C8D94AF9452A5D5B517BE79C6E7
:1087540079C69ACE9ACE99C679C679C679CE9ACE7A
:1087640099CE99CE99C69AC6BAC6BAC6BAC69ABEA0
:1087740079B699BE99BE548DAA3A8619E821E721A3
:10878400E821E821E821C821A71986196619871963
:1087940087196611C30044096932EA42E93AE93AA1
:1087A40069436A43672AA511C719E921E921EA2126
:1087B4002A322E4BB063F06B116C116C3174116C56
:1087C400116C316C316C316C316C116C116C116C3D
:1087D400316CF06BB05BED4A2A2AE9290A2AE929AF
:1087E400AA21CA21CA21EA21E9298711C719C51971
:1087F400A41166220833493B493B293B2A3B4A3BA7
:10880400493B6A3B6A3B8A3B6A3B29334A3B2A3BE6
:108814002A3B0A3B2B430F64969D9ABE9BBEBBC664
:10882400BACEBBCEDCCEDCC6FCCEDBC6DBC6DAC63B
:10883400DABEBABE78B63295CC7BA98B09AC29B422
:10884400E8BBE8B3A89B0A9C90B52FA5CE9C8E9458
:10885400F19CD5B557C679CE79C699CE9ACE9ACE23
:1088640079C679C679CE7ACE99CE99CE9ACE9AC661
:10887400BACEBBCEBBC6BABEBABE99BE99BEF7A528
:10888400AE5B082A082AE829C821C821E821E82182
:10889400C821C821A821C821A8218719451165111B
:1088A400A6190722A832E94249438A4BC832C611A5
:1088B400A719E921E921C9210A2AED4A8F5BF06B46
:1088C400116C116C116C116C116C116C316C316C7C
:1088D400316C116C116C116C116CF06B6F5BAC42F0
:1088E400092AE9290A2AE929CA29CA29CA21EA211D
:1088F400C921460924094309C411C732483B293B0D
:10890400493B8B438B436B438A43CB4BCB43CB4B8E
:10891400AB436A3B6B432A3B2A3B0A3BCE5B348D19
:1089240059B69BBEBBC6DCCEDBCEDBCEDCCEFCCEEA
:10893400DCC6DBC6DBC6BAC6BABE58B617AE1295DD
:10894400CC7BCA8B2AAC08B4C8BBE8B3A89B0A9CEE
:10895400B0B56FAD0FA56D8CAF94B4B557C678C6DE
:1089640079CE99CE9ACE9ACE79CE7ACE7ACE7ACE66
:108974009ACE99CE9ACE9ACEBACEBBCEBBC6BAC642
:10898400BABE99B699BE58B6B27CEB426932082A8F
:10899400E821E821E921E929E929C821A821A82118
:1089A400C921C821A821861904014409682A0A4357
:1089B4008A4BEC534B430722A719E821E921A8214C
:1089C400E9218B3A2E4BD063116CF16B116C32742C
:1089D400116C116C316C3174116C116C116C106C64
:1089E400116CF1634E534A32E921E9290A2A0A2A11
:1089F400EA29EA29CA21EA29E9216611C3002301E7
:108A04002622E83A6943493B8A43CC4BCD4BAD4BD4
:108A1400AB4BEC4BEC4BEC4BAC4B8B436B432A3BDF
:108A24000A3B6C4BD27C79AEDBC6BBBEBBC6DCCE8C
:108A3400DBCEDCCEFCCEFCCEFCCEFCC6DBC6DAC67E
:108A4400DAC678B658B6739D0C84CA932AB4E8B3D0
:108A5400E9BBE9B3A89B0A9C8FB52EA5EE9C8D9427
:108A64008E9452A5F5BD78CE99CE99CE9ACE9ACE53
:108A74009ACE9ACE9ACE7ACE99CE9ACE7AC69AC603
:108A8400BBC6BBC6BBC6BAC699BE99BE99BE58B6CC
:108A9400348DCF63CB42E829E921C921E921E929B1
:108AA400E929C921A8218821C921A921C821A719F7
:108AB400E400E30007220A43EC536E64CC534822DB
:108AC400A61108220922C821C9212A32AC428F5B8F
:108AD400116CF16BF16B116C116C116C317431749C
:108AE400116C116C106C116C116CD063ED4A092A75
:108AF400C921EA290A2A0A2AEA29EA29EA290A2AA0
:108B0400E9218719E300A511C83229434A436A437E
:108B1400CC4BED53AD4BEE53CC4B0D540D540D5487
:108B2400AC4B4B3B4A3B2B3B0A3B706CF79DBABEAC
:108B3400DBC6BBBEBBC6BBC6DBCEDBCEFCCEFCCE2F
:108B4400FCCEFCCEFBCEFBCEFBCEDAC6DAC616B626
:108B54002D8CA98B2AB408B409BC09B4C8A30A9CF7
:108B64004EADAC9CAC94AD94AE94CF9473AD98CE12
:108B740098CE99CE9ACE9ACE9ACE9ACE9ACE9ACEB4
:108B840079CE79CE79C67AC69AC6BAC6BAC6BAC6F4
:108B9400BABEBABE99BE79B6B69D51740C4BE821E3
:108BA400C921A821C921E921E929E921A921A9216A
:108BB400C921C921C921A8194611E400A6192C4BC1
:108BC4004D5C8E6C0D5C472AA6110822092AE92106
:108BD400C921E9292A322E53F16B116C116CF16B06
:108BE400116C116C31743174116C116C106C116C4A
:108BF400116C8F5BAC3AE921C921EA290A2A0A2AB5
:108C0400EA29EA29EA29092AE921A7194409272A8C
:108C14002A436B4B4A43093B6B4B8C4B2B3B4C43DA
:108C24008C4BAC4BAC4BAC4B0A3B6822892AEA3ADE
:108C34004C43758D9AB6BABEBBBEBBC6DBC6BCC6BA
:108C4400DBCEDCCEFCCEFCCEFCCEFCCEFBCEFBCE13
:108C5400FBCEDAC6FACE36BE4D8C898B0AB408BC7C
:108C6400E8BBE9B3C8A30A9CAC9C6B94AC9C2EA54E
:108C74002FA5AE94D094F5BD98CE99CEBACE9ACE07
:108C84009ACE9BCE9BCE9BCE79CE79C67AC67AC637
:108C94009AC69AC69AC69ABEBAC699BE79BEBABED2
:108CA40038AE148D8E5B2932C921C921C921EA2924
:108CB4000A2AEA29CA29CA21AA21CA21C921C92101
:108CC400C8214511C7198E536E64AF6C4E64883247
:108CD400A61908220922E921E929E921E929AC4256
:108CE400B063116C126CF16B116C317431743174AA
:108CF400116CF06B116C116CF0632E4B4A32C9216C
:108D0400E921E929EA290A2AEA29E929E929E929B3
:108D1400E821A719A61989320A434B4BE93A2622BE
:108D24004722892AE719E719682A692A692A892AB8
:108D3400E7196409E719AA32CF5B18A6BBBEBBBE0C
:108D4400DBC6BBC6DBC6FCCEFCCEDCCEDCC6DCC6DA
:108D5400DCC6BBC6BBC6BAC6FBCEDAC6B9C636BE0F
:108D64006E94688BE9ABE8BBC8BBE9B3C8A30A9CA3
:108D74004A94AB9C2EAD90B5B1B50FA5AE9431A578
:108D840077CE98CEBACEBACE9ACE9BCE9BCE9BCE81
:108D94007ACE7ACE7AC67AC69AC69AC69AC69AC63F
:108DA4009ABE79BE79B6BAC69ABED7A551748A3A24
:108DB400E921E921EA290A2A0A2AEA29CA21AA2157
:108DC400CA21CA21EA29E921E9218719E8216D5339
:108DD4006E648F6C6F6CEA3AE72108220822E9215D
:108DE400E921E929C9214B322E53D163126C126C4B
:108DF400116C116C3174116CF06BF06BF06B116CC5
:108E0400D063AC42E929E921E929C921C921EA2928
:108E1400C929C929C929E929E829A719082AAA3A7F
:108E2400682A8832272223016409A61124014509EE
:108E3400A611C619C719C7198509450928220C4363
:108E4400B27459AEDBBEDBBEDCC6BBC6DCCEDCCE48
:108E5400FCCEFCCEDCC6DCC6BBC6BBC6BBC6BAC633
:108E6400FBCEDACEB9C637C68F9C698BE9ABE8B3C3
:108E7400E8BBE9B3C8A32A9C8A944DADAFBDAFBD8E
:108E8400D1BD70ADCE9C109D36C677CE99CEBACEEC
:108E94009ACE9BCE9BCE9BCE9ACE7ACE7AC67AC6FB
:108EA4009AC69AC69AC69AC679BE9ABE99BE9ABE00
:108EB4009ABE59B6D4848B3AC921C921E929EA2931
:108EC400EA29EA21CA21CA21EA29CA21EA29CA21AE
:108ED400E921A819C719CB3AEC5B2D644F6C2B43DD
:108EE4002722282A082A092AC921E929C9210A2A64
:108EF400CD42905B126C126C116C116C116C116C84
:108F0400F06BF06BF06B116CB0636B3AC821E9291C
:108F14000A2AE921E921EA29E929E929C929E929CA
:108F2400E8298619082A6932A619C6198511C300C9
:108F3400240986112509C719E821092209220922D1
:108F4400E81908220C431064558D9AB6DCC6DCC6B9
:108F5400DCC6BCC61DCFBCC6FCCEDCCEDCC6BCC6E3
:108F6400BCC6BBC6BBCEDBCEBAC6FBCEDACE78CE91
:108F7400F0A4898BE9ABE8B3E8BB09B4E9A32AA45C
:108F84002DAD4EB58EB5AFBD6FB5B0B590AD6D8C92
:108F9400119D98CE58C69ACE9ACE7AC69BCE5AC602
:108FA4007ACE7ACE7ACE9BCE9BCE9BC69AC69AC6F2
:108FB4009ABE79BE99BE99BE59B6D7A551746A3A7C
:108FC400C921E921E929EA29E929E921CA29CA2982
:108FD400CA21CA21EA29EA21C921A819E821292A92
:108FE4002A3BED5B4F642B43482A282AE821E821D9
:108FF400C921E929EA29EA294B324F533274116C09
:1090040031743174116C116C116CF06BF06BF16B89
:109014000D4B2A2AC921092A0A2AEA29C921EA293F
:10902400C921E929E929E9298719A719292AE82160
:1090340086116611661166118611A719C821E821E7
:10904400092A09220922292A292A8B32D05BD47CB5
:10905400F89D9BB6DBBEDCC6DCC6DCC6DCCEDCCE53
:10906400FCCEDCC6BCC6BCC6BCC6DCCEDBCEBACE2F
:10907400DACEDACEDACE98CE31AD898BE9AB09BC43
:10908400C8BBE8B3E9A36BAC4EB56EB58EBDAFBD3E
:109094008EB5AFB56FAD4C848E9415BE57C679CEE0
:1090A4007ACE5AC69BCE5AC659C67ACEBBCEBBCE52
:1090B4009BCE9BCEBBC6DBCE99C679BE9ABE79BE8B
:1090C400B7A5927C2D53092AE921E929092A092AFD
:1090D400E929E921CA29CA21CA21CA21CA21CA21E6
:1090E400C921C821C719E7218832AD530E64EA3A71
:1090F400282A282A0822E929E929EA29C929EA2962
:109104002B32ED4AD163F16B116C116C31743174F3
:10911400116C116CF16BF163CC42092AC921E92964
:10912400EA29EA29C921EA29C929C929C821C82162
:10913400A721C721292AC72166198719A719C82178
:10914400C821C821C821C821C921E921E929092A3E
:109154002A2AED427374568DD8A59BB6BCBEDCC6D4
:10916400DCC6DCC6DCCEDCCEDCCEDCC6DCC6BCC6F3
:10917400BCC6DCCEDBCEDBCEDACE1BCFDACE98C6D5
:1091840052B5AA8BE9AB29B4C8BBE8B3E9AB4BAC85
:109194008FBD6FBD8EBDAFBDAEBDCFBD6FB56C8C89
:1091A4002C8493AD37C638C659C65AC69BCE9BC6C7
:1091B4005AC69ACEBBCE9BCE9BCE9BCE9ACE9AC697
:1091C4009AC699BEBAC699BE55954D53092AE8293F
:1091D400E921E929092A092AE929E929C929CA2108
:1091E400CA21CA21CA21C921C921C821C819A7195C
:1091F40027226C4BEE5BEA3A0722082AE821E92988
:10920400092AC929A921EA290A2A6C3A6F5BF16B58
:10921400116C116C3174116CF16BF16BD0638F5B59
:109224006B3AE929C921E921EA29EA29EA21EA294B
:10923400C929E929C821C821A721E8292932C82137
:109244008719A821E921E9290A2AE921C921C92183
:10925400C921E921E9290A224B32B05B368D989D58
:10926400F8A59BBEDCC6BCC6DCC6BCC6DCCEDCCE68
:10927400DCCEFCCEFCC6DCC6BCC6DCCEDBCEDBCE94
:10928400DBCE3CD7BAC698C672B5AA8B0AA409B479
:10929400C8BBE9BBE9AB6BAC90C58FBD8FBDAFBD9F
:1092A400AFBDCFBDAFBDCD9C0C8411A537C658C68C
:1092B4007ACE5AC69AC69BCE7ACE9ACE9ACE7AC621
:1092C4007AC69ACE9ACE9AC699C699C6BAC6BAC66C
:1092D400759D0C4BA721E829E821E921E929092AF0
:1092E400092AE929C929CA29CA21CA21CA21A921C5
:1092F400C921E921E821A719E719CA3A8D530C437A
:109304000822C719E821E921E921C921A921CA298B
:10931400C9292A322E53F16B116CF16BB0638F5B48
:10932400B063B0636F5B2E4B2A32E921E929E9214E
:10933400E9210A2AEA29EA29C921E929E929C821CE
:10934400A721E829292AC821C821C921EA29EA290B
:10935400EA29E921E921E921E9290A2AE929092255
:109364008C32326C989D7795D89D9BBEBCC6DCC66A
:10937400DCC6BBC6BBC6BBC6DCCEFCCEFCC6DCC6EC
:10938400DCC6DBCEDBCEDACEFBCE1BCFDAC6B9CE63
:1093940031A52873C99B09ACC8BBE9BB09AC8CB423
:1093A40090C58FC56FBDAEBDAEBDCFBDCFBD4EADFB
:1093B4006D8CD09CF5BD58C67ACE5AC67AC67AC68C
:1093C4009BCE9BCE7ACE39BE19BE39BE7AC69AC61A
:1093D40079BE79BE99C6BAC6D6A56E5BE829E829D6
:1093E400E821E821E921E929E929E929C929CA2942
:1093F400CA21CA21CA21A921C921E921E821C71901
:10940400A711C719EB424D4B282A8619E829C82110
:10941400C921C921A921C921C921E929ED4AF16B31
:10942400D0636F5B0D4BEC4A2E536F5B2E53AC42F3
:10943400092AE9210A2AE929C9210A2AEA29EA2961
:10944400C921E921E921A821C821092A092AC82119
:10945400C921EA21EA29EA29CA21CA21EA29EA29F1
:109464000A2A0A2AE929E9216B32F1637795578D93
:10947400B89D7BB6BCC6DCC6DCC6BBC6BBC6BBC619
:10948400DCC6DCC6DCC6BCC6BBC6DBC6DBCEDACEFD
:10949400FBCEFBC6FACEB9C6AF8CA662888B09A4F4
:1094A400C8BBE9BB09AC8CB490C5B0C58FC5AFC50A
:1094B400AEC5CEBDCFBD8FB50FA58E94F29CD6B5EB
:1094C40038BE39BE7AC69BCEBBD6BBD67ACEF8BDE3
:1094D40096AD96A5F7B558BE78BE99C6B9C6BAC6B4
:1094E400D7A5CF632932E821E921E921E921E9213E
:1094F400E921C921C921CA21CA21EA29CA21A921EC
:10950400A919C921C821C819A71166096A324D4B86
:10951400492A8719092AC821A921C921A921C921B0
:10952400C921E929CC42AF63B0632E538B3A4A3246
:10953400AC42ED4AAC424A32E921C9210A2AEA295D
:10954400C921EA29EA29CA21EA29E921C821A71956
:10955400C821092AE921C921C921CA21EA29EB29FB
:10956400EA29EA29EA29EA29E9210A2AE929E92151
:109574000A224E4BD584568D97955AB6BCBEDCC68E
:10958400DCC6BBC6BBCEDBCEFCCEFCC6DBC69BBEFC
:109594007ABE9ABEBAC6DACEFBCEDAC6FAC637B6F9
:1095A400EC73244A478309A4C8BBE9BB09ACACB437
:1095B40091C5B0C5B0C5CFC5EFC5CFC5F0C5D0BD49
:1095C40030ADEC7BED7B54A5F7BD39BE9ACEDBCE36
:1095D400BBD69BCE7ACE19BE97AD55A596A5D7AD71
:1095E40078BE99BE79BE17AE148D4D53282AE82152
:1095F400E921E921C821C921C921C921C921AA21F7
:10960400CA21CB21CA21A921A921C921C819C81954
:10961400C81987110822AB3AE8218619E829A8213C
:10962400A921C921A921CA29C929A8216A3A4E53C5
:109634008F5BED4A2A32E9292A324A322A32E92159
:10964400E921C821EA29EA29E921EA29EA29CA21E2
:109654000A2AE921C92187198719A819A819C92132
:10966400CA21CA21CA21CB21CB29EA29EA29EA291C
:10967400E9210A2A0922E921E921AC3A326C168D42
:1096840097955AB6BCBEBCC6DCC6BBC6DCCEDCCE27
:10969400FCCEFCC69BBE39B6F8AD18AE79BEDAC6B0
:1096A400FBC6FAC699B6328D295B0342067309A438
:1096B400C8BBE9BB09B4ACB470C590C58FC5CFC5F0
:1096C400EFCDEFC5EFC5D0BDCE9C6A6B4B6354A5FF
:1096D40038C67AC69ACEBBCEBBD69BCE7ACE7ACECD
:1096E40039BED7B5B6ADD7AD58BE58BE17B654952A
:1096F4000F6C8A3AA721C721E921C821C821C821B2
:10970400C921C921CA21AA21CB29CA21CA21AA2136
:10971400C921C921C819C819C819A819A719C8196C
:1097240086198611E929C821A921A9218921CA29D3
:10973400C9296719092AED4A2E53AC42092AC821BE
:10974400E929E929E929C821E921C821EA29EA29DD
:10975400EA290A2AEA29EA29C921C921E921671142
:10976400250926094611E921CA21CA21AA21AA21CB
:10977400CB21CA29EA29EA290A2A0A22E9210A224A
:10978400E9214B2AB05BD584B89D7BB6BCC6BCC668
:10979400DCC6BBC6DCCEDCCEDBCEDBC67ABED7A550
:1097A4005695769D17B699BEDAC6DAC637A62F6CDB
:1097B400A74AE341C56AE99BC8BBE9BB09B4ACB499
:1097C400D1C5B0C5AFC5AFBDAEBDAEBD4EB5CDA460
:1097D4006D946A6B6C6BD6B5B9CE79BEDACEFACE1F
:1097E400DBCE7AC69ACE7ACE7AC67ACE39C639C656
:1097F40059C638BEB28CEF6BEA42072AE721C71973
:109804008721C821A8198819E921E921A919A919C9
:10981400C921C921E921C929C921A921A921C9210C
:10982400A819A819C821671906096711C921A9210E
:10983400E921A8198819E921E9218819C8216B327D
:10984400EB42492AA719E821E929C921CA21CA29D1
:10985400CA29CA21EA29EA29CA210A2A2B32E9217A
:10986400E921E921A8210609E50827116719A92199
:10987400A921CA29CA29EA29EA21CA21CA210B2A0B
:10988400EA29EA21E921E921E9212A2ACC42116CB9
:10989400368D5AB69BBEBCC6DCCEDCC6DBCEBBC6A0
:1098A400FAC6FAC6BABE79B617A6959DB5A557B637
:1098B40098B6F9BE738D6A4B6A53854A434AE98B5D
:1098C400A9ABC9ABEAABADBCD1C590BD6FBD4DB5BD
:1098D400ECACEBA4CCA48C9CAE9C0D842F84D6B5AC
:1098E40079C6BACE1BD7DACEBACEBACEDBCE79C61B
:1098F40039C679CE7ACEBAD678CE54A5CE6B0B5370
:109904004832E621C621E721C721C821C821C82140
:109914000922C921A819C919A921C921E921E929BB
:10992400C929C921A921A821C921C819C8196711A0
:1099340006096711E921C921A921C921A921A82161
:10994400C921C9210A2A8B3AEC42AB3A092AC82117
:10995400C821A921CA21CA21CA21CA21EB29EB297C
:10996400CA21EA210A2A0A2AE929E9218819E508EB
:10997400E50867198821C929C921EA29EA29EA29B8
:10998400EA29CA21CA210B2AEA29EA210A2AE92951
:10999400E921092AED427374D8A57BB67BBE9BBE30
:1099A400FCCEDCC6DBC6DBC6FACEFBCEDAC6BABE5C
:1099B4009ABE58B637AE78B6B9BEB8B6B0740943D5
:1099C4008A5B0753634A4673C9ABE9ABE9ABACBCEA
:1099D40090BD2EB5CCA4AB9C6A9C8B9CECA40EA52C
:1099E400EFA4D09C33A517BE58C6BACEFACEB9C6DA
:1099F400B9CEBACEBACE79CE58C678CE37C616BE50
:109A040074AD4F84CD6B6B63683AC5218419C5214D
:109A1400E729C721A721E8210922E921C919C91980
:109A2400C819C921E921E929E921C921A921A821C4
:109A3400E921C921C921881947116719C921A92117
:109A4400C921C921A821C9216B324E53326CD48457
:109A5400D384937CD0630D4B4A32A821A921EA29EF
:109A6400CA29CA21EA29EA29EA21CA21EA210A22C1
:109A7400E929C9216719E5080609A821C929EA299C
:109A8400C921EA29EA29EA29EA29CA21CA21EA21BB
:109A9400EA29EA210A2A0A2AE921092A4E53368D9B
:109AA4005AB67BB65AB69BBEFCCEDBC6BBC6DBC67B
:109AB400FACEFBC6DBC6FBC61CCFDBC699BE98BE7E
:109AC400B9BE77AE2E64E93A6A532853644A0563F3
:109AD400C9ABEAABC9A38CB4CDAC8C9C6A9C8A9C00
:109AE400EBA44DB58FB56FB58D948F9494B558C6CE
:109AF40079C6DACEDACEDACED9CEB9CE58C617BE0A
:109B0400D5B594ADF19CB0944E840D7CD094119D48
:109B14000D7409534732C529A521A521C621E72182
:109B2400E82109220922E821E921E921E921C921C1
:109B3400C821C821C821C921E921E921E921C9197C
:109B44008819A819A921A9218819E9216B3A4F5329
:109B5400947C77951AAE9CBE9ABE7AB6D8A5158D1C
:109B6400D0634B3AC929EA29EA29EA29CA21C92139
:109B7400EA21EA21EA21C921C921A92147110609BB
:109B84004711C929EA29EA29C921CA29CA29CA21A6
:109B9400EA29CA21CA21EA21EA21CA21EA290A2A90
:109BA400E9212A2A6F5356955AB65AB619AE3AB6CF
:109BB400BBC6DBC6DBC6FBC6DAC6DBC6FBC6FBC65A
:109BC400FCC6FBC6B9C698BEB8BE36A6ED5B093B5B
:109BD400494B2853844AC45AA9A3EAABC9A3ACB4D9
:109BE4008CA4ACA4CCA40DAD8EBDF0C5D0BD2FAD5E
:109BF4002D8CB094F6BD79CE9ACEBACEBAC6FACE32
:109C0400D9CEB8CEF5B5129DB0948F8C6E8C6E8C77
:109C14004D8C8E8C71AD34BEB3AD10954D7C095313
:109C2400E529C521C62107220722E821E821E821E8
:109C3400E921E821C821C821C821C821C921E92175
:109C4400E921E921C921C8198819A819A921C9211B
:109C54000A2AED42126C36951AAE7BB69BBEBCBE88
:109C64009BBE9BBE7ABE5AB6979D116CAC42C9216D
:109C7400A821C921A921A919C921EA21EA21CA21B6
:109C8400C921A921471127116819CA29EA29EA29F2
:109C9400C921EA29CA29CA21EA29EA21CA21EA21D1
:109CA400EA29CA21EA29E921C921E921CC427274AD
:109CB4007795B79DD8A5F8A559B6DBC6FBC6FBC6F4
:109CC400DBC6FBCEFCC6FCC6DBC6DBC6BAC6B9BE69
:109CD40098BE94958C4B2A438A53695BC552434A78
:109CE40068930AA4EA9BACAC0EB54FBD8FBDAFC55B
:109CF400CFC511CED0BD0FA54D8C32A578CE99CE4F
:109D04009ACEBACEBACEBAC6D9D697C6529D6E846A
:109D1400AE94109D70AD50AD50AD50A5B2B533C6E4
:109D240014BEF3B5F3B5F094CC6BA842C521C5219C
:109D340007220822E821E821E821E821E821E92195
:109D4400E921C921C921C921C921E921C921C81988
:109D5400A819A819C9212A2A905BB484B8A51AAEF7
:109D64007BB69CBEBCBEBCBE7BBE7BBE5ABE9BBE8D
:109D74009BBED8AD32744A328719A821C921C921A2
:109D8400C921EA21EA21EA21C921A9214711471160
:109D94008921A921CA29CA29CA29EA29EA29CA2161
:109DA400EA29EA29EA21EA21EA29EA21EA29E92138
:109DB400E921C821092AEC42516CF484D79DF8A505
:109DC40059AEDBC6FBC6DABEFBCEDBC6FCC6FCC6A0
:109DD400DBC6DBC6B9C698BE36AED0748B4B8B4B94
:109DE400AB53AA5B0753234206830A9CEA9B8CACC1
:109DF40091C5D1C5F1CDD0C5D0C5F0C5B0BD2FAD8D
:109E04002D8432A578CE99CEBACEDACEFBD6DACE70
:109E1400F9D635BED094AF9491AD13BE12C612C616
:109E2400D1BD6FADF2BDF2BDF2BDF3BD34C613BEFC
:109E3400B3A54E7CA73AC521062207220822082290
:109E4400E821E821E921E921E921E921C921C92100
:109E5400C819C921C821A819A8210A2ACD42905B92
:109E6400168DD9A57BBE7BBE7BB67BB65BB65AB6D8
:109E74009BBE7BBE7BBE9BBE9BC6BBC6B7A5D06349
:109E84002932C821C921E929C921C919EA21EA21AC
:109E9400C921891927116819CA21CA21EA29CA299D
:109EA400CA29EA29EA29CA21EA290A2AEA29EA293D
:109EB400EA21EA29E929C921E921E821A719082287
:109EC4000C4310641485558DB69D9ABEFBC6FBC623
:109ED400DBCEDBC6FCC6FCC6DBC6BABEDAC6B8BE81
:109EE400D5A50E64AC53ED53CB53AA5B485B8442B7
:109EF400636AC9930A9CADACB1C5B1C5D0C5F0C500
:109F0400F0C5F0C590B50FA54D8452A578C6BACE5C
:109F1400DACE99C6BACEB9CE19DFF4B5AF8C309D7E
:109F240013BEF2BDD1BD12C6B0BD0EA5F2C533C677
:109F340033C613C6D2BD13BE34B692A50D6C6732B8
:109F4400E621E721E72108220922E921E921E92183
:109F5400C921C921C921A921E921E921A819871900
:109F6400C8218C3A3274B8A53BB65AB63AB619AE83
:109F7400F9ADB8A5B8A5D8A519B619B67ABE9BC6C9
:109F84007ABE9ABE7ABE55950D4B292AC82109225C
:109F9400E921CA21EA21EA21A921681907098919B5
:109FA4000B2AEA29EA29EA29CA21EA29EA21C9214C
:109FB400EA290A2AEA29E921EA29E929E921A81949
:109FC400E821E82186118611C7198A326E538E530F
:109FD4003064B59DB9BE1BCFDACEDAC6FCC61CC749
:109FE400BBBEBABEDAC6D9C6F5A5AC5BAC53ED5B55
:109FF400CB53AB5BAA5BC642E151A88B0A94CDACB0
:10A00400B1C5B1C5F1CDF1CDD0BDF1C5D1BD30A53E
:10A014006E8C93ADB9D699CE99CEB9CEDACEB9CEEF
:10A02400B8CE93AD8E8CD2B513BE12BEF1BDF1C5C0
:10A03400B0BD4FADF2C513CE12C633C6F2BDF2BDEC
:10A04400F3B514B651958B5B262AC619E72108226D
:10A05400E821092AC921C921E921EA29A919A92143
:10A06400C819C821A819C9218C3A737498A57BBE54
:10A074003AB61AAE98A536953695369536955695D0
:10A08400579D97A5B8A539B69ABE7ABE9ABE59B659
:10A09400B384AB3AE921E921C9190A220A22C91970
:10A0A400CA21481127118919CA21A921CA21EA29DB
:10A0B400CA210B2ACA21C9210A2A0A2AE929E9291B
:10A0C400E921E929C8216611661165116509240988
:10A0D400E3008511E721E721482AAD5B9495FAC690
:10A0E400DACEDAC6BABEFCC6FCC6BABE1BCF1ACFDD
:10A0F40057B6B074AC532E5C0D5C0C5CCA5B485311
:10A10400E149E56A0A9C8CA4B1C5B1C5F1CD11CE73
:10A11400F0C5F1C5D1BD30A58E8CD4B5D9D699CEB4
:10A1240099CEB9CE99CE98C697CE319D8E8CB2B5C4
:10A13400F2BDF1BDF1BDF1BDB0BD4FADF2C533CE41
:10A1440013C633C6F2C512C613B654BEF3ADD084DB
:10A15400EA4AC621E821E821C821092AC921E921BE
:10A16400A821A921A9212A2AAC3ACC420D4B8F5B04
:10A174005374D8A55AB67BBE7BBE3AB698A55695FD
:10A18400779D97A5B8A5D8A598A597A55695769D2A
:10A19400D7AD39B69ABE79BEB7A54D53092AE92180
:10A1A400E921EA21EA210A22A9214811070989198A
:10A1B400A921A921CA21CA21CA21EA29EA29EA290D
:10A1C4000A2AEA29E9290A2AE92187196611451187
:10A1D400240944098511640923094409A511C519F1
:10A1E40027220A434F6C118537B6B9C6DAC6FBC6B7
:10A1F400DBBEDBC61BCFFAC6B8BE528DED5B0D5C71
:10A204000C5C0C5CCA5B89532252845AA983ADACA2
:10A2140091C5B1C5F2CD11CEF1C5F1C5D1B530A509
:10A224004E84B4B5B9CE99CEBAD6FAD6B8CEB8CE95
:10A2340036BED094EF94D2B5F2BDF1BDF1BDF1BDFF
:10A2440090B550ADF3C534CE13C612C6F2C532C6AE
:10A2540013BE54C655BEF4ADEE6B072AE721C721E1
:10A26400E821E929A821A819A8214B320E4BF16B4A
:10A27400B37CF484158D5795B8A57BBE7BBE7BBE9D
:10A284007BBE3AB6D8ADF8AD39B65ABE5ABE7ABE20
:10A294009BC67ABEF8AD97A5769DD7A579BE9ABE22
:10A2A4007ABE31744A32C821C921E921EA210A223D
:10A2B400C921481127118919A921A921CA21CA2113
:10A2C400CA21EA29EA29EA29E929E929E929092AFD
:10A2D400092A8619C7190722C6190622682A672A75
:10A2E4002722A411A4110622672A2A43CC5BED631A
:10A2F400B084949D78B6DABEDBBEDABEFBC6DAC69D
:10A30400D9C6D59D4E64ED532D5C2C5CEA5BCA5BCB
:10A31400C562234A066BADA4B2CDD2CD12CE12CE05
:10A32400F1C511C6D1BD71AD6E8473A598CE99CE19
:10A33400B9D6B9CEB9CEB8CED4B58F8C51A5F3BDAC
:10A34400F2BDF2BD12C6F2BDB1BD91B5F3C534CEB6
:10A3540013C612C6F2BD32C613BE33BE54BE55BEBA
:10A36400D18CA942C721E821092AE929A821C929B0
:10A374008C3A116C368DF9A55AB67BB67BBE7BBE82
:10A384007BBEBCC67BBE7BBEBCCE19B697A5B7ADA3
:10A39400D8ADD8ADF8B539BE7ABE9BC6BBC67ABEB9
:10A3A400D7A5B6A518AE59B69ABE35952D53C82172
:10A3B400C8190A22EA21C919C92968194711A9210A
:10A3C400C921A921EA29CA21EA29EA29EA29EA298B
:10A3D400E929E929E929C929A719C719282AA93284
:10A3E4008832A83209432A4329434622E419052224
:10A3F40087326A4B2D6C2D6CEC6B4E74128517A64C
:10A40400BAB6BABEBAC6DAC6B9C656AEB074ED5359
:10A414004E644D64EB5BEA5B886B645264520B8C54
:10A42400D2D5F3D512D632CE12C632C633C613BE37
:10A43400119D329D78C698CEB9CE77C6D8D677C648
:10A4440032A58E8CB2B513BEF2BD12BE12C6F2BDD9
:10A45400D2BDD3BD14C634CE33C613C612BE32C663
:10A4640012BE12BE34BE35BEB4A5CD63E729E821C1
:10A47400C821A821E8292D53727CD8A55AB67BBEE1
:10A484009BBE9BBE9BBEBCC6BCC6DCCE3AB6F8AD7A
:10A49400B8AD569D369D769D569D569D769D569D8E
:10A4A400769D5595D7AD7ABE79BE38B638B618AE16
:10A4B4007ABE39B6937CCB3AE921E921E921C9195D
:10A4C400C92988194711A921CA21C921EA29EA21E0
:10A4D400EA29EA290A2AE929E9290A2AC929671954
:10A4E4008511282AA932C93AE93A093B4943AB53B1
:10A4F400CC53E83A462A2522662A8A538E74AE74CF
:10A50400AE842C6C0D64F27C38AEDBBEBAC6B9C620
:10A51400D9C6B8BE1185EC534E644D64EA5BEA5368
:10A52400C96B075B44426873B2CDD2CD12CE12CE52
:10A5340032CE53C694CEB6CE93ADF19436BED9CEB8
:10A54400FAD6B8CED8D615BEB094AF94F3B5F3BD51
:10A55400F2BD13C613C613C614C634C635C634C6F4
:10A5640013C612BE12BE32BEF1BDF2BD33BE34BE3E
:10A5740056BE128D693AC7218619A7198B3AB3843E
:10A58400F8AD9BC69BBE9ABEBBC6BBC6BBC6BCC60B
:10A594007ABE19B6769D15951595569DD8ADF8B524
:10A5A400F8B519B6D7B5359D51744D538E63F38CF8
:10A5B400F7AD79BE59B639B67ABEDBC6D7A5116CEC
:10A5C400CC42E821C8190922C82167194711A819E2
:10A5D400C921C921EA21CA21EA21EA29EA29E9296A
:10A5E400092A092AA8214619E721CA3AEA3AC932AE
:10A5F400093B4943AA4B2D642C64AA532843C73A08
:10A60400E73ACA5BCE7C0F850E8DAE7C4E6C90749F
:10A61400D69DBABEDAC6BAC6D9C6D9C6538DEC53CE
:10A624004D646D642B5CEA5BA96389638542075BB7
:10A63400B2CDD2CDF2CD12CE53CE94CED5D637DF15
:10A6440034BE119594A557BE98CEB8CE56C652A521
:10A654008F8C31A514BE13BE13BE33C654C654CE5C
:10A6640075CEB7D696D655C613BE12BE11BE11BE50
:10A67400D1BDF1BD13BE14B676BED5A58D5BE72959
:10A68400A6214932CF6BD7A57ABE9ABE7ABE7ABECE
:10A69400DBC6BBC69BBE5ABED8A577A51595359516
:10A6A400B8ADF8B55ABE7AC67AC69ACE9AC6F8B587
:10A6B400EF6BAA42CB42106C148DB6A518AE59B6F6
:10A6C400BBC6DBC619AE5695F1634A32C8190922D6
:10A6D400C92187194711A821C921C921EA21C92102
:10A6E400C921EA21C921C929E929C929A821C829D7
:10A6F400C9322A432A43E93A29438A4BEB5B6D6406
:10A704004D64EB5BCB53AA53AA5B2C64CE7C2F85A0
:10A714000E8D0F8DCF7C9074758D9ABEBAC6DAC635
:10A72400D9C6FAC69495ED5B2D5C8D648C6C2B5C5C
:10A73400C95BCA5BC64A485BD2CDF3D513D633D6C0
:10A7440094D6D5DE16DF78E7F7D673A5B08C329DA4
:10A75400B4AD36BE72A56E8C8E8C92AD34C6F3BD8C
:10A7640013BE53C674CEB5D6F7DE39E7F8DE76CE1F
:10A7740033C612BE32BE11BED0BDF1BDF2BDF3B5BB
:10A7840035BE16B6707C4832E7294D53349559B618
:10A7940038B618AE18AE38B6F8ADB7A5769D769D26
:10A7A4005695569D359D769D97A576A5F8B57AC69E
:10A7B4009AC6BBCEBBCE79C6969D927CF38C759D12
:10A7C40054953595969D18AEBBC69ABE18AED8A5BD
:10A7D400F4840D4B092AC821E929A8196719A9216C
:10A7E400E921C921EA21C921EA21EA29C921C9218A
:10A7F400E929C821E9296B3A8C538C536B4B6A4B7A
:10A804008A4BEB5B2C644C646D6C4C642C646C6CF8
:10A814006D6C8D74CE7C2F854F954F95EF7C6F6C4E
:10A82400548D9AB6BAC6DAC6D9CEFACED49D0D5C8A
:10A834002D5C8D6CAD6C2A5CEA63CA5B274BEB6BB9
:10A8440033C634C674C695CED7D618DF39DF59DF80
:10A8540039DFB7CE1195ED738F8C0E7CAC6B0E7C0B
:10A8640051A5B3B5F4BDF4BD15BE76CEB7D6F8D6B2
:10A8740059DF7ADF5ADFF8D697C635BE15BEF4BD68
:10A88400D3B592AD92AD93ADF5B516B61395483ADE
:10A894002832727CD7AD5ABE19B6F494327CAF6BB1
:10A8A4004D530C4BF06B7274B3843595B484F06BD8
:10A8B40011747384159539BE7ACE59C65ACE39C6E9
:10A8C4005AC65AC69BCE5ABE19B6F8AD559D759D4B
:10A8D400D6A5BABE59B6D7A5F8AD937C4A32E929B4
:10A8E400E821E821E821C821C819C921E921EA2180
:10A8F400EA29CA29C929C921E929C821E7212C4300
:10A904002D5C0C54CB4BEB4BEB530B5C4C646D6CE0
:10A914006C6C6D6C8D6C8D748D74AD74EE7C2F8D40
:10A92400308D508D308DAF7C118D57B6DAC6B9BEDF
:10A93400B9BE1AC79495CC5B4D644C648D6C6C6441
:10A944004A64A853A9538D7413BE34C675CEB6D6C3
:10A95400F7DE39E75AE75AE77AE719D7B4AD2E7C20
:10A96400ED738C6BED73F194F4BD15BE35C635C62D
:10A9740056C6B7D619DF39DF59DF7ADF5ADF39DF38
:10A98400F8D697CE56C615BED3B592AD73AD93AD7A
:10A99400D5B5F6B5339DCA4AE731517C76A596A55F
:10A9A400F494AF6B8B428729E300A6194D53106CC6
:10A9B400106C106C6E5BEC4AD06BB38C159576A55D
:10A9C400159D5284F07B8F73938C5AC6DCD69BCE34
:10A9D4007AC67ABE59B6969D759DF7A538AE38AE3F
:10A9E4007ABEF8ADD063E929C821C821E821E8215D
:10A9F400E921C921C921C921EA29CA29C929C921A9
:10AA0400E929C72108226C4B2D5C0C54EC530C54DF
:10AA14000C540C5C4C646D6C8D6C8D6C8D6C8D6CFD
:10AA24008D74AD74EE7C2F85508D308D3085CF7C48
:10AA3400118516AEB9BEB9BED9BE98B61285CC5B27
:10AA44004D646C648C644B644A64E953EA5BCE7C69
:10AA540014BE55C696D6F7DE39E75AE77AE75AE7C1
:10AA64003ADF5BE7F9D694AD908C0E7CD194D5B5E2
:10AA740056C656C656C676CEB7D6F8DE39DF5AE77E
:10AA840039DF5ADF5ADF59DF39DFF8D697CE56C699
:10AA940015BEF4BD15BE56C6B8CEB9CE17B6EF7303
:10AAA4000B53B284359D1495B384D06BEC52493A60
:10AAB4004932EC4A5174D384927CF06B6E5BF06B38
:10AAC400148DF8B5F4942D5BE8310419A3108308B0
:10AAD4008729107497A57AC6BBCE9BC6BBC639B668
:10AAE400B6A5969D18AE59B67ABE9BBE158DAB42DF
:10AAF400E821E821E821E821E921C821C921EA293E
:10AB0400EA29CA29C929E929092AC721282A8D53EA
:10AB14002D5C0C540C542C5C2C5C2C5C4C648D6CA7
:10AB2400AD6C8D6C8D6C8D6CAD74AE74EE7C3085BB
:10AB3400508D508D308DF07C318D36AEB9BE98B6C7
:10AB4400FAC616A68F74EC5B4D644C644B5C4B5C8C
:10AB5400095CC953EA5BCE7C55CE96D6D8DE19DFA4
:10AB64003AE75AE75AE75BE73AE77BE75BE737BE42
:10AB7400129DF294D5B578CE77CE76CE77CEB8D670
:10AB8400F9DE19DF3ADF5ADF5ADF5ADF5ADF5ADFBC
:10AB94003ADF19DFD8D6B8D676CE56C697CEF9D6D0
:10ABA4005BDF3BDFDACE3395717C95A5B6A596A520
:10ABB400B7A5769D359D14953595769D969D138DF7
:10ABC400717CEF6BCF63B284D38CF7ADCF6BE410A1
:10ABD40021006200620021008200C729117439BE7D
:10ABE400FCCE9BC67ABE9ABE39B6969DD7A518AE42
:10ABF40039B6BBC6D8A53174AB3A2932E82109224B
:10AC04000922E921C921EA29EA29C929C929092AE4
:10AC1400082AC719482A8D532C542D5C2D5C4D5C91
:10AC24004D5C4D646D648D6CAE74AD748D6CAD749F
:10AC3400CE74EE7C0F7D508D508D508D508DCF7C19
:10AC4400318536AE57AEB49DD59DF17CED5BEC5BA2
:10AC54002C5C2C5C2B542A54C953C953EA5BCE7C1C
:10AC640097D6D8DE19DF39E73AE75AE75BE75BE7BF
:10AC74005BE75BE75BE7B9CED5B5F6B598CEB9D659
:10AC8400D8D6B8D6F9DE3AE75AE75AE73ADF5ADFB8
:10AC94005ADF5ADF5ADF5ADF5ADF3ADF1ADF1ADF88
:10ACA400F9DED8D6F9D63ADF5BDF5BDF3BDF17B6D8
:10ACB400339538B6BAC6BAC69AC659BE38B618B6A7
:10ACC400D7A5B6A5B284CF630F6C917C707C507409
:10ACD400D28CD7AD8E63C30825194A426A42A7298C
:10ACE400A30882000832D48C39B67ABEBBC69ABE99
:10ACF4007AB618AED7A5D7A559B6BBC618AE559522
:10AD0400316C2D4B292A0822292A0922E921C9213B
:10AD1400C929C921C921E929E821A61969328D5314
:10AD24000C5C2C5C4D5C4D5C4D646D648D6CAE6C48
:10AD3400AE6CCE74AD74CE74EF7C0F7D0F855085F0
:10AD440050852F853085CF7CD07C528D12856F6CD9
:10AD5400ED5B8B4B8B530C5C2C5C2B5C0B54EA53E0
:10AD6400C94BC9530A5CAE74F9DE19DF1AE73AE736
:10AD74003AE73BE75BE73BE73BDF5BE77CEF5CE71E
:10AD8400DAD6FAD61BDFFADE1ADF1ADF3ADF5BE720
:10AD94005BE73ADF3ADF3ADF3AD73AD73AD73ADFD6
:10ADA4003ADF1ADF1ADFF9DE19DF19DF1ADF3ADFBB
:10ADB4005BDF3ADF7CDFB9C6138DD6A579BE38B622
:10ADC40096A5759D5595148D3595D384717C707CAD
:10ADD400D184D1840E6C2B53707CF6ADD38C4D5B37
:10ADE400CF6BB38CD48C317CEC4A8619E4088E5B2F
:10ADF400158D55957ABEF8AD769D18AEF8ADB69D15
:10AE040038B6DBC679B618AEF8A5927CEC42E821D8
:10AE1400E821E821E921E921E921C929A821C8215A
:10AE2400A719A619A93ACD5B0C5C2D5C4D644D6441
:10AE34006D646D648D6CAE6CAE6CAE6CAE74CE74C1
:10AE44000F7D0F7D0F7D30852F850F7D3085107D23
:10AE5400CF7C8F740D640E644A4B4A43EC532C5CD4
:10AE64002C5C0B540A54EA4BC953EA53EB5B8E6CCB
:10AE74001AE71AE71AE73AE73AE73BE73BE73BE723
:10AE84003BE75BE75BE75CE71BDF3CE75CE75CE732
:10AE94003BDF3BDF3BDF3BDF3ADF1ADFF9D6F9D696
:10AEA400F9CED9CED9CED9CED9CEB8CEB8CE98CEC9
:10AEB40077CE98CEB8CEB8CEB8CE98C6D9CE57BE37
:10AEC400D18C917CD284F38C9284D284F38CD38CF5
:10AED400D4843495B6A5D5A5B0846B53A73A052A76
:10AEE400AC5B5395B6A5759D559D149514953595F4
:10AEF400927C0C4B86218E63D384727CB79D969D85
:10AF0400927C3595769D148D769D9ABEFBC6BAC605
:10AF1400BABE18AE927CCB42E821C8210922E921AD
:10AF2400E921E929A821C721A719E6190A43ED5BFC
:10AF34002C5C2C5C4D646D646D648D6C8D6C8D6CBF
:10AF4400AE6CAE6CAE6CCE740F7D107D107D108532
:10AF54002F7D0F7D0F7D3085107D6E6C0D5C8F6CA9
:10AF6400EC5BCC534D642C5C0B54EA4B0A540A54EE
:10AF74000A540B5CEB536D6C1AE71AE73AE73AE7AD
:10AF84003BE73BE73BE71ADF5BE75CEF3BE75BE76D
:10AF94003BE75CE73BDF3BE75BE75BE75BE73BDF2C
:10AFA4003BDF3ADFFAD6D9CEF9CEB8C698C698C6F2
:10AFB40077C657C657C657C636BE36BE36BEF5B573
:10AFC400D5ADB5AD37B6F6AD128DCD63EE6BF2846B
:10AFD4005495959DD7A5F7ADD8A518AEF7ADF184D6
:10AFE4004A53C842E8424632E9420E6CB184148D99
:10AFF400D384106C727C769DD7AD3595717C559554
:10B00400D7A5F38C148DF48C148DD384B38431744C
:10B01400927C17AEDAC699BE9ABE1CCF59B6516C53
:10B024006A32E821E921C821C821E929C821C821B7
:10B03400C71907222B430E642C5C2C5C4D646D6491
:10B044008D648D6C8D6C8D64AE6CAD6C8D6CCE74BA
:10B05400107D3085307D30852F7D2F7D0F7D0F7DD8
:10B06400107DAE6C2D64AF742D64EC536D640B5481
:10B074000B54EA4B0B540B54EA4BEA53AA4B0C5CAB
:10B084003AE73AE75AE71AE73AE73AE71ADF3AE7DC
:10B094003BE75BE75BE73BE73BE75BE75BE73BE71C
:10B0A4005BDF5BE75CE75CE75BE73BDF3BDF3AD713
:10B0B4003AD71AD7FACEF9CEF9CEF9D6FAD6FAD6C5
:10B0C400D9D6D9D6D9CEB9CE98C698C6B8C6B9C637
:10B0D40037B6CD630B4B138D58B6DAC6FBCEDAC642
:10B0E40039B6F38CCE6367326632CB630C6C863A26
:10B0F40066328C5B0F6CEF6BAF63D063106CD384E0
:10B10400B7A538AE38B6BABEBABE38B6B284517432
:10B11400D384F48C927C927C8E5B5074959D17AE94
:10B124009ABE9ABE9ABE969D2D4BE821292AE82103
:10B13400E921E921E821C721A619682A8C53ED5B8E
:10B144002C5C2C5C2C5C4C646D648D648D64AE6CE6
:10B154008D64AE6CAE6CCE74307D3085107D0F7D09
:10B16400EE7C0F7DEF7C0F7D107DAE742C5CEB5379
:10B174006D644D644D5C4D5C0B540B540B540B4C83
:10B18400EA4BEA534843CB5BB7D697CE98D698D6CA
:10B19400B8D6B8D698D6F9DE1ADF3AE73BE73BE7EC
:10B1A4005BE75BE73BE71ADF3BDF5BDF5CE77CE702
:10B1B4007CE77CE77CE79CE77CDF7CDF5BDF5BDFB5
:10B1C4005BDF5BDF5CE75CE75BE75BE75BDF3BDFA9
:10B1D4001AD71AD73AD75BDF98BEEE6B27320F6CBB
:10B1E4007495B6A5D7A5759DF06BAA42A621221128
:10B1F400252A0C6C8E74A73A873A8C5BEE6BEF6B46
:10B20400CF63F06BCF63106CB27C148D759D79B6EF
:10B21400B9BE17AE50744D538E5B727C148D559D20
:10B224004D538A3A106C138DB7A559B679B618AE3A
:10B23400B27CAB3AE821E821C821C821E821C72122
:10B24400A619A932AC53ED5B2C5C2C5C2C5C4D5CD8
:10B254004D5C6D648D64AE6CAE6C8D64AE6CEF74DD
:10B26400307D107DEF7C107D0F7D0F7D0F7D0F7D78
:10B274000F7DCE746D642C5C8E6C4D644C5C2C5CC8
:10B28400EB53EB4BEA4BCA4BAA4B8943E7328A5345
:10B2940015BED4B5D4B515BE36C635C635C6B7D673
:10B2A40019DF3AE75AE75BE75BE75BE75BE73ADF1F
:10B2B4005CE75CE77CE77CE77CE77CE79CE79CE772
:10B2C4007CDF7BDF5BDF5BDF5BDF5CDF5CE75CE756
:10B2D4003BE75CDF5CDF3BDF3BDF3BDF5BDF7BDFF0
:10B2E4001AD7B184641948320C4B2C534D53EB4A92
:10B2F40087192511230922098319494B4D6CA73A53
:10B30400A73AAC5BEF6BEF6BF06B316CCF63CF6341
:10B31400CF63AE63CE63B1845395F28CEE6B0B4B6B
:10B324006D5BF06BB384B7A5F06B2932CE633495B3
:10B33400927C348D7695F8A576956E4BC819A8192C
:10B344000922E921E821C7218511CA3ACD5BED5BC9
:10B354002C5C2D5C4D5C4D5C4C5C6D5C8D64AE6412
:10B36400AE648D648D64EF74107DEF74CF74107DC2
:10B374000F7D0F7DEF7CEF7CEF7CEF7CCE74CE7481
:10B38400EF748D642C5C0B54EB53EB4BCA4BAA4308
:10B39400A9436943C7328A4B93AD52A573ADB3B584
:10B3A400F4BDF4BDF5BD97CE19DF3AE75AE75AE785
:10B3B4003BE75BE75BE75BE77BE77BE75BE75BE759
:10B3C4005BE75BE77CE77CE77BDF7CDF5BDF5BDF06
:10B3D4005BDF5CDF3CE73BE73CE73BDF3BDF3BDF3E
:10B3E4003BDF5BDF3BDF3AD73BD75395E629851933
:10B3F40085198619A7218621A72186194411E10000
:10B40400E000A63A0C6C863A873ACD63106C106C57
:10B41400106C5174306C106CAE630C4B683AEA4A91
:10B42400CD63ED6BED63AD63707C917C927C148D88
:10B434003174AB42CF63B69D3595F48CF484559545
:10B44400358DAF53092287110922092AE821C72122
:10B4540085110B43CD5BED5B0C5C2D5C4D5C4D5C51
:10B464004D5C4C5C6D64AD64AE6CAE6CCE6CEF74D4
:10B474000F7DEF74CF74107DCF7CEF7CCF7CCF7CBD
:10B484000F7D0F7DEF7C107D0F758E6C2C5C0B5443
:10B49400EB4BCB4BCB4BAA4BA94B483BC732AB53E3
:10B4A40072AD52A572AD93ADB3B5D4B5F4BD56CE5D
:10B4B400D8D619E75AE75AE73AE73AE73BE73BE7D2
:10B4C4005BDF5BDF5BDF5BDF5BDF5BDF5BDF5BDFA8
:10B4D4005BDF5BDF5CDF5CDF5CDF5CE75CE73CE79A
:10B4E4003CE75CE75CDF3BDF3BDF1AD7FAD6D9CE1B
:10B4F40057BE707C072AA6218619A6218619E82939
:10B50400092AE7214411A000A000A63A0C6466327F
:10B514006732CE63306C106C106C51745174306CA3
:10B52400EF6B0B4B072A673ACC634E742D742E7461
:10B534004F74B284D384727CD0636A3AAB42148D64
:10B5440039B618AE769D358DF484D05B292A460928
:10B554008719C819C821A719A6194C4BEE5BED5BD6
:10B564000C5C2D5C4D646D5C4D5C4C5C6D5C8D6461
:10B57400CE6CEF74EF74EF74EF74EF7CEF7CEF7CC0
:10B58400CF7CEF7CEF7CEF7CEF7C0F7D0F7D0F7D1C
:10B59400CE746D642C5CEB53CB4BAB4BCB4BAA4BB7
:10B5A4006943073BA732CB5392AD92AD93AD92ADB5
:10B5B40093ADB3B5B3B515BE77CEF8DE3AE75AE727
:10B5C4003AE73AE73BE73BE75BDF5BDF5BDF5BDF09
:10B5D4005BE75BE75BDF5BDF3BD73BD75BDF5BDFD7
:10B5E4005CDF5CE73CE73CE71CDF5CE75CDF1BD728
:10B5F400B9CE98C698C698C6749D0A5385218519F4
:10B60400C721E829A7212932C821C7216511C10012
:10B61400A000C73AEB6366326732CE63EF6B106CFF
:10B62400316C5174306C106C106C0B4BC521E529D6
:10B63400AB63F08C6E7C2D74AC63EF6B3174937CD4
:10B64400927CAB4246116E5335955ABE7AB6D8A554
:10B65400D79DB37C6B32460946094711461125092B
:10B6640065112B43AD53AC53EC530C544D5C4D5C02
:10B674004C5C4C5C4C5C6D5CAE64EF6CEF74CE6CFB
:10B68400CE74CF74CE74CE74AE74CF7CCF7CEF7C8A
:10B694000F7D0F7D0F7D0F7DAE6C4D640C5CEB5305
:10B6A400CA4BAB4BCB4BAB4B483BE732A62AAB5315
:10B6B40093AD92AD93AD92AD93AD93B593ADD4BD2F
:10B6C40036C697D6F9DE1ADF1ADF3BE75BE75BE79E
:10B6D4007BE77BE75BE75BE75BE75BDF5BDF5BDF2E
:10B6E4005BDF5BDF5CDF7CDF7CE75CE75CE73CE740
:10B6F4003CDF3CDF1BDFDAD699CE98CE98C698C6DD
:10B704003295894285216519C729082AE829092A19
:10B71400492AC72123098000C0000843AB5B463295
:10B72400A83AEE63CF63106C316C5174306C0F6CBB
:10B73400EF6B893A4311E108663AEF84AE84EC6B0F
:10B74400ED6B2F7430741595979DF16B66198719FD
:10B754000D4B36959BBE7AB69BB6F9A5AF53C81967
:10B76400671167114609E40066110B436C4B8C5357
:10B77400CB4BEC530C542C5C2C542C5C4C5C6D5C0F
:10B784008D64AE6CAE6CAE6CAE6CAE748E6CAE741E
:10B79400AE74CF7CCF7CEF7C0F7D0F7D0F7D308529
:10B7A400CE746D640C5CEB53CB4BAB4BCB53CB4B9C
:10B7B400483BE732C732CB5393AD92AD93AD93ADD3
:10B7C40093AD93AD72ADD4BD15C656CE98D6D8D62A
:10B7D400F9DE3AE75BE77CE75BE75BDF5ADF5ADFDA
:10B7E4005BE75BDF5BDF5BDF5BDF5BDF5CDF7CDF5B
:10B7F4005CE75CE73BE71BE73CDF1BDFBAD699CE8F
:10B8040099CED9CED9CED9CE90848842E629A62124
:10B81400C729092A2932C829292AA7192409C100B4
:10B82400000108434953052A2A4B306C106C116CF3
:10B83400316C306C306C0F6C8E63273202116000F7
:10B844006219AE84AE848A5B0E7433951495559553
:10B85400B8A556958B3AE400A721D063F9AD5AB642
:10B864005AB67BB693740922A819A819C8194609AF
:10B8740008224C4B6C4B8C4BAB4BCB4BEC530C54CA
:10B884000C542C544C5C6D5C8D648D648D64AE6C76
:10B89400AE6C8E6C8D6CAE74AF7CCF7CCF7CCF7C69
:10B8A4000F7D0F7D0F7D2F7DCE746D640C5CEB538B
:10B8B400CB4BAB4BCB53CB536943083BE732CC5B0D
:10B8C40092AD92ADB1ADB1AD91A591A5D2ADF3B5A7
:10B8D40013B634BE55C6B8D63AE73BE73BE75BE759
:10B8E4005ADF3ADF1ADF3BDF5BE75CE73BDF3BDF36
:10B8F4003BDF5CE77CE75CE75CE75CE73BDF1BDFA7
:10B904003BDF3BDFFAD6FAD6F9D619D719D714B6E6
:10B91400AB6B295B8742C5290732E729082A092A24
:10B92400C821C72103012109452A8953284B252A07
:10B934004B53306C316C126C3274106C306C306C54
:10B944008C5B062AE108400021194D7C8F84E94A6A
:10B95400E94AB284D7A55695F58C569D1274E92907
:10B96400C829F16BF58C979D19AE3AAE168D4B3202
:10B974008819E929C8216619A93ACD5BCC53AB4B88
:10B98400CB4BEC53EC53EC530C544C5C6D5C4C5C67
:10B994008D648D64AE6CAE6C8D6C6D6C8E6C8E74BF
:10B9A400AF74CF7CEF7CEF7CEF7C0F7D2F7D2F7D00
:10B9B400CE6C6C642C5CEB53AA4BAA4BCB538A4BD6
:10B9C400693B283BE732EC53B2ADB2AD91AD91ADDA
:10B9D400B1ADB1ADD2ADF2B513B634BE35BE77CE8E
:10B9E400F9DE1ADF1AE75BE75AE73ADF3ADF3BDFB3
:10B9F4003BDF3BDF3BE75CE75BE75CE77CE77CE75F
:10BA04005CE75CE73BDF1BDF3BDF1BDF3BDF3BDF50
:10BA14001AD73AD796C6D08C8A63295B463A43191B
:10BA24008519E729292A082A092A8619E200831197
:10BA3400E742CB5B0843252A4B4B106C116C116C0D
:10BA4400316C106C306C0F6C4C53C621C108600013
:10BA540062194D7C8E84C84A473ACE633595979DCA
:10BA64005695158DD484537C73841595F48CF58C7C
:10BA74007695B89DD4844B328821C92987216619CB
:10BA840089328C538B4BAB4BAB4BCB4BEC53EC53C2
:10BA94000C542C5C4D5C4C5C6D646D648D648E6CDC
:10BAA400AE6C8E6C8E74AE74CF7CF07CF07C107DAA
:10BAB400107D307D30852F7DEE748D6C4C64EB539E
:10BAC400AA4B8A4B8A4B4943493B283BE732EB5309
:10BAD400F3B5B2AD91A591A591A5B1A5B1A591A5D7
:10BAE400D2ADD3B5F3B514BE76CEB8D6F9DE3BE706
:10BAF4005AE75ADF5ADF3BDF3BDF3BDF3BDF5CE7E4
:10BB04005BE77CE77CE77CE75CE75CE73BDF1BDF2C
:10BB14003BDF1AD77CE75BDF3ADF39DFF4B5CC6B68
:10BB24006A634A638742431903118621082AE8217C
:10BB3400082A65190209E4216953EB63A63A252A08
:10BB44004B53306C316C116C316C106C306CEF6396
:10BB54002C53C621C100600062190C746E7CE94A42
:10BB6400262ACA42106C5695979D158DF58C979D83
:10BB740039B63AB6B7A5158DF584F584D063C921D5
:10BB84008819A8218719A719CA3A8C4B6B4BAB4B60
:10BB9400AB4BCB4BEB4BEC530C542C5C4C5C4C5CE8
:10BBA4006D5C6D646D648D6CAE6C8E748E74AE74ED
:10BBB400CF7CCF7CEF7C0F7D107D3085307D2F7D59
:10BBC400EF74AE6C4C64EB538A4B8A4B6A4B293B43
:10BBD40008330833E732CB53D2B591AD71A570A5C4
:10BBE40070A570A570A5709D70A591A591A571AD66
:10BBF400D3B535C697CED9DE19DF3ADF5AE75BE70E
:10BC04003BDF3BDF3BDF5BE75CE77CE77BE77CE735
:10BC14005BE73BE73BDF1BDF3BDF1BD75BDF3ADF49
:10BC24003ADFF8CE319D6A638A636A63E952C529B3
:10BC340023116519E829E829E829A619C521873AB5
:10BC4400AA5BAA5B452A252A6C53306C316C316C93
:10BC5400316C306C506CEF630C4BA621C10080003A
:10BC6400A2210B6C6D7C294B47324832EC42527452
:10BC7400979DB89D56953595F8AD9BC6BBC619AE34
:10BC8400B79DD4840D436711671967196619082A8B
:10BC94004C4BAC536B4BAB4BAB4BCB4BEB4BEB53DE
:10BCA4000C542C544C5C4C5C6D646D646D648D6CF4
:10BCB4008D6C6D6C6D6C8E74AF74AF74CF7CEF7CD7
:10BCC400107D3085307D0F7D0F7DCE6C4C64CB5361
:10BCD4008A4B8A4B6943083BE7320833E732AB4B64
:10BCE40071A570A550A54F9D50A570A570A56FA511
:10BCF40070A590A570A550A551A592ADF4BD55C6EB
:10BD040097CEF8D63ADF7BE75BE73BDF3BDF5BE7C9
:10BD14005CE75BE77BE75CE75BE73BE73BDF1BDF7D
:10BD24005BDF3BDF3BDF3AD75ADF56BE4E7C6A63AC
:10BD34008A634A63C852A429E21065212932093270
:10BD4400E729E721883A8B5B2C6C6953E42146325E
:10BD54008C5B306C316C116C116C106C306CCE637C
:10BD6400EC428619C100E00065326C748D7CE842B7
:10BD7400262A282A292A0D4B947CB79DB79D7695AF
:10BD8400769D5AB6DBC6DBBE7AB6D47C6A324611DF
:10BD9400461126110509E7214C4BAC538B43AB4BA1
:10BDA400AB4BCB4BCB4BEB530B542C544C5C4C5C00
:10BDB4006D646D646D646D644D642C644D648E6C4F
:10BDC400AE74AF74CF7CEF7C107D3085307D2F7DD9
:10BDD4000F7DCE744C64CA538A4B6943293BE832C5
:10BDE4000733283BE832AB53309D50A570A570A5AE
:10BDF4006FA56FA58FA58FA58FA590A590A550A51C
:10BE040050A551A592ADF3BD35BE97CE19DF7BE7A2
:10BE14005BE75BE75BE75CE75BE75BE75BE75BE70D
:10BE24005BE73BDF3BDF3CDF1BD75BDF3ADF5BDFFE
:10BE34007BE7B3ADCB6B8A6B6A63C752E5392219D2
:10BE4400A10865210932E829E729C621A9426F74AE
:10BE5400AF7C284BC321A83A8D5B106C106C116C1D
:10BE6400116C106C306CCE63CC4265118000E00024
:10BE7400C642CD84AD7CC63A052A282A092A2A2A34
:10BE8400ED4A316C358DB69D5595D8A57AB6DBC68D
:10BE940039AE1064E821671146110509A300651144
:10BEA400CA3A4B436B438B438A43AB4BCB4BEB5369
:10BEB4000B540B544C5C4C5C6D644C5C4C5C4C649F
:10BEC4002C640C5C2C648E6C8E74AE74CF7CEF7C12
:10BED400107D307D307D0F7D0F7DEE744C64CB532F
:10BEE4008A4B4943083BE7320833283B0833CB539A
:10BEF400309D50A570A570A56FA56FA56FA56FA502
:10BF04008FA58FA56FA570A590AD91AD91ADD3B55B
:10BF140015B676C619D77BE77BE75BE75BE77BE77C
:10BF24005BE75BE75BE75BE75BE73BDF3BDF3BDF75
:10BF34001BD75BDF1AD77BE73ADF319D8A6B8A6BAD
:10BF44004963054263296329E3186621C829A7299F
:10BF5400E729A621A942B07C8F7CA73AC4210A4BC9
:10BF6400CE63106C116C316C116C106C306CCE6340
:10BF7400CC426511A0000009064BEC84AC7CA53AC8
:10BF8400062A282A2A2A0A2AEA218B3A8E5B717405
:10BF94005174927C348D75957174AB3AE821C8194B
:10BFA400A7196611A3004509892A0A3B2A3B4A3B83
:10BFB4006A43AA43CB4BEB530C542C544C5C6C5C3F
:10BFC4006D644C5C4C5C4C5C2C5C0B5C2C646D6C4C
:10BFD4006E748E74CF74EF7CEF7C0F7D0F7D0F7DBC
:10BFE4000F75CE744C64EB53AA4B6943083B083B72
:10BFF4002833483B0833EC530F9D309D70A570A542
:10C004004FA56FA56FA56EA58FA56FA56FA590AD64
:10C01400D1ADB1AD91ADD2B514BE76C619D75BE73B
:10C024005BE73BDF5BE75BE75BE75BE75BE75BE724
:10C034005BE73BDF3BDF3BDF3BDF5BDF1AD75BDFED
:10C04400B8CE8F8C49634A632863A33142292742BF
:10C05400C631A629C729E831A721A621A942907C87
:10C064000D6C4632E5294B53EF6B316C116C327415
:10C07400316CF063306CCE63AB3A861901098111DF
:10C084006653EC84AB7C853A262A082A2A2A2B2A72
:10C09400EA21E9296A32AA428A3A6932CB420C433C
:10C0A400082286190822E8210822C71904018509F3
:10C0B400A92AEA3A093B093369438A43CB4B0C5416
:10C0C4002C542C5C4C5C6D5C8D644C5C2C5C2C5C4A
:10C0D4002C5C0C5C2C646D6C6D6C8E74CE74CF7C9B
:10C0E400EF7C0F7D2F7D0F7DEF74CE6C4C640B5471
:10C0F400EB538A43283B4943493B493B283B0C5C6F
:10C104002F9D50A570A570A56FA56FA56EA56EA5F2
:10C114008EA56EA58FA5B0ADB0AD90AD91ADD2B5E5
:10C1240015BE96C6F9D63ADF3BDF5BE75BE77CE7F3
:10C134005BE75BE75BE75BE73BDF1BDF1BDF1BDFEB
:10C144003BDF5BDF3ADF5BDFB8CE4E8449636A6B6B
:10C154008652A3310542EA5A894AA729C729C82920
:10C16400C729A621072AAD63EA4AA51927328D5BA0
:10C17400306C3174F16B3274116C116C316CAE5BD8
:10C184008A3AE629E429E642E8636D95AB7C643299
:10C194002632082A0A32EA29C921E929092A082A61
:10C1A400E721A619861924092409C721082AE821A8
:10C1B400292AC719851128222A3B4A3B293B093BD6
:10C1C40069438A43CB4B0B544C5C4C5C4C5C8D6494
:10C1D4008D646C5C4C5C2C5C0C5CEB5B0C5C4D64AB
:10C1E4004D6C6D6CAE74EF7C0F7DEF74EF74EF7477
:10C1F400CE746D644C642C5CCB538A4B8A43694384
:10C204008943AA4B8A4B0C5C50A550A570A56FA519
:10C214004E9D4E9D6EA58EA58FAD8FA58FADB0ADF5
:10C22400B0ADB1ADD1B5F2B535BE97C619D73ADFC9
:10C234003ADF3BDF5BDF7BE75BDF5BDF5BDF5BDF43
:10C244003BDF3BDF1BDF1BDF5BDF5BDF3ADF3ADF1C
:10C2540056C60D7C49636A6B085B664AA8524B6BF1
:10C26400684AA62966218721A721C729E729893A8F
:10C27400072AA621893A6D5B116C116CF16B12745B
:10C28400116C116C106C6D53693AE6294532895B67
:10C29400AB846E9D4A74653A262A082A0A320B2A10
:10C2A400CA29E929E929E829072AA6218519451176
:10C2B4004511A619A619A7190822C719E719CA32E0
:10C2C4008C4B6B436A43AB4B8A43CB4BEB532C54A1
:10C2D4004C5C4C5C4C5C6D5C8D646C5C4C5C4C5C90
:10C2E4002C5C2C5C2C644D646D6C8D6CAE74EF7C9A
:10C2F4000F7DEF74CE74CE6CCE6CAE6C6D642C5C22
:10C30400EB53CA4BAA4B8A4BCA4BCA4BAA4B4D643C
:10C3140050A570A570A56FA52E9D2D9D6EA5AFADE2
:10C32400AFADAFADD0ADD0ADD1B5F2B513B613BE90
:10C3340056BEB7CE19D73ADF3ADF3BDF3BDF5BDFD0
:10C344003ADF3ADF3BDF3BDF3BDF3BDF3BDF3BDF1B
:10C354003BDF3BDF5BDF5BDF15B6CC734963496BC7
:10C36400496B08632A636B6B4842862925190511BA
:10C37400A729E831E829C7296519E729CB428F6342
:10C38400F06B116CF16B126C116C116C106C2C4B0A
:10C394004832E5212532CA634E952E95885B2432B6
:10C3A400062AE8290A2A0B32EA29E929E929E8298F
:10C3B400082AC6218621A621082AE7298519C6212B
:10C3C400E7198511071A2B3BCC4BAB4BAB4BAB4B53
:10C3D400AA4BEB4B0B542C544C5C4C5C4C5C6D5C8E
:10C3E4008D646C5C4C5C4C5C4D642C5C2C642D64E6
:10C3F4004C646D6CAE6CEF740F7DEF74CE74CE74C0
:10C40400CE6CCE6C6D64EB53EB530B5CEB53CB53A4
:10C414002C5CEB53CB536D6C50A570A570A56FA528
:10C424004EA52E9D6EA58FADCFADD0B5F0B5F1B5AF
:10C43400F2B513B634BE34BE97C6D8CE3ADF3ADF6F
:10C444003ADF3BDF3BDF5BDF1ADF3ADF3ADF3BDF1C
:10C454005BDF5BDF5BDF3BDF3BDF1AD77CE75BE760
:10C4640093A58A6B4963496B296B496B29630A63FA
:10C47400E639A6290411C408C82908322932C72973
:10C484008621E729CB42D06BF16B1274F16B3274C5
:10C4940031743174106C2C4B4832E521E529AA63C0
:10C4A400709DEE8C074BE429062AE829092A0A32F2
:10C4B4000A2AE929082AE829E729A6216519073261
:10C4C400AA4A283A44198619A619640948226B43D2
:10C4D400AC4BCB4BCB4BCB4BCB4B0B540B540B54EC
:10C4E4004C5C4C5C4C5C6D5C8D646D5C6C5C4D5C5C
:10C4F4004C642C5C2C5C2C5C2C5C4D648E6CCE747B
:10C50400EF74EF74CE74CE6CAE6CAE6C4C64CB53E3
:10C51400EB532C5C2C644D646C64EB53CB538E6CEA
:10C5240050A550A570A56FA54EA54EA56EA58FADBF
:10C53400AFADD0B5D1B5F1B5F2B533BE54BE55C625
:10C54400D8CE1AD75BDF5BDF3BDF3BDF5BDF5CDF33
:10C554003BDF3BDF3BDF5BDF5BE75BE75BDF3BDF77
:10C564003BDF1AD77BE7F9D6D09449634963696BFB
:10C574002863496B0963A852A531A629E410C408AD
:10C58400C829E8290832C729A729E829CB42F06B32
:10C59400116C1274F16B32743174306C0F6C2C4B5F
:10C5A400272AC621C421094BCF844D74A742C52133
:10C5B400072AE829092A0A2A092AE929092A082A24
:10C5C400E7298621862148422C5B8942441964115B
:10C5D40044098409C932AC4BAB4BCB4B0B542C5C98
:10C5E4002C5C4C5C2C5C2C542C544C5C4C546C5C7F
:10C5F4006D5C6D5C6C5C4D5C4C5C2C5C2C5C2D64EB
:10C604006D648D64AE6CEF74EF74CE74AE6C8D6437
:10C614008E6C8D6C2C5CEB530C5C4D646D648E6C79
:10C624006C640B5CEB5B8E7470A570A550A56FA554
:10C634004FA54EA56EA58FADB0ADB0ADD0B5F1B5DB
:10C6440013BE34BE55C676C619D73ADF7BE73BDF47
:10C654003BDF3BDF5CDF5CDF5BDF5BDF5BE75BE734
:10C664005BE75BDF3BDF3BDF5BDF1ADF7BE7D8CEDB
:10C674006E844963496B696B496B6A6B0963474212
:10C6840085298621C408E408A7290832E831A729A6
:10C69400C72908320C4B116C1174F16BD063116C07
:10C6A400316C106C0F6C2C4B082AC7218519062A93
:10C6B4002A53E94A062AC621072A082A292A2A2AA5
:10C6C400092A082A082AE721C6298621C731AA4A45
:10C6D4004D63CA52A6296419E2002301A82A8B4398
:10C6E400AB4BEB530B542C5C2C5C4C5C4C5C2C54D3
:10C6F4002B544C5C4C5C6C5C6C5C6C5C4C5C4C5CBF
:10C704004C5C4D5C4D646D648D64AE6CCE6CEF74AA
:10C71400EF74CE6CAE6C6D646D644C5C0C5C2C5C24
:10C724006D6C6D6C6D6C4D6C4C5C0B5C0B5C8D744A
:10C7340070A550A570A570A56FA56FA56FA5AFAD29
:10C74400B0B5B0ADB1ADF2B533BE55C696CED7CE09
:10C754003ADF5BE77BE73BDF3BDF5CDF5CE73BDF4C
:10C764005BDF5BE77BE77BE75BE75BDF3BDF3BDFD5
:10C774003BDF3BDF7BE797CE2D7C4963696B696BBD
:10C78400696B496BC85AE539A529A629C308A300D2
:10C79400662108320832A729C729C729EC52F06B51
:10C7A400F16BB0636F5BF06B306C306C0F6C4C4BA7
:10C7B400292A082AC62185192732062AC629E729E3
:10C7C400C721E821092A092A0822082A0822C619A9
:10C7D40044196521283A0B5B4C63CA52E63164194B
:10C7E4000201E100261A293B8A4B0B54EB530B54EC
:10C7F4002C5C4C5C4C5C2B544C5C4C5C6C5C6C5CFE
:10C804004C5C4C5C4C5C2C5C4C5C4D644D646D64C9
:10C814006D64AE6CCE6CEF74EF74CE6CAE6C6D6404
:10C824002C5CEB53CB532C5C8E6CAE746D6C0C5C3B
:10C83400EA530B5CEB5B4D6C50A550A570A590AD15
:10C844008FAD6FA56EA58FADD0B5B0ADB1ADF2B55E
:10C8540034BE75C6D7CE19DF3ADF7BE75BE73BDF33
:10C864003BDF5CDF5CDF3BDF3BDF5BDF7BE77BE702
:10C874005BDF5BDF5BDF5BDF5CE73BDF5BDF36BE41
:10C88400CC7349638A6B696B696BE862464A832996
:10C89400C531C629A3004200E410C8290832C729BB
:10C8A400A72145198B42AF63D06B6F5B2D53CF63C8
:10C8B400307450742F6C4C53C821C721C72186197A
:10C8C400E729C621C621C7216611A719E821082234
:10C8D400E8210822E721851904116521AA526D6B0C
:10C8E4006D63EB52273A6419430902014622293B3E
:10C8F400AB4BEB53EB536C644C5C6D646D5C4C5C08
:10C904004C5C4C5C4C5C6C5C4C5C4C5C2C542C5C0B
:10C914004C5C4D644D644D646D64AE6CCE6CEF74D0
:10C92400EF74CE6C8D646D64EB53AA4B8A4BEB5B56
:10C934006D6CAE746D6CCB53A94BEA53CA5B2C641B
:10C944002F9D90A591ADB0ADB0ADAFADAFADF0B58D
:10C9540011BEF1B5F2B533BE55C696C6F8CE5ADF50
:10C964005BE73BDF3BDF3BDF3BDF3BDF3BDF3BE7C3
:10C974005CE75BE75BE77BE77BE77BE75BDF3ADF73
:10C984007CD77BD75ADFD4B58B6B496B696B8A6BC9
:10C9940049638742E529A521C62965218308410009
:10C9A40082088629C731A7294519C3086A3A8E5BCC
:10C9B400F06B6E53CB42AE5B106C106C3174EB4A6F
:10C9C4008611A719E821A719A721E929A821471148
:10C9D400C50068110922092AE8290732C629431922
:10C9E4000219474A2B636C6B6C63EA522732C419F1
:10C9F400A311251AE732AA4BEB53EB530C5C4D649D
:10CA04006C5C4C5C4C5C6C5C4C5C4C5C4C5C4D5CA1
:10CA14002C5C2C540C542C5C4D5C6D646D646D6406
:10CA24006D648E64AE6CCE6CEF74CE6C6D642B5CF6
:10CA3400A94B68434843CB53AE6CAF742C64AA53E0
:10CA4400AA4B2C5C0C5C6E742F9D91A5D1B5D1B50D
:10CA5400B0ADB0B5D0B5F1BD11BEF1BD12BE54BE7E
:10CA640075C676C6B8CE19D73BDF3BDF1BDF3BDF8D
:10CA74003BDF1BDF3BDF3BE73BE75BDF5BDF5BDF92
:10CA84005BE75BDF5BDF3ADF5BD75BD73AD7B4ADFD
:10CA94008B6B6A6B6A6B6A6B095B463AC421A5218E
:10CAA400C62986218308210041082521A731662152
:10CAB400E41082008A3A6E5BCF636E53CB426E53AE
:10CAC400EF63EF63106CCB4205016611E821A721E7
:10CAD400A721C8298721061184004711E921E929E2
:10CAE400E829C729852164216329674A4B636C6B54
:10CAF4006B63EA52473A262AC8324943AA4BCB4BC6
:10CB0400EB4B0C542C5C2D5C6C5C4C5C4C5C4C5CBA
:10CB14004C5C4C5C4C5C2C5C2C5C0C540C542C5CC1
:10CB24004D5C6D646D646D648E64AE64AE6CCE6C8D
:10CB3400CE6CAE6C4C5CCA4B6943283B4943EB5307
:10CB44008E6CAE6C0C5C6A43CA532C642C64AF7C50
:10CB54002F9D91A5D2B5D1B5B0ADD0B5F1BDF1BD84
:10CB6400F1BDF2BD13BE54BE55C656BE77C6B8C697
:10CB74003ADF1BDF3BDF3BDF1BDF1BDF3BDF5CE719
:10CB84005CDF5BDF3BDF5BDF5BDF5BDF5BDF3ADF11
:10CB94005BD73AD719D773A58B6B6A6B8A6B4963DA
:10CBA40087420532A421A521C629662182080100F5
:10CBB4002000A3104521E410820862008B422D530B
:10CBC4006E5B4D53AB3A2D4BAF5BAF5BAF63AB4288
:10CBD400C4000509C721C829C729E8296721C40059
:10CBE40084006711E929E829C829A629A529C6319D
:10CBF400A43106422A634B632B5B0A53673AC83A53
:10CC04008B53EB530C540B54EB532C5C4D5C4D6425
:10CC14006C5C6C5C4C5C2C542C544C5C2C5C0C5448
:10CC24000C540C540C542C544C5C6D646D646D6445
:10CC3400AE64CF6CCF6CCE6CEF74AE6C2C5C89435D
:10CC4400483B083B69430C5C8D6C8E6CEC5B293B68
:10CC5400894BEB532C64EF7C91AD91ADD2B5D1B53A
:10CC6400B1B5D1BD11BED1BDF2BDF2BD13BE34BE4E
:10CC740056C676C697C6B8C63BDF3BDF3BDF3BDF15
:10CC84003BDF3BDF5CDF5CE75CE75BE75BDF5BDFF5
:10CC94005BDF5BDF5BDF3ADF7BD75BD7F9D6119DC8
:10CCA4006A6B8B6B6A63E852E529C521C521C621ED
:10CCB400C729651982002100210021008208620031
:10CCC4004100C3088A3AAB42EC4AEC4A6A32AB3AB6
:10CCD4002D4B4D532D536A3AC400A3004619C8295D
:10CCE400E831E9314621430084004719E929C8297C
:10CCF400A729E731484A8852C539C539EA5A4B63EE
:10CD04002A5B0A53873A0943CB53CB530B542C5C0D
:10CD14004C5C4C5C6D648E648D648D644C5C2C54F2
:10CD24002C542C5C2C54EB4BEB4BEB53EC530C542E
:10CD34004D5C6D648E648E64CF6CEF6CEF6CEF6C45
:10CD44000F75CE6C2C5C6943283B283B89430C5CF3
:10CD54004D644D64EB53083B083B894B0C5CF07C01
:10CD6400D2B5D1B5F2BD33BEF2BDF1BDF2BDF2BD57
:10CD7400F2BDF2BD14BE55BE76C6B8CED9CEFAD633
:10CD84005BDF5BDF5BDF5BDF5BDF5CDF5CDF5CDFCC
:10CD94007CE75BDF5BDF5BDF5BDF5BDF3BDF3ADFD7
:10CDA4005BDF5ADFB8CEAF8C4A636B6B2A5B884279
:10CDB400A421C521E629E729E72966218208210063
:10CDC40021000000000041002100E4102932293232
:10CDD4006A3AAB42292A4A32AB3A8B3AAB422932FD
:10CDE400E4084200C308462186296629E41042006B
:10CDF40063002619E931C8296629484A2B630A6366
:10CE0400264AC539E95A4B632B632A53873A2A4B7E
:10CE1400EC5B0C5C2C5C6D5C8D648D648D64AE6C21
:10CE2400AE64AD646D5C2C5C2C542C54EB53CB4B36
:10CE3400CB4BEB4BEC532C544D5C8E64AE6CCF6CF3
:10CE4400CF6CEF6CEF6CEF74EF74AE6C0B54483B2B
:10CE5400483B283B894BEB53EB53CB538A43E83293
:10CE6400E732283BEC5B107DB1B5D2B513C653C68F
:10CE740012C6D1B5D1B5F2BDF3BD13BE34BE55BE95
:10CE840077C6D8CE1AD73BDF5BDF5BDF3BDF3BDF08
:10CE94005BDF5BDF5BDF3BDF7CE75BDF3BDF3BDFF5
:10CEA4003BDF3BDF3ADF3ADF5ADF5ADF77C62E7CBF
:10CEB4006B636B63E952673AC529C621E721E72111
:10CEC400E7298621A3082100200020000000620039
:10CED40041000511C821C821092A4A32092A092A10
:10CEE400292A092A2A32E929E41021002100A31061
:10CEF400A31083106208420063002619E931C83187
:10CF0400A731AA526C732B6B8752E541C95A4B6304
:10CF14006B632A5B873A6A532C646D648D648D64F9
:10CF24008D64CE6CCE6CAE6CCE6CAE648D644C5C99
:10CF34002C540B54CB4BAA4BCB4BEC4B0C542C54D6
:10CF44004D5C6E64AE6CCF6CEF6CF06CEF74EF6C98
:10CF5400AE6C6D64AA4B283B69436943AA4BCA4B28
:10CF64008A438A436A430833E732083BEB5B108504
:10CF7400D1B5F2BD33C633C633C612BEF2BDF2BD5F
:10CF840013BE34C655C656C677C6D8CE1AD73BD7B5
:10CF94005BDF5BDF5BDF5BDF5BDF5BDF5BDF5BDFBD
:10CFA4005BDF5BDF3BDF3BDF3BDF3BDF3ADF3ADF6F
:10CFB4003ADF5ADF36BECC736B634B638842073269
:10CFC400E629C721E721C721C7218621C3084100DB
:10CFD4002100410041006200A3000511671987196F
:10CFE400E929092AC929E929E829C821E929C821FF
:10CFF4000411210000002100210021000100420051
:10D0040063004621E831C7312842EB624B730A6B57
:10D01400C85A464AC95A4B636B630A5387428B53B7
:10D024004D64AE6CAE6C8D64AD64CE6CEF74CE6C3E
:10D03400EF6CCE6C8D644C5C2C54EB4BCB4BCB4BDC
:10D04400EB4BEC530C540C542C544D5C8E64AF6C71
:10D05400EF6CEF6CEF6CCF6C8E642C548A43483BBE
:10D064006943AA4BCA4BAA4B8A436A438A436A431D
:10D074000833083B0C5C318533C653CE33C633C604
:10D0840074CE94CE54C633C634C655C676C676C658
:10D0940097C6D8CE19D73AD75BDF7CE77CE77CDF2D
:10D0A4005BDF7BDF7CDF7CDF7BDF5BDF3BDF3BDF6A
:10D0B4003BDF3BDF3BDF3BDF3ADF5ADFF5B58B631A
:10D0C4002B5B0A532732A621E729E829082AC7211E
:10D0D400C7218619E410A308410041004100620001
:10D0E4000411251146194619E929E929C821C92934
:10D0F400C821A821C929A8212519620021002100DD
:10D10400210021000000420062006621A729A7290E
:10D11400694A0B632B6B2A730963A85AE9624A6351
:10D124006B63E952873AAB5B8D6C8D64CE6CCD6CCE
:10D13400CE6CCE6CEE6CEF74EF74AE6C6D644C5CC4
:10D144002C54CA4BAA43CB4BEC4BEC53EC53EC534F
:10D154000C542C544D5C8E64CF6CCF6CEF6CCF6C44
:10D164008D640C54AA4B69436943CA4BEB53AA4BD5
:10D174008A438A43AA43CB4B283B283B0C5C31852A
:10D1840053C653C632C653C694CEF6DEF6DED6DE9A
:10D19400B6D6B6CE97CE97C6B7CEF9CE1AD73AD76B
:10D1A4007CDF7CDF7CDF7CDF5BDF5BDF7CDF7CE7DD
:10D1B4005BDF5BDF5BDF3BDF3BDF5BDF3BDF3BDF1B
:10D1C4005ADF3ADFD5B58C6B6B63EA52E63107322E
:10D1D400C721E829282AC721A721E829EB4AEB4AD5
:10D1E400083224116100E30804110511A721A821C4
:10D1F400C921E929C821A821C929C8218821C82110
:10D204008621A308210021004100200000004100E4
:10D2140082006621A7298629694A2C6B0A6B0A6B4E
:10D224000963E962C95A2A636B63E952C842CB5B5A
:10D23400AE74CE6CCD6CCE6CEE6C0F750F75EE7457
:10D24400CE6CAE6C8D644C5C2C54CA4BAA43CB4B55
:10D25400EC53EC530C540C4CEB4BCB4B0C546D5C1F
:10D26400AF64AF64CF6CAE6C6D5CEB53AA4B694397
:10D274008943AA4BCA4BAA4BAA43AA43CB43CB4BE1
:10D28400493B8A434D64318532C632C632C653C6E1
:10D2940094D6F6DE37E717DF18DFF8DEF8D6F8D6CF
:10D2A400F9D61AD73ADF5AD77CDF7CDF7CDF7CDF04
:10D2B4005BDF5BDF5BDF7BDF7BDF5BDF5BDF3BDF7A
:10D2C4003BDF5BDF3BDF3BDF3BDF1ADF94AD6B63B0
:10D2D4000A53473AA52128320832A7218619E8299A
:10D2E400CB42CF635495F7AD759DAE63072A86197B
:10D2F4008619A721E829C821A821E929E929C821F3
:10D30400C921C821A821C8216621E408620021009E
:10D314004100410041008208E410A729C729862959
:10D32400694A4B6B2A6B2A6B296B2A6B2A632A6323
:10D334004A63E952084BEC63CE74CE6CEE6CEE6C2F
:10D344000E752F750F75EF74AD6C8D646C5C2C5479
:10D35400CA4BAA4BCB4BCB4B0C540C540C54EC4B3C
:10D36400CB4BCB43EC4B4D548E5C6E5C6D646D6467
:10D374002C5CEB53AA4B69438A4BCA4BEB4BCB4B0C
:10D38400CB4BCB43CB43CB436943AA4B4D64318551
:10D3940032C632C632C653C6B5D617DF38E738E7C9
:10D3A40039E739E739DF39DF3ADF5ADF5ADF5ADF45
:10D3B4005CDF5CDF5BDF5BDF5BDF5BDF5BDF5BDF97
:10D3C4007BDF5BDF5BDF3BDF3BDF3BDF3BDF1BDF29
:10D3D4007BE71ADF129D0A536842C629A52107324A
:10D3E400083208326A3AAF63D38CD6A599C63CD7C3
:10D3F4003BD738B6B284AA4265196619C721E82911
:10D40400E929C921C821C929C929A821A821A821F4
:10D41400C721041182004100200020004100E308DC
:10D424006619E829E729A62948424B634B6B4B73DD
:10D434004A6B6A734A6B2A632A5B09534A532C6406
:10D44400CF74EE740E750E752F752F750F75EF74FE
:10D45400AD648D646D5C2B54CA4BEB4B0B54EB4B9E
:10D464000C540C540C4CEB4BCB43CB430C4C2C5476
:10D474002D540C540C540C540C54EB53CA53AA4B57
:10D48400CA4BCB4BEB53EB53CB4BCB43AB43AA43F2
:10D494006943AA4B6D64518532C632C632C674CE16
:10D4A400B6D617DF39E739E759E75AE75AE73ADFDB
:10D4B4003ADF5ADF5BDF5ADF5BDF5BDF5BDF5BDFBB
:10D4C4005BDF5BDF5BDF5BDF7CE75BDF5BDF3BDF7F
:10D4D4003BDF3BDF3BDF1BDF1ADFFAD69084684279
:10D4E400E631A5290732483A8A428E63717CB6A593
:10D4F40079BEFBCE1BCF3BD73BD71ACF78BE507437
:10D50400693AA621A721E829092AE929E929E9296B
:10D51400C921A821C821C92186190411A2006100CA
:10D5240061008100A2002411C721082AE72986216D
:10D53400483A2B634B6B4B6B6A736A6B2A632A639F
:10D54400295B09538A5B2C64CF74EF740E750F75D5
:10D554002F752F7D0F7DEF748D644C5C4C5C4C5C9F
:10D56400EB4BEB4B0C54EB4B0C540C54EC4BEB4B88
:10D57400CB43CB4B0C4C4D542C540C54CB4BEB5356
:10D584000B540B5CEB53CA53CA53EB53EB53EB4BA7
:10D59400CA4BAA438A438A3B693BAA4B8E6C928D41
:10D5A40053C632C653C695CEF7DE38E759E75AE775
:10D5B4005AE77BE77BE75BDF5ADF5BDF5BDF5BDF41
:10D5C4005BDF5BDF3BD73BDF5BDF5BDF5BDF5BDFCF
:10D5D4007CE75BDF5BDF3BDF3BDF3BDF3BDF1BDF0E
:10D5E4003BDFB9CEEE730732C5290732EA526D63C9
:10D5F400518496AD59BEDBCE1BD75CD73BCF3ACF17
:10D604005BD71ACF1ACF338D0B4B651925118619A9
:10D61400A821E929092AC921A821C821E929C82161
:10D62400A7216619241182006100A2000409861949
:10D63400C721E829E729A621283A0B5B4B6B2A6B03
:10D644004A734A6B2A634A63E952C84A8A5B2D6467
:10D65400CE74EE740E750F752F752F7D0F7DEE74DD
:10D664008D644C5C6C648D644C5C2C544C5C2C540C
:10D674002C542C540C540C4CEB4BEB430C4C2C54B2
:10D684004D5C0C54EB53EB53EB530B54EB53AA4B41
:10D69400CB53EB53CA4BCA4BCA43AA43AA3B8A3B5C
:10D6A4008943CA4B8E6C928D33C633C654C6B6D6E4
:10D6B40018DF39E75AE75AE77BE77BE77BE75BDF6D
:10D6C4005BDF5BDF5BDF5BDF5BDF3BD73BDF3BDFEE
:10D6D4003BDF5BDF5BDF7CE77CE75BDF3BDF3BDF84
:10D6E4003BDF3BDF1BDF1BDF5CDFD6B5CA4AC62945
:10D6F40068426C63918C75A579C6DBD6FBD63CDF9A
:10D704003BD73BCF3ACF3ACF5ACF5BCF3BCF138DEA
:10D71400EB4AE72129322932C821C821A821C8218E
:10D72400C821A821A821A821A721C721E829E729E0
:10D73400651903110411E729C721C721E729C6295F
:10D744000732EA5A4B6B2A6B4A6B4A6B4A6B6B6B18
:10D75400C85287428A5B4D64AE6CEE6C0E752F75B1
:10D764002F7D2F7D0F7DEF74AD6C6C648D64AE6C7A
:10D774008D646D5C6D5C6D5C6D5C4D542C542C54EF
:10D78400EB4BCB43EB432C4C2C540C54CB4BAA4BC0
:10D79400AA4BCA53CA53A94BCA53CA4BAA4BAA4B46
:10D7A400AA43AA43AA43CA43AA43CA4B6D645185F8
:10D7B40074C674C695CED7D638DF39E73AE75BE747
:10D7C4005BE77CE75CE75BDF3BDF3BDF3BDF5BDFAB
:10D7D4003BDF3BDF3BDF3BDF3BDF5BDF5BDF7CE7EC
:10D7E4005BDF5BDF3BDF3BDF3BDF3BDF1BDF1BDF65
:10D7F400DACE75A50B530A53507C95A558C61BDF8A
:10D804001BDF1BDFFBD6DAD6FACE1ACF7BD77BCF52
:10D8140019C73ACF1ACFB49D917C5174B2848E5BF0
:10D82400A721A82187196619871967198719A821BB
:10D834004A32CC42CF6B517CAE63493A6519A61982
:10D84400C721C721E729C729E731CA524B6B2B6B84
:10D854004A6B4A6B6A6B8B6BC852A842CB632D64CC
:10D86400AE6CEE6C0F752F7D4F7D2F7D0F7DEF7CA1
:10D874008C648C648D64AD648D646D646D5C6D5C6E
:10D884006D5C2C542C542C540B4CAA43EB434D5438
:10D894002C540B54CB4B8A43894BAA4BAA4B894B30
:10D8A400CA53A94B8943AA43AA43AA43CA43CA43B6
:10D8B400AA4BCA4B2C5CEF7CD5D6B5CED6D617DF97
:10D8C40039E739E73AE73ADF3BE75CE75CE75CDFF7
:10D8D4003BDF3BDF3BDF5BDF3BDF3BDF5BDF5BDF14
:10D8E4005BDF5BDF5BDF7CE75BDF5BDF3BDF3BDF7B
:10D8F4001BDF3CDF1BDF1BDF3CDFBACE95A5B5ADDC
:10D9040099CE5BDF3BDF5CE7FBDEFBDE1BDF3BDF4F
:10D914005BDF3BD75BD7D8BE77B677B61AC7D9C615
:10D9240057AE759D5495AF63092A2D532D53092A7B
:10D93400C8218B3A0D4B2E53937C769DF8AD759D83
:10D9440092846D5B082A2511A719A619C721A6215F
:10D95400C631C9526C6B4B736A6B4A6B4A6B6B6B07
:10D96400E952094B0C6C2C64AE6CEE742F754F7D30
:10D97400507D507D307D0F7DAD64CD6CEE6CEE6CD2
:10D98400EE6CCE6C8D646D5C4C540B4CEB4B2C5498
:10D994000B4CAA430B4C8E5C6D644D5C0B54AA4B30
:10D9A400894B894B894B894BCA53894B894389439A
:10D9B400AA43AA43AA43CA43CA43CA4B2C5CEF7C7A
:10D9C400F8DEF8DE19DF19DF1ADF3BDF3BDF1AD799
:10D9D4003BDF5BDF7BE77BDF5BDF5ADF5BDF5BDF4C
:10D9E4005BDF3BDF3BDF3BDF3BDF3BDF3BDF5BDF23
:10D9F4005CE75CDF3BDF3BDF3BDF3BDF3BDF1BDF29
:10DA04003BD7FBD6FAD61BD73CDF5CDF5CDF5BDFA2
:10DA14001AD71AD75AD7D8C6B8BE19C71AC7D59DA8
:10DA2400B074B074F59D1AC777AE2F6CAD5B0B4B19
:10DA3400AE5B7595B2846E5B7274969DF8A539AE33
:10DA4400BAC6DAC699BEB59DF2842F6CCA3AA5113E
:10DA5400A511E619E621C6210732A94A4B636C6B6E
:10DA6400296B8A736A636A63E84A4A4B0D646D647E
:10DA7400AE6CEE74EE7C0F7D50853085308530853C
:10DA8400CE740F752F7D0F7DEE74AD6C8D648D5C3F
:10DA94006C540B4C0B4C2C4CEB4B893BCA436C5CCD
:10DAA400EE6CEE6C8C5C2B54EA53A94BA94BA94346
:10DAB400CA4BAA4BA943AA43AA43AA438A438A3B13
:10DAC400884BCA532B5CCF7418E739E739E73AE738
:10DAD4003BE73BE73BDF3BDF5BDF5BDF7BE77BDF9A
:10DAE4005BDF5BDF5BDF5BDF5BDF3BDF3BDF3BDFC2
:10DAF4003BDF3BDF3BDF3BDF5BDF5CE75CDF3BDFE8
:10DB04003BDF3BDF3BDF1BDF3BDF1BDF3BDF3CDF80
:10DB14005CDF5CDF5CDF5BE77BE77BDF19CF739562
:10DB2400B07CF184538DF17CAC536B4BB07457AE25
:10DB340036A64B4B88324C535495F7AD348D348D07
:10DB440059B6BBC6FCCE1DCF1CD7DBCE99BED6A51D
:10DB54005495D284AD5BA93AE619A519272AE72979
:10DB6400C629CA526C6B4C6B496B8A736A63295B16
:10DB7400A8424A4B0C5C4D64AE6CEE740F7D2F854D
:10DB8400508D508D318D518D0F7D2F7D2F7D0F7DCB
:10DB94000E75EE74CE6CAE646D5C2C542B4C2C4C18
:10DBA400EB43893BCA4B4C5C0E752F75EE6C8C6451
:10DBB4004B5CEA530A540A540A54A94BAA4BCA4B65
:10DBC400AA43AA43AA43AA43C953EA530B5C8E74DB
:10DBD40018DF39E739E73AE73ADF3BDF5BE73BDF5A
:10DBE4005BDF5BDF7BE77BE77BDF5BDF5BDF5BDFF1
:10DBF4005BDF5BDF3BDF5BDF5BDF3BDF3BDF3BDFD1
:10DC04005BDF5BDF5CDF3BDF3BDF1BDF1BDF1BDF3F
:10DC14003BDF3BDF5CE77CE75CE75CDF5BDF5BDF34
:10DC24005BDF9BE7F9CEB07C4B534A4B8C53ED5BE7
:10DC34008B4B093BAC53538DD59D0A43E621AD5B19
:10DC4400959DF6A5B69D99BE1CCFBBC61CCFFCCE38
:10DC54003BCF1BCFFAC658B6B59D128570740F64BE
:10DC6400893264110722072AA521A94A6C634C6BE7
:10DC74006A6B8B6B4A63C84A67322A4BCC5B2D5C58
:10DC84008D6CCE740F7D5085718D518D518D518D5C
:10DC9400508530850F7D0F7D0F7DEE74CE6CCE6C7C
:10DCA4008D5C4C542C4C0B4CCA43893BA943EA531E
:10DCB400CE6C4F7D2F75CD6C8C644B648C6CAD6CCD
:10DCC4008C6C0A54CA53EA53A94BCA4B2C544C5C6F
:10DCD4008C6C6C6C4C6CCE7CD7D6F8DE19DF1ADFFA
:10DCE4001ADF1ADF3BDF5BDF5BDF7BE77BE77BE78A
:10DCF4007BDF5BDF5BDF7BDF5BDF5BDF3BDF5BDF30
:10DD04003BDF3BDF3BDF3BDF3BDF3BDF3BDF3BDF3F
:10DD14003BDF3BDF3BDF3BDF5BDF5CDF7CE79DE73B
:10DD24007CE75CDF5BDF5BDF3ADF7BDF3AD7118DBB
:10DD34004A4BE93A093B6B4B8B4B2A432A430E640B
:10DD44005285CD5B67324B4B0F6CD284D6A5FBCE8C
:10DD5400DBC6BAC61CCFDBC6FAC6FACE3BD7FAC6B8
:10DD640016AE538DD17CF27CAD53E621C619072A39
:10DD7400C62148422B636C6B6B6B8B6B4A63874287
:10DD8400463209438B53EC534D64AE740F7D50857A
:10DD9400518D518D318D518D718D50852F850F850C
:10DDA4000F7DEE74CE74CE6C8D646D5C2C540B4C74
:10DDB400CA4BAA43AA4BEA4BAD6C2F7D2F7DEE7460
:10DDC400AD6C8C6CEE7C2E852F854B64EA5BEA5B34
:10DDD400A9530A54CD6C0F7D2F85EE7CAD7C308D1C
:10DDE400B7D6F8DE19DF3ADF1ADF3ADF3BDF5BDF55
:10DDF4005BDF7BDF7BE77BE77BDF7BDF7BDF7BDF5F
:10DE04005BDF5BDF3BDF3BDF3BDF3BDF3BDF5BDFDE
:10DE14005BDF5BDF3BDF3BDF5BDF5BDF3BDF3BDFAE
:10DE24005BDF5CDF7CE77CE77CE75CE75CDF5BDF98
:10DE34007BDF7BDF7AD7D49D8B53C83A093B4A43B7
:10DE44004A434A434A436B4B907490742B4BA83A11
:10DE54000A4BEE63D6A5DAC6DAC61CD75CD7FBCE6E
:10DE64001ACFFAC63ACF1ACFB9BE16A6338DF284AA
:10DE7400D17C2B4BE621C621C6290732EA524C63DA
:10DE84006B6B6B6B4B63673A473209434A4BAB533B
:10DE94002C5C8E6CEF7C308551855185318D518D94
:10DEA400718D518D508D30850F85EE7CCE74CE747E
:10DEB400AE6C8D644D5C0C54EB4BEB4B0B544C5CD7
:10DEC400EE7450854F850E7DED74ED7C2E854F8D5F
:10DED4004F8D6B6C0A642A640A5C6B642E85908D8A
:10DEE4004F8D0E85CE847195D8D619DF3ADF3AE787
:10DEF4003ADF3BDF5BDF5BDF5BDF7BDF7BE77BE71F
:10DF04007BDF7BDF7BDF7BDF7BE75BDF3BDF3BDFD5
:10DF14003BDF3BDF5BDF7CE77CE75BDF5BDF5BDF1B
:10DF24007CE77BE75BE75BDF7CE75BDF7CE77CE749
:10DF34007CE75CDF5BDF7BDF7BDF7BDF7BD797B658
:10DF44002D64E93A093B2A3B4A436A434A43293B45
:10DF5400CC536F6CCD5BC93AE9426B53539578BE91
:10DF6400DACE3CD73CD73CD75BD71ACF3ACF1ACFBF
:10DF740019C798B69495F17C12859074A93AC62174
:10DF8400A521E629EA522B634B636B632A5B673A4C
:10DF9400873AE9424A4B8B4B0C5C8E6CCF7C1085E4
:10DFA4003185518531855185518D518D508D308507
:10DFB4000F85EF7CEF74EF74CF6CAE644D5C0B5443
:10DFC400EB4B0B546D64AE6C2F8570852F850E7DE5
:10DFD4000E7D0E854F8D6F8D2E858B746B6CAC749E
:10DFE400AC74ED7C6F8DB0956F954F952F8DB2A568
:10DFF400F8DE39DF5AE75BE73ADF3BDF5BDF7CE7DC
:10E004005BDF7BDF7BDF7BE77BDF7BDF7BDF5BDF74
:10E014007BE75BDF5BDF5BDF5BDF5BDF5BDF7CE7DB
:10E024007CE75BDF5BDF7CE77CE77BE75BDF7BDF59
:10E034007BE77BE77CE77CE77CE75CDF5BDF7BDF20
:10E044005AD77BD77AD75ACF31856A430933093BEC
:10E054004A3B4A3B293B09332A3BCC530D5C4A4398
:10E06400E93A0A434F6C16AE1BCF3BD73BCF7CDF5C
:10E074003ACF5BCF7BD73ACF19C7F9C615A65285DD
:10E08400538D748D0E646832C621E629C94A4C5BEF
:10E094004B636B630A53883AC942E93A6A4BAB5300
:10E0A400EC5B6D6CAF74EF7C3085518D5185518D77
:10E0B4003085508D508D0F85EF7CEF7CEF7CCE74D6
:10E0C400CF6C8E644D5C2C540B542C5C8D6CEF74B3
:10E0D4002F854F850E7D0E7D4F852E854F8D6F9537
:10E0E4004E8DCC7CCB7C0D854D8D6E8D8F95AF95F3
:10E0F4008F9D909D709DF2AD19DF3ADF5AE75BE783
:10E104005BE75BDF7CE77CE75BDF7BDF7BDF7BE779
:10E114007BE77BE75BDF5BDF7BE75BDF5BDF5BDFB3
:10E124005BDF5BDF5BDF5BDF7CE77BE77BE77CE779
:10E134007BE75BDF5BDF7BDF7BE77BE79CE79CE7E1
:10E144007CE75CDF5BDF7BDF7BDFBBDF5ACF9BD70A
:10E15400159ECC530933093329334A3B2A3B4A3BA6
:10E164004A3BAC4B4E64CC534A4309438C5394957D
:10E174003BCF1ACFB9BEB9BE1AC75ACF7BD73ACF55
:10E184005ACF7BD797B6B495B49536A6538D4B4BDF
:10E19400072AE62988426C636B638B630A53C8427F
:10E1A400294B0943AB53EC5BCB5B4D64AE74EF7C02
:10E1B4003085508D508D508D308D518D508DEF8424
:10E1C400EE7CEF7CEF7CCE74AE6C8E646D5C4D5C4B
:10E1D4004C5C4C5CAD6C2F7D4F852F85EE7C2E8581
:10E1E4006F8D4E8D4E8D6E8D8F952D8D0C852D8D55
:10E1F4006E958E95AE95AE958F9D8F9D8F9DD1AD6D
:10E2040019DF39DF5AE75BE75BDF5BDF7CE77CE73D
:10E214007CE75BDF5BDF5BDF5BDF5BDF5BDF5BDF01
:10E224007BE77BE75BDF5BDF5BDF7CE75BDF5BDFA1
:10E234007CE77CE77BE77CE77BE77BDF5BDF7BDFFF
:10E244007BE77BE77CE77CE77CE75CDF5BDF7BDF0E
:10E254007BDF39CF56AE76AE76AEAF6C293B093351
:10E2640009334A336A3B4A3B4A3BCC4B2D5C2D5C19
:10E274006A4B093B2A431285F9BEF5A5B07C749517
:10E28400D8BE3ACF5ACF39CF39C75ACF39C756AE8D
:10E29400B8B6D9B6F59D4F6C472AA41927324B5B03
:10E2A4008C634B5BE94A8B5BEC638A53CB5B0C5C02
:10E2B4000C5C4D6CAE74EF7C308D718D718D718DF5
:10E2C400718D718D508D30850F85EF7CCE74CE7439
:10E2D400AE6CAE6C8D644D5C6D5CAE6CEF740F7D9A
:10E2E4004F850E7DEE7C0E854E854F8D6F8D6E9520
:10E2F4006E958E958E95AE9DAE958E958E958E95DA
:10E304008E9DAF9DAF9DB0A519DF3ADF7BE77CE71B
:10E314005BDF5BDF7CE77CE77CE77BE75BDF5BDF86
:10E324005BDF3BDF3BDF3BDF5BE77BE75BE75BDF41
:10E334005BDF7CE75CDF5BDF5BDF5BDF5BDF7BE7B7
:10E344007BE77BE77BDF7BE77BE77BE77CE79CE79F
:10E354007CE77CE77BDF7BDF3AD7F4A56E6C6E6CE1
:10E36400F0746E64AB4B4A3B2A334A3B6A3B6A3BCC
:10E374006A3BAB4B0D540D546A432A3B2A436F6CE2
:10E38400738D2E642A432E6477AE5ACF3AC7B7BE34
:10E3940036AE15A656AE77AEF9BEB8B6948D2F64D8
:10E3A400A8328419C5210A4B6B5B2A53094B0C6CA8
:10E3B4008E742D6C2C6C2C642C644D6C8E74CF7C00
:10E3C4000F85508D708D508D518D718D718D508D47
:10E3D40030850F7DCE74AE6CCE74CE6CAE64AE64FC
:10E3E400CE6C0F752F7D2F7D4F850E7DEE7C2E8597
:10E3F4006F8D6F8D6F958F956E958E95AE9DAE9D3D
:10E40400AE958D956D958E958E9DAF9D8F9DF1A545
:10E414001ADF3ADF7BE77CE75CE75CDF7CE77CE7DD
:10E424007CE77CE75BDF5BDF3BDF3BDF3BDF1BDF66
:10E434003BDF5BDF5BDF3BDF3BDF5BDF5CDF5BDF67
:10E444005CDF5BDF5BDF7BE77BE77BE77BE77BE72F
:10E454007BE77BE77BE79CE79CE77CE77BDF7BDF75
:10E464001ACF118D294B09436A4BAB4BAB4B6A3B1B
:10E474004A3B4A3B6B3B6A3B6A3B8B43CC4BCC4BA2
:10E484008B438B4B6B430D5C6F6C2A3B672A6B4B46
:10E49400B4955BCF1AC7F59DB0744E6C8F74938D91
:10E4A40077AE77AE938DB0748C53672AC521A83AA2
:10E4B4008B5B2A534A534D6CCF7C8E74AE748D742F
:10E4C400AE7CAE7CAE7CEF84308D71959095708D72
:10E4D400518D718D718D508D2F850F85EE7CCE748D
:10E4E400CE74CE6CAE6CCE6C0F7550855085508555
:10E4F4002F850E850E854F8D6F8D6F956F956F955A
:10E504008F958F95AF9DAF9D8E9D6D956D956E95F5
:10E514008E958F9D8F9DD1A55BE73BE75BE77CE7FD
:10E524005CE75CE77CE77CE77CE77CE75BE75BE751
:10E534005BE75CE73CE73CE73BDF5BE75CE73BE74B
:10E544003BDF5CDF5CE75CE77CE75CDF5BDF7BE7B2
:10E554007BE77BE79BE79BE79BE79BE77BE79CE706
:10E564009CE77CE77CDF7CDF5BD7328D4A4B094339
:10E574002943293B4A3B4A3B6B434A3B6B436B432E
:10E584006A3B6A438B43AB438B43AC4B8B4B0D547D
:10E594004E642A43A8324B43738D5BCF3AC7D59D53
:10E5A4000D646A4B6A4B4E64117DD495B38D317DF5
:10E5B4004E6C6B4B6632252A2A532A538A5B4D7460
:10E5C400AE7CAE7CEF84CF84EF84EF84EF84108D37
:10E5D400308D508D708D708D718D718D508D508DED
:10E5E4002F850F85EF7CEF7CCE74AE6CAE6CCF7450
:10E5F4000F7D3085508D508D4F8D2E852E8D4F8DF6
:10E604006F956F956F956F958F958F9DAF9DAF9D0E
:10E614008F9D6E956E958E9D6E9DB09D909DB1A5BE
:10E624009CEF5BE75BE75CE75CE75CE77DE77CE747
:10E634007CE77CE75CE75CE75CE75CE75CE75CE77E
:10E644005BE75CE75CE75CE73CE75CE75CE75CE7CF
:10E654007CE75CE75BDF7BE77BE77BE77BE77BE7EC
:10E664009BE79BE77BE77CE79CE77CE77CE77CDF39
:10E674007CDFD5A5CC5B09434A43293B293B4A3B74
:10E684008B436B436B436B436B436A438B438B43B7
:10E69400AC4BCC4B8B430E5C6F648C4B2A3B8C4B4A
:10E6A400538D98B6B8B616A64E6CAB538B4BCC5B59
:10E6B4000D5CD0745285317D8F6C4E6C29430522DC
:10E6C4004632094BEC63AF7CEF7C0F85308D0F8DA8
:10E6D400308D108D108D108D308D508D508D708D2E
:10E6E400719571955095508D308D308D0F85EF7CDF
:10E6F400CF7CCF74EF7C0F7D3085308D508D70953D
:10E704006F954F954F8D6F95709590959095909DC1
:10E71400909D8F9D8F9D8F9D8F9D6F9D8F9DAF9D94
:10E72400B09DD1A54F9D33B6DDF77CE73CE75CE7B0
:10E734005CE75CE75DE75CE75CE75CE75CE73BE7DD
:10E744003BE73CE73CE73CE73BE73CE73CE73CE7AF
:10E754003CE75CE75CE75CE77CE75CE75BE77BE77F
:10E764007BE77BE77BE79BE79BE77BE77BE79CE734
:10E774009CE79CE79CE79CE79CE7D9C6AF7C0943F0
:10E78400E83A093B2A3B4A436B4B4B434B436B43AD
:10E794004A436B438B436B43AC4BCC4B8C4B2E5C4F
:10E7A4006F64AD538C4BAD53906CB174F27C528555
:10E7B4002E64AC53AB53CC53EC530D5C6E64AF6C12
:10E7C4008F6CAF74EC5BC73A46322A4B2D6CCF8406
:10E7D400EF840F85308D308D51953195319531957C
:10E7E400519550957095709571957195509550957A
:10E7F40050952F8D0F85CE7CEF7CEF843085518D25
:10E804005195308D2F955095909D7095709570957C
:10E81400709D909D909D909D909D709D6F9D6F9D0E
:10E824006F9D6F9D6F9D90A590A5B1A5719D59DFBA
:10E83400FEFF9DEF5CE75CE73CE73CE75CE73CE719
:10E844005CE77CE75CE73BDF1BE73CE73CE71CE776
:10E854003BE73BE73CE73BE73CE75CE75CE75CE73F
:10E864007DEF7CE77CE77CE77BE77BE79BE79BE747
:10E874009CE79BE79CE79CE7BDE79DE79DE79CE75A
:10E884009CE79CDFF5A5CC5BE93AE93A4A436B4344
:10E894006B4B6B4B6B4B6B4B6B4BAC4BCC53CC53B1
:10E8A400AC4BCC4B8C4B2E5C4F64AD53AD53CD5322
:10E8B400AE538C4B8C4BEE5BAC5B8B53AB53AB537B
:10E8C400CC53CC53EC534E646E648F6C2D64CB5399
:10E8D4004B53CC636E74AF7CEF840F85308D5195B0
:10E8E4005195319511953195319551955095709576
:10E8F4007195719571955095509550950F8DEF8444
:10E904000F851085508D9195919D5095509D709DCA
:10E91400B09D909D909D909D909D909D909D90A563
:10E92400909D709D4F9D709D709D90A590A590A504
:10E9340091A5D2AD96C6FCF7FFFFDEF79DEF7DEF04
:10E944005DE75DE75CE75CE77DE77DEF7CE75CE73F
:10E954003CE75CEF5DE73CE75CE75CE75CE73CE7F2
:10E964005CE77DEF7DEF7DEF7DEF7CE77CE79CEF5F
:10E974009CEF9CEFBCEFDCEFBCE7BCE79CE7BDEF92
:10E98400BDEF9DE77CE77CDF9CDFDDE7D8C6118522
:10E99400AC534A438B4B8B4B8C538C538C538C53BF
:10E9A400AC530E5C4E644E640D540D54CD536F64E1
:10E9B400906CEE5BEE5BCD53CE53AD536C4B8C53EE
:10E9C400AC53CC5BED5BCC530D5C4E642D5C6E6440
:10E9D4008F6CAF6C6E6C6E6C4F744F748F74CF7C95
:10E9E400108D308D308D7195729D52953195319584
:10E9F4005295729591959195929D919D719D509589
:10EA0400709D719D5095308D308D308D5195929DB6
:10EA1400B29D919D91A5B2ADD1A5D1A5B1A590A569
:10EA2400909D909D91A591A5B1A590A5909D90A52F
:10EA3400B1A5B1A5B1A5B1ADB1A513B6DBEFFDF795
:0CEA440075617274310A0000005000205F
:040000050800293096
:00000001FF
