:020000040800F2
:20000000005000203D020008D5020008D5020008D5020008D5020008D502000800000000CE
:20002000000000000000000000000000D5020008D502000800000000D5020008C90600084C
:20004000D5020008D5020008D5020008D5020008D5020008D5020008D5020008D5020008A8
:20006000D5020008D5020008D5020008D5020008D5020008D5020008D5020008D502000888
:20008000D5020008D5020008D5020008D5020008D5020008D5020008D5020008D502000868
:2000A000D5020008D5020008D5020008D5020008D5020008D5020008D5020008D502000848
:2000C000D5020008D5020008D5020008D5020008D5020008D5020008D5020008D50E00081C
:2000E000D5020008D502000800000000D5020008D5020008D5020008D5020008D5020008E7
:20010000D5020008D5020008D5020008D5020008D5020008D5020008D5020008D5020008E7
:20012000D5020008D5020008D5020008D502000880B500AF00F0D4F80221022000F01AF95B
:200140001121012000F016F90B220221002000F0E5FA04220321002000F0E0FA00F0D2FC1C
:20016000254B1B6804222549184600F01BFF244B1B68244A1360234B1B689B0E03F001032C
:20018000214A13601F4B1B68DB0E03F001031F4A13601C4B1B681B0F03F001031C4A1360F4
:2001A000174B1B68164A43F0807313601949012000F016FE164B1B68002B03D1134B1B6816
:2001C000002B0AD0144B154A1A60154B1B68154A1360144B1B6898470DE00B4B1B68002B7B
:2001E00009D00D4B104A1A60104B1B680D4A13600C4B1B689847FEE7000000200400002070
:2002000024100240200000201000002014000020180000205810000808ED00E00028000817
:20022000042800080C000020001400080414000880B400AF00BFBD4680BC704780B586B01F
:2002400000AF00237B6000237B6100233B611C4A1C4BD31A9B107B601B4B7B61194B3B61B1
:200260000023FB600AE07A69131D7B613B69191D396112681A60FB680133FB60FA687B6888
:200280009A42F0D3114A124BD31A9B107B60104B3B610023BB6007E03B691A1D3A610022E0
:2002A0001A60BB680133BB60BA687B689A42F3D3FFF7BEFFFFF73CFF00BF1837BD4680BD79
:2002C0000C0000200000002064100008380000200C00002080B400AF00BFBD4680BC70473A
:2002E00080B483B000AF0023FB80204A136843F00103136002E0FB880133FB801B4B1B68BE
:20030000C3F34003DBB2012B04D0FB8841F287329342F0D9164A13686FF310431360144AE9
:200320001368072161F395431360104A136843F08073136002E0FB880133FB800B4B1B6820
:20034000C3F34063DBB2012B04D0FB8841F287329342F0D9064A1368022161F301031360F1
:2003600000BF0C37BD4680BC704700BF001002400410024080B485B000AF03460A46FB7101
:200380001346BB710023FB73FB79022B02D90123FB7330E0BB791E2B02D90223FB732AE034
:2003A000FB79022B1CD0022B25DC002B02D0012B0BD020E0134B1B68BA79012101FA02F259
:2003C0001146104A0B43136015E00F4B1B68BA79012101FA02F211460B4A0B4313600AE03E
:2003E0000A4B1B68BA79012101FA02F21146074A0B43136000BFFB7B18461437BD4680BC5B
:20040000704700BF141002401C1002401810024080B485B000AF03460A46FB711346BB7186
:200420000023FB73FB79022B02D90123FB7333E0BB791E2B02D90223FB732DE0FB79022B71
:200440001ED0022B28DC002B02D0012B0CD023E0144B1B68BA79012101FA02F2D2431146E3
:20046000104A0B40136017E00F4B1B68BA79012101FA02F2D24311460B4A0B4013600BE0E2
:200480000A4B1B68BA79012101FA02F2D2431146064A0B40136000BFFB7B18461437BD46E5
:2004A00080BC7047141002401C1002401810024080B485B000AF03460A46FB711346BB7169
:2004C0000023FB73FB79022B02D90123FB7323E0BB791E2B02D90223FB731DE0FB79012BF2
:2004E00002D0022B0BD015E00E4B1B68BA79012101FA02F211460B4A0B4313600CE00A4B5F
:200500001B68BA79012101FA02F21146064A0B43136001E00123FB73FB7B18461437BD4617
:2005200080BC7047101002400C10024080B400AF044A13686FF38203136000BFBD4680BC04
:20054000704700BF10E000E080B584B000AF78607B6841F2941202FB03F3FB600C4B0022E2
:200560001A600C4AFB6813600B4A136843F00103136000BF084B1B68C3F30043DBB2002B15
:20058000F8D000F079F800BF1037BD4680BD00BF18E000E014E000E010E000E080B485B048
:2005A00000AF786039600123FB733B68002B03D10223FB73FB7B20E0124A13686FF30003A2
:2005C0001360114B00221A60104B00221A600023FB730D4A7B6813600A4A136843F0010375
:2005E00013600B4A3B6813600A4B00221A70054A136843F002031360FB7B18461437BD4685
:2006000080BC704710E000E014E000E018E000E0240000202800002080B485B000AF7860EF
:2006200039600123FB733B68002B02D10223FB7314E00023FB730C4A3B6813600B4A7B6832
:2006400013600B4B01221A700A4A136843F002031360084A136843F001031360FB7B18465F
:200660001437BD4680BC70472400002014E000E02800002010E000E080B400AF044A13685D
:200680006FF30003136000BFBD4680BC704700BF10E000E080B400AF044B1A68044B1B68B8
:2006A000D31A1846BD4680BC704700BF14E000E018E000E080B400AF024B1B681846BD467A
:2006C00080BC704718E000E080B500AF0E4B1B78002B0FD10D4A13686FF3410313600B4A34
:2006E00013686FF300031360094B00221A60094B00221A60084B1B689847044A13686FF3E7
:200700001043136000BF80BD2800002010E000E014E000E018E000E02400002080B485B0A6
:2007200000AF0346FB710B46BB7113467B710023FB73FB79022B02D90123FB73B4E0BB792C
:200740000F2B02D90223FB73AEE0BB79072B52D8FB79022B37D0022B00F3A680002B02D0E8
:20076000012B18D0A0E0534B1B68BA7992000F2101FA02F2D24311464E4A0B4013604D4B86
:200780001B687979BA79920001FA02F21146494A0B43136088E0484B1B68BA7992000F2112
:2007A00001FA02F2D2431146434A0B401360424B1B687979BA79920001FA02F211463E4AFE
:2007C0000B43136070E03D4B1B68BA7992000F2101FA02F2D2431146384A0B401360374BEB
:2007E0001B687979BA79920001FA02F21146334A0B43136058E0BB79072B54D9BB79083BF9
:20080000BB71FB79022B36D0022B4DDC002B02D0012B18D048E02A4B1B68BA7992000F2189
:2008200001FA02F2D2431146254A0B401360244B1B687979BA79920001FA02F21146204AD7
:200840000B43136030E01F4B1B68BA7992000F2101FA02F2D24311461A4A0B401360194B04
:200860001B687979BA79920001FA02F21146154A0B43136018E0144B1B68BA7992000F2109
:2008800001FA02F2D24311460F4A0B4013600E4B1B687979BA79920001FA02F211460A4AB9
:2008A0000B43136000E000BFFB7B18461437BD4680BC704700080140000C014000100140DC
:2008C00004080140040C01400410014080B485B000AF03463A60FB710B46BB710023FB73B0
:2008E000FB79022B02D90123FB7333E0BB790F2B02D90223FB732DE0FB79022B1ED0022B32
:2009000028DC002B02D0012B0CD023E0144B1A68BB7922FA03F3DBB203F00103DAB23B68F1
:200920001A7017E00F4B1A68BB7922FA03F3DBB203F00103DAB23B681A700BE00A4B1A6815
:20094000BB7922FA03F3DBB203F00103DAB23B681A7000BFFB7B18461437BD4680BC704740
:2009600008080140080C01400810014080B485B000AF03463960FB710023FB73FB79022BE0
:2009800002D90123FB731BE0FB79022B12D0022B16DC002B02D0012B06D011E00B4B1B6884
:2009A0009AB23B681A800BE0094B1B689AB23B681A8005E0074B1B689AB23B681A8000BF61
:2009C000FB7B18461437BD4680BC704708080140080C01400810014080B485B000AF0346A2
:2009E000FB710B46BB7113467B710023FB73FB79012B02D90123FB7344E0BB790F2B02D9BE
:200A00000223FB733EE07B79012B1BD1FB79022B12D0022B36DC002B02D0012B06D031E047
:200A2000BB7901229A401A4B1A602BE0BB7901229A40184B1A6025E0BB7901229A40164BF6
:200A40001A601FE07B79002B1BD1FB79022B12D0022B17DC002B02D0012B06D012E0BB794A
:200A600001229A400D4B1A600CE0BB7901229A400B4B1A6006E0BB7901229A40094B1A60D5
:200A800000E000BFFB7B18461437BD4680BC704710080140100C014010100140140801402E
:200AA000140C01401410014080B485B000AF03460A46FB711346BB800023FB73FB79012B8E
:200AC00002D90123FB7312E0FB79022B0ED0022B0DDC002B02D0012B04D008E0074ABB88A9
:200AE000136004E0064ABB88136000E000BFFB7B18461437BD4680BC704700BF0C080140D1
:200B00000C0C014080B485B000AFF4237B607B682F4AA2FB03235B09FB60FB68642202FBAE
:200B200003F37A68D31A3B603B681B013233284AA2FB03235B09BB60BB680F2B04D9FB68E0
:200B40000133FB600023BB60224AFB68C3F30B0399B2136861F30F1313601E4ABB6803F008
:200B60000F03D9B2136861F3030313601A4A13686FF30C331360184A13686FF38A2313603E
:200B8000154A13686FF3C7131360134A13686FF386131360104A13686FF3451313600F4A2B
:200BA00013686FF3CC2313600B4A136843F008031360094A136843F004031360064A13682F
:200BC00043F40053136000BF1437BD4680BC70471F85EB51084400400C4400401044004088
:200BE00080B483B000AF03460A46FB711346BB71FB79022B2ED0022B40DC002B02D0012B44
:200C000014D03BE000BF204B1B68C3F3C013DBB2012BF8D11D4ABB79136000BF1A4B1B6868
:200C2000C3F38013DBB2012BF8D127E000BF184B1B68C3F3C013DBB2012BF8D1154ABB799F
:200C4000136000BF124B1B68C3F38013DBB2012BF8D113E000BF104B1B68C3F3C013DBB211
:200C6000012BF8D10D4ABB79136000BF0A4B1B68C3F38013DBB2012BF8D100BF00BF0C375E
:200C8000BD4680BC704700BF00380140043801400044004004440040004800400448004089
:200CA00080B584B000AF03463960FB710323FB600DE0FB68DB003A6822FA03F3DAB2FB796E
:200CC00011461846FFF78CFFFB68013BFB60FB68002BEEDA00BF00BF1037BD4680BD80B455
:200CE00085B000AF03463960FB710023FB600023FB723B68002B01D10223FB72FB79002BE3
:200D00001BD102E0FB680133FB602D4B1B68C3F34013DBB2002B03D1FB682A4A9342F1D90D
:200D2000FB68294A934202D10323FB7242E0274B1B68DAB23B681A703CE0FB79012B1BD12A
:200D400002E0FB680133FB60214B1B68C3F34013DBB2002B03D1FB681A4A9342F1D9FB6872
:200D6000194A934202D10323FB7223E0194B1B68DAB23B681A701DE0FB79022B1AD102E0C7
:200D8000FB680133FB60144B1B68C3F34013DBB2002B03D1FB680B4A9342F1D9FB680A4ADC
:200DA000934202D10323FB7204E00C4B1B68DAB23B681A70FB7A18461437BD4680BC70476D
:200DC000003801409F860100A08601000438014000440040044400400048004004480040B0
:200DE00080B584B000AF03463960FB710023FB730023BB733B68002B0ED10223FB7311E07A
:200E0000BB7B3A6813441A78FB7911461846FFF7E7FEBB7B0133BB73BB7B3A6813441B78B3
:200E2000002BEDD1FB7B18461037BD4680BD80B584B000AF03463960FB711346BB71002360
:200E4000FB731AE007F10E02FB7911461846FFF746FFBB7B0A2B02D0BB7B0D2B05D1FB7BC7
:200E60003A68134400221A700DE0FB7B5A1CFA731A463B681344BA7B1A70FA7BBB79013B89
:200E80009A42DFDB00BF00BF1037BD4680BD80B487B000AFF860B9601346FB710023FB75D4
:200EA0000EE0FB7DFA6813441A78FB7DB9680B441B789A4201D0002307E0FB7D0133FB7533
:200EC000FA7DFB799A42ECD3012318461C37BD4680BC704780B500AF024B1B68984700BF6F
:200EE00080BD00BF3400002080B582B000AF0A23FB7106E0FB79184600F00BF8FB790133A0
:200F0000FB71FB793F2BF5D900BF00BF0837BD4680BD80B483B000AF0346FB7100BF1E4BC9
:200F2000DB6803F00103012BF9D01B4B1B69DB0903F00103012B05D1174B184A5A60164BDC
:200F4000174A5A60144B1B69134A43F002031361FB799B02104A03F1006353610E4B1B6937
:200F60000D4A43F04003136100BF0B4BDB6803F00103012BF9D0084BDB68074A43F02003AF
:200F8000D360054B1B69044A23F00203136100BF0C37BD4680BC7047002002402301674546
:200FA000AB89EFCD80B487B000AFF860B9601346FB7100BF254BDB6803F00103012BF9D093
:200FC000224B1B69DB0903F00103012B05D11F4B1F4A5A601D4B1F4A5A600023FB752BE08D
:200FE0001A4B1B69194A43F001031361FB7D5B00BA6813441B88BB82FB7D5B00BA681A447B
:20100000FB6812881A80FB680233FB6000BF0F4BDB6803F00103012BF9D00C4BDB680B4A0F
:2010200043F02003D360094B1B69084A23F001031361FB7D0133FB75FA7DFB799A42CFD3ED
:2010400000BF00BF1C37BD4680BC70470020024023016745AB89EFCD0A424D0A0000000004
:1010600000500020F01300083333222211114444B1
:2014000000500020A9180008411900084119000841190008411900084119000800000000A9
:2014200000000000000000000000000041190008411900080000000041190008351D00082C
:2014400041190008411900084119000841190008411900084119000841190008411900087C
:2014600041190008411900084119000841190008411900084119000841190008411900085C
:2014800041190008411900084119000841190008411900084119000841190008411900083C
:2014A00041190008411900084119000841190008411900084119000841190008411900081C
:2014C0004119000841190008411900084119000841190008411900084119000839250008F8
:2014E00041190008411900080000000041190008411900084119000841190008411900083E
:201500004119000841190008411900084119000841190008411900084119000841190008BB
:201520004119000841190008411900084119000880B500AF00F00AFA00F02EFB03210220EC
:2015400000F04EFA1221012000F04AFA0B220A21012000F019FC04220B21012000F014FCDA
:2015600000F006FE00BF80BD80B582B000AFFFF7DFFF1349022000F065FF00F0E7FF11498F
:20158000022000F05FFF0023FB7103E0FB79184600F036F9FB1D1946022000F0D2FE0346D6
:2015A000002BF3D003E00849022000F04BFFFB1D1946022000F0C5FE0346032BF3D0E2E75E
:2015C000BC260008C4260008DC26000880B588B000AF78600023FB837B6801331A787B6804
:2015E00002331B781946104600F0EAF80346BB767B6803331A787B6804331B781946104615
:2016000000F0DEF803467B767B6805331A787B6806331B781946104600F0D2F803463B7605
:201620007B7E1B021AB23B7E1BB213431BB2BB837B6807331A787B6808331B7819461046CC
:2016400000F0BEF80346FB75BB7E9AB27B7E9BB213449AB23B7E9BB213449AB2FB7D9BB24F
:2016600013449AB2FB8B1344FB83FB7D002B50D10023FB7648E0FB7E5B0009331A467B6899
:2016800013441A78FB7E05335B0019467B680B441B781946104600F093F80346BB75FB7E0F
:2016A0005B000B331A467B6813441A78FB7E06335B0019467B680B441B781946104600F08F
:2016C0007FF803467B757B7D1B021AB2BB7D1BB213431BB29BB2FB817B7D9AB2BB7D9BB2BF
:2016E00013449AB2FB8B1344FB83BB8B03F1006307F10E010122184600F086FFBB8B0233D7
:20170000BB83FB7E0233FB76FA7EBB7E9A42B2D308E0FB7D012B05D11349022000F092FEFA
:20172000FF231DE0BB7E5B0009331A467B6813441A78BB7E05335B0019467B680B441B789E
:201740001946104600F03CF803463B753B7D9AB2FB8B1344FB83FB8BDBB23B613B69DBB278
:2017600018462037BD4680BDE426000880B485B000AF0346FB710023FB73FB792F2B06D957
:20178000FB79392B03D8FB79303BFB7312E0FB79402B06D9FB79462B03D8FB79373BFB7385
:2017A00008E0FB79602B05D9FB79662B02D8FB79573BFB73FB7B18461437BD4680BC7047FC
:2017C00080B584B000AF03460A46FB711346BB71BB791846FFF7CAFF0346FB73FB7918468D
:2017E000FFF7C4FF0346BB73BB7B1B015AB297F90F3013435BB2DBB218461037BD4680BDB7
:2018000080B584B000AF0346FB71FB790A2B02D0FB790D2B1CD11B4B1B88002B14D0194B6B
:201820001B881A46184B002199541748FFF7CEFE0346FB73FB7BFF2B06D11449022000F076
:2018400001FE134B134A1A600E4B00221A8015E00C4B1B883E2B0AD80A4B1B885A1C91B254
:20186000084A11801946084AFB79535406E00A49022000F0E7FD034B00221A8000BF10377A
:20188000BD4680BD4200002000000020F82600080CED00E00400FA050827000880B400AF6A
:2018A00000BFBD4680BC704780B586B000AF00237B6000237B6100233B611C4A1C4BD31AE3
:2018C0009B107B601B4B7B61194B3B610023FB600AE07A69131D7B613B69191D39611268FB
:2018E0001A60FB680133FB60FA687B689A42F0D3114A124BD31A9B107B60104B3B61002353
:20190000BB6007E03B691A1D3A6100221A60BB680133BB60BA687B689A42F3D3FFF7BEFFE7
:20192000FFF722FE00BF1837BD4680BD00000020000000201C270008580000200000002020
:2019400080B400AF00BFBD4680BC704780B483B000AF0023FB80204A136843F001031360AC
:2019600002E0FB880133FB801B4B1B68C3F34003DBB2012B04D0FB8841F287329342F0D9D7
:20198000164A13686FF310431360144A1368072161F395431360104A136843F08073136036
:2019A00002E0FB880133FB800B4B1B68C3F34063DBB2012B04D0FB8841F287329342F0D947
:2019C000064A1368022161F30103136000BF0C37BD4680BC704700BF0010024004100240EF
:2019E00080B485B000AF03460A46FB711346BB710023FB73FB79022B02D90123FB7330E096
:201A0000BB791E2B02D90223FB732AE0FB79022B1CD0022B25DC002B02D0012B0BD020E012
:201A2000134B1B68BA79012101FA02F21146104A0B43136015E00F4B1B68BA79012101FAED
:201A400002F211460B4A0B4313600AE00A4B1B68BA79012101FA02F21146074A0B431360B6
:201A600000BFFB7B18461437BD4680BC704700BF141002401C1002401810024080B485B02C
:201A800000AF03460A46FB711346BB710023FB73FB79022B02D90123FB7333E0BB791E2BDE
:201AA00002D90223FB732DE0FB79022B1ED0022B28DC002B02D0012B0CD023E0144B1B6801
:201AC000BA79012101FA02F2D2431146104A0B40136017E00F4B1B68BA79012101FA02F226
:201AE000D24311460B4A0B4013600BE00A4B1B68BA79012101FA02F2D2431146064A0B4059
:201B0000136000BFFB7B18461437BD4680BC7047141002401C1002401810024080B485B0D7
:201B200000AF03460A46FB711346BB710023FB73FB79022B02D90123FB7323E0BB791E2B4D
:201B400002D90223FB731DE0FB79012B02D0022B0BD015E00E4B1B68BA79012101FA02F28B
:201B600011460B4A0B4313600CE00A4B1B68BA79012101FA02F21146064A0B43136001E0A7
:201B80000123FB73FB7B18461437BD4680BC7047101002400C10024080B400AF044A136832
:201BA0006FF38203136000BFBD4680BC704700BF10E000E080B584B000AF78607B6841F281
:201BC000941202FB03F3FB600C4B00221A600C4AFB6813600B4A136843F00103136000BFB9
:201BE000084B1B68C3F30043DBB2002BF8D000F079F800BF1037BD4680BD00BF18E000E058
:201C000014E000E010E000E080B485B000AF786039600123FB733B68002B03D10223FB73D0
:201C2000FB7B20E0124A13686FF300031360114B00221A60104B00221A600023FB730D4AA8
:201C40007B6813600A4A136843F0010313600B4A3B6813600A4B00221A70054A136843F04C
:201C600002031360FB7B18461437BD4680BC704710E000E014E000E018E000E044000020F7
:201C80004800002080B485B000AF786039600123FB733B68002B02D10223FB7314E0002376
:201CA000FB730C4A3B6813600B4A7B6813600B4B01221A700A4A136843F002031360084AD0
:201CC000136843F001031360FB7B18461437BD4680BC70474400002014E000E0480000202A
:201CE00010E000E080B400AF044A13686FF30003136000BFBD4680BC704700BF10E000E04C
:201D000080B400AF044B1A68044B1B68D31A1846BD4680BC704700BF14E000E018E000E091
:201D200080B400AF024B1B681846BD4680BC704718E000E080B500AF0E4B1B78002B0FD1E9
:201D40000D4A13686FF3410313600B4A13686FF300031360094B00221A60094B00221A6010
:201D6000084B1B689847044A13686FF31043136000BF80BD4800002010E000E014E000E0B5
:201D800018E000E04400002080B485B000AF0346FB710B46BB7113467B710023FB73FB7973
:201DA000022B02D90123FB73B4E0BB790F2B02D90223FB73AEE0BB79072B52D8FB79022B5A
:201DC00037D0022B00F3A680002B02D0012B18D0A0E0534B1B68BA7992000F2101FA02F220
:201DE000D24311464E4A0B4013604D4B1B687979BA79920001FA02F21146494A0B431360B5
:201E000088E0484B1B68BA7992000F2101FA02F2D2431146434A0B401360424B1B687979A7
:201E2000BA79920001FA02F211463E4A0B43136070E03D4B1B68BA7992000F2101FA02F20F
:201E4000D2431146384A0B401360374B1B687979BA79920001FA02F21146334A0B43136096
:201E600058E0BB79072B54D9BB79083BBB71FB79022B36D0022B4DDC002B02D0012B18D0E6
:201E800048E02A4B1B68BA7992000F2101FA02F2D2431146254A0B401360244B1B687979C1
:201EA000BA79920001FA02F21146204A0B43136030E01F4B1B68BA7992000F2101FA02F20B
:201EC000D24311461A4A0B401360194B1B687979BA79920001FA02F21146154A0B43136070
:201EE00018E0144B1B68BA7992000F2101FA02F2D24311460F4A0B4013600E4B1B687979D3
:201F0000BA79920001FA02F211460A4A0B43136000E000BFFB7B18461437BD4680BC7047ED
:201F200000080140000C01400010014004080140040C01400410014080B485B000AF034666
:201F40003A60FB710B46BB710023FB73FB79022B02D90123FB7333E0BB790F2B02D90223DE
:201F6000FB732DE0FB79022B1ED0022B28DC002B02D0012B0CD023E0144B1A68BB7922FAED
:201F800003F3DBB203F00103DAB23B681A7017E00F4B1A68BB7922FA03F3DBB203F0010371
:201FA000DAB23B681A700BE00A4B1A68BB7922FA03F3DBB203F00103DAB23B681A7000BF64
:201FC000FB7B18461437BD4680BC704708080140080C01400810014080B485B000AF03468C
:201FE0003960FB710023FB73FB79022B02D90123FB731BE0FB79022B12D0022B16DC002B75
:2020000002D0012B06D011E00B4B1B689AB23B681A800BE0094B1B689AB23B681A8005E069
:20202000074B1B689AB23B681A8000BFFB7B18461437BD4680BC704708080140080C0140C8
:202040000810014080B485B000AF0346FB710B46BB7113467B710023FB73FB79012B02D98C
:202060000123FB7344E0BB790F2B02D90223FB733EE07B79012B1BD1FB79022B12D0022BF4
:2020800036DC002B02D0012B06D031E0BB7901229A401A4B1A602BE0BB7901229A40184B6F
:2020A0001A6025E0BB7901229A40164B1A601FE07B79002B1BD1FB79022B12D0022B17DCE8
:2020C000002B02D0012B06D012E0BB7901229A400D4B1A600CE0BB7901229A400B4B1A601F
:2020E00006E0BB7901229A40094B1A6000E000BFFB7B18461437BD4680BC704710080140EE
:20210000100C01401010014014080140140C01401410014080B485B000AF03460A46FB71C1
:202120001346BB800023FB73FB79012B02D90123FB7312E0FB79022B0ED0022B0DDC002BBB
:2021400002D0012B04D008E0074ABB88136004E0064ABB88136000E000BFFB7B1846143716
:20216000BD4680BC704700BF0C0801400C0C014080B485B000AFF4237B607B682D4AA2FBFB
:2021800003235B09FB60FB68642202FB03F37A68D31A3B603B681B013233264AA2FB0323BD
:2021A0005B09BB60BB680F2B04D9FB680133FB600023BB60204AFB68C3F30B0399B21368DF
:2021C00061F30F1313601C4ABB6803F00F03D9B2136861F303031360184A13686FF30C3337
:2021E0001360164A13686FF38A231360134A13686FF3C7131360114A13686FF38613136044
:202200000F4A13686FF3CC2313600C4A136843F008031360094A136843F004031360074AD8
:20222000136843F40053136000BF1437BD4680BC704700BF1F85EB51084800400C48004063
:202240001048004080B483B000AF03460A46FB711346BB71FB79022B2ED0022B40DC002B33
:2022600002D0012B14D03BE000BF204B1B68C3F3C013DBB2012BF8D11D4ABB79136000BFDC
:202280001A4B1B68C3F38013DBB2012BF8D127E000BF184B1B68C3F3C013DBB2012BF8D1D4
:2022A000154ABB79136000BF124B1B68C3F38013DBB2012BF8D113E000BF104B1B68C3F368
:2022C000C013DBB2012BF8D10D4ABB79136000BF0A4B1B68C3F38013DBB2012BF8D100BF8A
:2022E00000BF0C37BD4680BC704700BF00380140043801400044004004440040004800409D
:202300000448004080B584B000AF03463960FB710323FB600DE0FB68DB003A6822FA03F36B
:20232000DAB2FB7911461846FFF78CFFFB68013BFB60FB68002BEEDA00BF00BF1037BD464F
:2023400080BD80B485B000AF03463960FB710023FB600023FB723B68002B01D10223FB729A
:20236000FB79002B1BD102E0FB680133FB602D4B1B68C3F34013DBB2002B03D1FB682A4A97
:202380009342F1D9FB68294A934202D10323FB7242E0274B1B68DAB23B681A703CE0FB792D
:2023A000012B1BD102E0FB680133FB60214B1B68C3F34013DBB2002B03D1FB681A4A934211
:2023C000F1D9FB68194A934202D10323FB7223E0194B1B68DAB23B681A701DE0FB79022BF1
:2023E0001AD102E0FB680133FB60144B1B68C3F34013DBB2002B03D1FB680B4A9342F1D950
:20240000FB680A4A934202D10323FB7204E00C4B1B68DAB23B681A70FB7A18461437BD4632
:2024200080BC7047003801409F860100A086010004380140004400400444004000480040D2
:202440000448004080B584B000AF03463960FB710023FB730023BB733B68002B0ED10223D6
:20246000FB7311E0BB7B3A6813441A78FB7911461846FFF7E7FEBB7B0133BB73BB7B3A68C8
:2024800013441B78002BEDD1FB7B18461037BD4680BD80B584B000AF03463960FB7113464F
:2024A000BB710023FB731AE007F10E02FB7911461846FFF746FFBB7B0A2B02D0BB7B0D2B4E
:2024C00005D1FB7B3A68134400221A700DE0FB7B5A1CFA731A463B681344BA7B1A70FA7B37
:2024E000BB79013B9A42DFDB00BF00BF1037BD4680BD80B487B000AFF860B9601346FB7181
:202500000023FB750EE0FB7DFA6813441A78FB7DB9680B441B789A4201D0002307E0FB7DCD
:202520000133FB75FA7DFB799A42ECD3012318461C37BD4680BC704780B500AF024B1B68F2
:20254000984700BF80BD00BF5400002080B582B000AF0A23FB7106E0FB79184600F00BF813
:20256000FB790133FB71FB793F2BF5D900BF00BF0837BD4680BD80B483B000AF0346FB71D3
:2025800000BF1E4BDB6803F00103012BF9D01B4B1B69DB0903F00103012B05D1174B184A59
:2025A0005A60164B174A5A60144B1B69134A43F002031361FB799B02104A03F10063536183
:2025C0000E4B1B690D4A43F04003136100BF0B4BDB6803F00103012BF9D0084BDB68074AB2
:2025E00043F02003D360054B1B69044A23F00203136100BF0C37BD4680BC7047002002404A
:2026000023016745AB89EFCD80B487B000AFF860B9601346FB7100BF254BDB6803F0010341
:20262000012BF9D0224B1B69DB0903F00103012B05D11F4B1F4A5A601D4B1F4A5A6000239C
:20264000FB752BE01A4B1B69194A43F001031361FB7D5B00BA6813441B88BB82FB7D5B0009
:20266000BA681A44FB6812881A80FB680233FB6000BF0F4BDB6803F00103012BF9D00C4BB1
:20268000DB680B4A43F02003D360094B1B69084A23F001031361FB7D0133FB75FA7DFB795D
:2026A0009A42CFD300BF00BF1C37BD4680BC70470020024023016745AB89EFCD0A62746C67
:2026C000640A00000A4170706C69636174696F6E204572617365640A0000000049444C4572
:2026E0000A0000000A736F6674776172652075706461746564200A00454F46207265636591
:1C270000697665640A0000004C696E6520746F6F206C6F6E67210A0000500020A6
:20280000005000209D290008352A0008352A0008352A0008352A0008352A00080000000077
:20282000000000000000000000000000352A0008352A000800000000352A00080D3000081E
:20284000352A0008352A0008352A0008352A0008352A0008352A0008DD360008F5360008C0
:202860000D370008253700083D370008352A0008352A0008352A0008352A0008352A000829
:20288000352A0008352A0008352A0008352A0008352A0008352A0008352A0008352A000800
:2028A000352A0008352A0008352A0008352A0008352A0008352A0008352A0008352A0008E0
:2028C000352A0008352A0008352A0008353A00085D3A0008494000085D40000871400008BE
:2028E000352A0008352A000800000000352A0008352A0008352A0008352A0008352A000807
:20290000352A0008352A0008352A0008352A0008352A0008352A0008352A0008352A00087F
:20292000352A0008352A0008352A0008352A000880B500AF00F00EF800F01AF84FF49670D6
:2029400000F0BAFA0249002001F004FBF6E700BFBCEA000880B500AF00F072F802210220AB
:2029600000F0B8F80E21022000F0B4F800BF80BD80B500AF0B220921002000F051FB042211
:202980000A21002000F04CFB01F0D0F800BF80BD80B400AF00BFBD4680BC704780B586B0FD
:2029A00000AF00237B6000237B6100233B611C4A1C4BD31A9B107B601B4B7B61194B3B612A
:2029C0000023FB600AE07A69131D7B613B69191D396112681A60FB680133FB60FA687B6801
:2029E0009A42F0D3114A124BD31A9B107B60104B3B610023BB6007E03B691A1D3A61002259
:202A00001A60BB680133BB60BA687B689A42F3D3FFF7BEFFFFF78CFF00BF1837BD4680BDA1
:202A20000000002000000020C8EA0008380000200000002080B400AF00BFBD4680BC70478C
:202A400080B483B000AF0023FB80204A136843F00103136002E0FB880133FB801B4B1B6836
:202A6000C3F34003DBB2012B04D0FB8841F287329342F0D9164A13686FF310431360144A62
:202A80001368072161F395431360104A136843F08073136002E0FB880133FB800B4B1B6899
:202AA000C3F34063DBB2012B04D0FB8841F287329342F0D9064A1368022161F3010313606A
:202AC00000BF0C37BD4680BC704700BF001002400410024080B485B000AF03460A46FB717A
:202AE0001346BB710023FB73FB79022B02D90123FB7330E0BB791E2B02D90223FB732AE0AD
:202B0000FB79022B1CD0022B25DC002B02D0012B0BD020E0134B1B68BA79012101FA02F2D1
:202B20001146104A0B43136015E00F4B1B68BA79012101FA02F211460B4A0B4313600AE0B6
:202B40000A4B1B68BA79012101FA02F21146074A0B43136000BFFB7B18461437BD4680BCD3
:202B6000704700BF141002401C1002401810024080B485B000AF03460A46FB711346BB71FF
:202B80000023FB73FB79022B02D90123FB7333E0BB791E2B02D90223FB732DE0FB79022BEA
:202BA0001ED0022B28DC002B02D0012B0CD023E0144B1B68BA79012101FA02F2D24311465C
:202BC000104A0B40136017E00F4B1B68BA79012101FA02F2D24311460B4A0B4013600BE05B
:202BE0000A4B1B68BA79012101FA02F2D2431146064A0B40136000BFFB7B18461437BD465E
:202C000080BC7047141002401C1002401810024080B485B000AF03460A46FB711346BB71E1
:202C20000023FB73FB79022B02D90123FB7323E0BB791E2B02D90223FB731DE0FB79012B6A
:202C400002D0022B0BD015E00E4B1B68BA79012101FA02F211460B4A0B4313600CE00A4BD7
:202C60001B68BA79012101FA02F21146064A0B43136001E00123FB73FB7B18461437BD4690
:202C800080BC7047101002400C10024080B485B000AF0346FB710023FB73FB791F2B05D888
:202CA000FB7901229A400B4B1A600DE0FB793B2B08D8FB79203BFB71FB7901229A40064B2F
:202CC0001A6001E00123FB73FB7B18461437BD4680BC704700E100E004E100E080B485B003
:202CE00000AF0346FB710023FB73FB791F2B05D8FB7901229A400B4B1A600DE0FB793B2B3C
:202D000008D8FB79203BFB71FB7901229A40064B1A6001E00123FB73FB7B18461437BD46C7
:202D200080BC704780E100E084E100E080B485B000AF0346FB710023FB73FB791F2B05D821
:202D4000FB7901229A400B4B1A600DE0FB793B2B08D8FB79203BFB71FB7901229A40064B8E
:202D60001A6001E00123FB73FB7B18461437BD4680BC704700E200E004E200E080B485B060
:202D800000AF0346FB710023FB73FB791F2B05D8FB7901229A400B4B1A600DE0FB793B2B9B
:202DA00008D8FB79203BFB71FB7901229A40064B1A6001E00123FB73FB7B18461437BD4627
:202DC00080BC704780E200E084E200E080B485B000AF03463960FB710023FB73FB791F2BC3
:202DE0000BD8134B1A68FB7922FA03F3DBB203F00103DAB23B681A7013E0FB793B2B0ED89A
:202E0000FB79203BFB710B4B1A68FB7922FA03F3DBB203F00103DAB23B681A7001E00123D7
:202E2000FB73FB7B18461437BD4680BC704700BF00E300E004E300E080B485B000AF034665
:202E4000FB710B46BB7113467B71124B124A1A600223FB7397F90730002B16DB97F90730D4
:202E6000002B12DBBA79FB7B02FA03F35AB297F9053013435BB2DAB297F9073003F1604381
:202E800003F564431201D2B21A7000BF1437BD4680BC70470CED00E00005FA0580B400AFB2
:202EA000044A13686FF38203136000BFBD4680BC704700BF10E000E080B584B000AF7860BB
:202EC0007B6841F2941202FB03F3FB600C4B00221A600C4AFB6813600B4A136843F00103C2
:202EE000136000BF084B1B68C3F30043DBB2002BF8D000F063F800BF1037BD4680BD00BF01
:202F000018E000E014E000E010E000E080B485B000AF786039600123FB733B68002B02D179
:202F20000223FB7311E00023FB730B4A3B6813600A4A7B6813600A4A136843F002031360ED
:202F4000074A136843F001031360FB7B18461437BD4680BC704700BF0C00002014E000E027
:202F600010E000E080B485B000AF786039600123FB733B68002B02D10223FB7311E000231E
:202F8000FB730B4A3B6813600A4A7B6813600A4A136843F002031360074A136843F0010331
:202FA0001360FB7B18461437BD4680BC704700BF0C00002014E000E010E000E080B400AF17
:202FC000044A13686FF30003136000BFBD4680BC704700BF10E000E080B400AF044B1A6858
:202FE000044B1B68D31A1846BD4680BC704700BF14E000E018E000E080B400AF024B1B68A0
:203000001846BD4680BC704718E000E080B500AF024B1B68984700BF80BD00BF0C0000200A
:2030200080B485B000AF0346FB710B46BB7113467B710023FB73FB79022B02D90123FB7362
:20304000B4E0BB790F2B02D90223FB73AEE0BB79072B52D8FB79022B37D0022B00F3A680F4
:20306000002B02D0012B18D0A0E0534B1B68BA7992000F2101FA02F2D24311464E4A0B406B
:2030800013604D4B1B687979BA79920001FA02F21146494A0B43136088E0484B1B68BA79A0
:2030A00092000F2101FA02F2D2431146434A0B401360424B1B687979BA79920001FA02F2F2
:2030C00011463E4A0B43136070E03D4B1B68BA7992000F2101FA02F2D2431146384A0B40D8
:2030E0001360374B1B687979BA79920001FA02F21146334A0B43136058E0BB79072B54D952
:20310000BB79083BBB71FB79022B36D0022B4DDC002B02D0012B18D048E02A4B1B68BA79AB
:2031200092000F2101FA02F2D2431146254A0B401360244B1B687979BA79920001FA02F2AD
:203140001146204A0B43136030E01F4B1B68BA7992000F2101FA02F2D24311461A4A0B40F1
:203160001360194B1B687979BA79920001FA02F21146154A0B43136018E0144B1B68BA79CB
:2031800092000F2101FA02F2D24311460F4A0B4013600E4B1B687979BA79920001FA02F279
:2031A00011460A4A0B43136000E000BFFB7B18461437BD4680BC704700080140000C014059
:2031C0000010014004080140040C01400410014080B485B000AF03463A60FB710B46BB71C7
:2031E0000023FB73FB79022B02D90123FB7333E0BB790F2B02D90223FB732DE0FB79022B93
:203200001ED0022B28DC002B02D0012B0CD023E0144B1A68BB7922FA03F3DBB203F00103DC
:20322000DAB23B681A7017E00F4B1A68BB7922FA03F3DBB203F00103DAB23B681A700BE094
:203240000A4B1A68BB7922FA03F3DBB203F00103DAB23B681A7000BFFB7B18461437BD4633
:2032600080BC704708080140080C01400810014080B485B000AF03463960FB710023FB7365
:20328000FB79022B02D90123FB731BE0FB79022B12D0022B16DC002B02D0012B06D011E093
:2032A0000B4B1B689AB23B681A800BE0094B1B689AB23B681A8005E0074B1B689AB23B68B8
:2032C0001A8000BFFB7B18461437BD4680BC704708080140080C01400810014080B485B018
:2032E00000AF0346FB710B46BB7113467B710023FB73FB79012B02D90123FB7344E0BB79B2
:203300000F2B02D90223FB733EE07B79012B1BD1FB79022B12D0022B36DC002B02D0012BF0
:2033200006D031E0BB7901229A401A4B1A602BE0BB7901229A40184B1A6025E0BB79012221
:203340009A40164B1A601FE07B79002B1BD1FB79022B12D0022B17DC002B02D0012B06D00C
:2033600012E0BB7901229A400D4B1A600CE0BB7901229A400B4B1A6006E0BB7901229A4054
:20338000094B1A6000E000BFFB7B18461437BD4680BC704710080140100C01401010014094
:2033A00014080140140C01401410014080B485B000AF03460A46FB711346BB800023FB73A8
:2033C000FB79012B02D90123FB7312E0FB79022B0ED0022B0DDC002B02D0012B04D008E074
:2033E000074ABB88136004E0064ABB88136000E000BFFB7B18461437BD4680BC704700BF69
:203400000C0801400C0C014080B483B000AF0346FB71074B1B68FA79012101FA02F2114683
:20342000034A0B43136000BF0C37BD4680BC70470004014080B483B000AF0346FB71084B23
:203440001B68FA79012101FA02F2D2431146044A0B40136000BF0C37BD4680BC704700BF36
:203460000004014080B485B000AF0346FB710B46BB7113467B710023FB737B79012B37D1BF
:20348000BB79022B1CD0022B2FDC002B02D0012B0BD02AE0394B9B68FA79012101FA02F28E
:2034A0001146364A0B43936062E0344BDB68FA79012101FA02F21146304A0B43D36057E0E3
:2034C0002E4B9B68FA79012101FA02F211462B4A0B439360294BDB68FA79012101FA02F2A4
:2034E0001146264A0B43D36042E00123FB733FE07B79002B3BD1BB79022B1ED0022B33DCFB
:20350000002B02D0012B0CD02EE01C4B9B68FA79012101FA02F2D2431146184A0B4093609E
:2035200026E0164BDB68FA79012101FA02F2D2431146124A0B40D3601AE0104B9B68FA794C
:20354000012101FA02F2D24311460C4A0B4093600A4BDB68FA79012101FA02F2D2431146D2
:20356000064A0B40D36003E00123FB7300E000BFFB7B18461437BD4680BC7047000401400F
:2035800080B483B000AF0346FB71074B1B69FA79012101FA02F21146034A0B43136100BFE1
:2035A0000C37BD4680BC70470004014080B483B000AF0346FB71074B5B69FA79012101FA1C
:2035C00002F21146034A0B43536100BF0C37BD4680BC70470004014080B485B000AF786024
:2035E0000123FB737B68002B02D10223FB7304E00023FB73044A7B681360FB7B184614378D
:20360000BD4680BC704700BF1000002080B485B000AF78600123FB737B68002B02D102233D
:20362000FB7304E00023FB73044A7B681360FB7B18461437BD4680BC704700BF14000020FB
:2036400080B485B000AF78600123FB737B68002B02D10223FB7304E00023FB73044A7B68CE
:203660001360FB7B18461437BD4680BC704700BF1800002080B485B000AF78600123FB7349
:203680007B68002B02D10223FB7304E00023FB73044A7B681360FB7B18461437BD4680BC3F
:2036A000704700BF1C00002080B485B000AF78600123FB737B68002B02D10223FB7304E07E
:2036C0000023FB73044A7B681360FB7B18461437BD4680BC704700BF2000002080B500AFBD
:2036E000034B1B6898470020FFF760FF00BF80BD1000002080B500AF034B1B6898470120C4
:20370000FFF754FF00BF80BD1400002080B500AF034B1B6898470220FFF748FF00BF80BD41
:203720001800002080B500AF034B1B6898470320FFF73CFF00BF80BD1C00002080B500AF4D
:20374000034B1B6898470420FFF730FF00BF80BD2000002080B483B000AF03460A46FB7119
:203760001346BB71FB79032B17D83B4B9B68FA7992000F2101FA02F2D2431146364A0B404F
:203780009360354B9B68B979FA79920001FA02F21146314A0B43936058E0FB79072B1AD8AA
:2037A000FB79043BFB712C4BDB68FA7992000F2101FA02F2D2431146274A0B40D360264B40
:2037C000DB68B979FA79920001FA02F21146224A0B43D3603AE0FB790B2B1AD8FB79083BCF
:2037E000FB711D4B1B69FA7992000F2101FA02F2D2431146184A0B401361174B1B69B979A8
:20380000FA79920001FA02F21146134A0B4313611CE0FB790F2B19D8FB790C3BFB710E4B23
:203820005B69FA7992000F2101FA02F2D2431146094A0B405361084B5B69B979FA79920094
:2038400001FA02F21146044A0B43536100BF0C37BD4680BC704700BF0000014080B483B073
:2038600000AF78600B467B800E4B1B680D4A23F0010313600C4A7B8813600C4A7B68136040
:203880000B4B0C4A1A60074B42F292021A60054B1B68044A43F00103136000BF0C37BD469E
:2038A00080BC7047580002405C00024064000240600002400C38004080B400AF224A136847
:2038C0006FF3CB231360204A13686FF38A2313601D4A136843F4007313601B4A136843F4A8
:2038E00080731360184A13686FF3C7131360164A1368022161F3C5031360134A136843F03E
:2039000004031360104A13686FF3410313600E4A136843F0010313600B4A136843F040037C
:2039200013600A4A136843F080031360074A136843F040031360054A136843F002031360F2
:2039400000BFBD4680BC7047003800400438004080B485B000AF03463A60FB710B46BB80CB
:203960000123FB733B68002B02D10223FB7329E00023FB73FB79002B02D0012B11D021E068
:20398000134ABB88136000BF124B1B68C3F3C013DBB2012BF8D00E4B1B689AB23B681A8006
:2039A00010E00D4ABB88136000BF0C4B1B68C3F3C013DBB2012BF8D0074B1B689AB23B68A3
:2039C0001A8000BFFB7B18461437BD4680BC70470C300140083001400C380040083800407F
:2039E00080B483B000AF03463A60FB710B46BB80FB79002B02D0012B07D00DE0094A3B687F
:203A00001360094ABB88136006E0084A3B681360074ABB88136000BF00BF18460C37BD46B3
:203A200080BC7047240000200C300140280000200C38004080B500AF064B1B68002B06D04D
:203A4000044B1B68044A126892B21046984700BF80BD00BF240000200C30014080B500AFF3
:203A6000064B1B68002B06D0044B1B68044A126892B21046984700BF80BD00BF280000205B
:203A80000C38004080B586B000AF03463960FB713B68002B06DA2D21022000F079F93B6817
:203AA0005B423B603B68002B04D13021022000F06FF936E00023FB751DE03A681A4B83FB35
:203AC00002139910D317C91A0B469B000B445B00D11ACAB2FB7D591CF9753032D2B21833D2
:203AE0003B4403F80C2C3B680F4A82FB03129210DB17D31A3B603B68002BDEDCFB7DBB753A
:203B00000CE0BB7D013B18333B4413F80C3C1946022000F03DF9BB7D013BBB75BB7D002B7A
:203B2000EFD11837BD4680BD6766666680B48DB000AF40F2A1737B617B698B4AA2FB0323DF
:203B40005B09FB62FB6A642202FB03F37A69D31A3B613B691B013233834AA2FB03235B0941
:203B6000BB62BB6A0F2B04D9FB6A0133FB620023BB627E4AFB6AC3F30B0399B2136861F3AB
:203B80000F131360794ABB6A03F00F03D9B2136861F303031360764A13686FF30C33136081
:203BA000734A13686FF38A231360714A13686FF3C71313606E4A13686FF3861313606C4A0F
:203BC00013686FF3451313606A4A13686FF3CC231360674A136843F008031360644A136844
:203BE00043F004031360624A136843F400531360F423FB60FB685C4AA2FB03235B097B6275
:203C00007B6A642202FB03F3FA68D31ABB60BB681B013233544AA2FB03235B093B623B6A31
:203C20000F2B04D97B6A01337B6200233B62524A7B6AC3F30B0399B2136861F30F131360C3
:203C40004D4A3B6A03F00F03D9B2136861F3030313604A4A13686FF30C331360474A136821
:203C60006FF38A231360454A13686FF3C7131360424A13686FF386131360404A13686FF32D
:203C8000451313603E4A13686FF3CC2313603B4A136843F008031360384A136843F00403AA
:203CA0001360364A136843F400531360F4237B607B682D4AA2FB03235B09FB61FB696422E0
:203CC00002FB03F37A68D31A3B603B681B013233254AA2FB03235B09BB61BB690F2B04D976
:203CE000FB690133FB610023BB61264AFB69C3F30B0399B2136861F30F131360214ABB69BB
:203D000003F00F03D9B2136861F3030313601E4A13686FF30C3313601B4A13686FF38A23E5
:203D20001360194A13686FF3C7131360164A13686FF386131360154A13686FF3CC2313609C
:203D4000114A136843F0080313600F4A136843F0040313600C4A136843F40053136000BFCE
:203D60003437BD4680BC70471F85EB51083801400C38014010380140084400400C44004057
:203D800010440040084800400C4800401048004080B483B000AF03460A46FB711346BB7133
:203DA000FB79022B2ED0022B40DC002B02D0012B14D03BE000BF204B1B68C3F3C013DBB230
:203DC000012BF8D11D4ABB79136000BF1A4B1B68C3F38013DBB2012BF8D127E000BF184B45
:203DE0001B68C3F3C013DBB2012BF8D1154ABB79136000BF124B1B68C3F38013DBB2012B8E
:203E0000F8D113E000BF104B1B68C3F3C013DBB2012BF8D10D4ABB79136000BF0A4B1B68A9
:203E2000C3F38013DBB2012BF8D100BF00BF0C37BD4680BC704700BF00380140043801404B
:203E40000044004004440040004800400448004080B485B000AF03463960FB710023FB605E
:203E60000023FB723B68002B01D10223FB72FB79002B1BD102E0FB680133FB602D4B1B6826
:203E8000C3F34013DBB2002B03D1FB682A4A9342F1D9FB68294A934202D10323FB7242E0E4
:203EA000274B1B68DAB23B681A703CE0FB79012B1BD102E0FB680133FB60224B1B68C3F332
:203EC0004013DBB2002B03D1FB681B4A9342F1D9FB681A4A934202D10323FB7223E01A4B32
:203EE0001B68DAB23B681A701DE0FB79022B1AD102E0FB680133FB60144B1B68C3F340133E
:203F0000DBB2002B03D1FB680B4A9342F1D9FB680A4A934202D10323FB7204E00C4B1B680E
:203F2000DAB23B681A70FB7A18461437BD4680BC704700BF003801409F860100A08601002F
:203F4000043801400044004004440040004800400448004080B584B000AF03463960FB715E
:203F60000023FB730023BB733B68002B0ED10223FB7311E0BB7B3A6813441A78FB791146A2
:203F80001846FFF705FFBB7B0133BB73BB7B3A6813441B78002BEDD1FB7B18461037BD4668
:203FA00080BD80B584B000AF03463960FB711346BB710023FB731AE007F10E02FB7911467B
:203FC0001846FFF745FFBB7B0A2B02D0BB7B0D2B05D1FB7B3A68134400221A700DE0FB7B4A
:203FE0005A1CFA731A463B681344BA7B1A70FA7BBB79013B9A42DFDB00BF00BF1037BD4682
:2040000080BD80B487B000AFF860B9601346FB710023FB750EE0FB7DFA6813441A78FB7D57
:20402000B9680B441B789A4201D0002307E0FB7D0133FB75FA7DFB799A42ECD301231846A2
:204040001C37BD4680BC704780B500AF024B1B68984700BF80BD00BF2C00002080B500AF99
:20406000024B1B68984700BF80BD00BF3000002080B500AF024B1B68984700BF80BD00BF38
:204080003400002080B582B000AF0523FB7106E0FB79184600F00BF8FB790133FB71FB79EF
:2040A0003F2BF5D900BF00BF0837BD4680BD80B483B000AF0346FB7100BF1E4BDB6803F0A2
:2040C0000103012BF9D01B4B1B69DB0903F00103012B05D1174B184A5A60164B174A5A6026
:2040E000144B1B69134A43F002031361FB799B02104A03F1006353610E4B1B690D4A43F0F7
:204100004003136100BF0B4BDB6803F00103012BF9D0084BDB68074A43F02003D360054BE4
:204120001B69044A23F00203136100BF0C37BD4680BC70470020024023016745AB89EFCD07
:2041400080B487B000AFF860B9601346FB7100BF254BDB6803F00103012BF9D0224B1B69C0
:20416000DB0903F00103012B05D11F4B1F4A5A601D4B1F4A5A600023FB752BE01A4B1B69C3
:20418000194A43F001031361FB7D5B00BA6813441B88BB82FB7D5B00BA681A44FB68128895
:2041A0001A80FB680233FB6000BF0F4BDB6803F00103012BF9D00C4BDB680B4A43F02003E5
:2041C000D360094B1B69084A23F001031361FB7D0133FB75FA7DFB799A42CFD300BF00BFF4
:2041E0001C37BD4680BC70470020024023016745AB89EFCD80B400AF054B1B68044A23F03D
:204200000403136030BF00BFBD4680BC704700BF10ED00E080B400AF0B4B1B680A4A43F0A1
:2042200080531360094B1B68084A43F001031360074B1B68064A43F00403136030BF00BFE5
:20424000BD4680BC704700BF1C1002400070004010ED00E080B400AF0E4B1B680D4A43F065
:20426000805313600C4B1B680B4A43F004031360094B1B68084A43F002031360074B1B6873
:20428000064A43F00403136030BF00BFBD4680BC704700BF1C1002400070004010ED00E0C3
:2042A00080B400AF064B1B6803F00103002B14BF01230023DBB21846BD4680BC704700BF6B
:2042C0000470004080B485B000AFF8607A603B600B46FB72FB7A5A1E13469B0013449B00B4
:2042E0001A46FB68134408331968FB7A5A1E13469B0013449B001A46FB68134408331A4660
:2043000021F001031360FB7A5A1E13469B0013449B001A46FB68134410331A467B6813602F
:20432000FB7A5A1E13469B0013449B001A46FB68134414331A463B681360FB7A5A1E13468D
:204340009B0013449B001A46FB6813440C331A46BB691360FB7A5A1E13469B0013449B00AD
:204360001A46FB68134408331A4642F2C2031360FB7A5A1E13469B0013449B001A46FB6886
:20438000134408331968FB7A5A1E13469B0013449B001A46FB68134408331A4641F001034D
:2043A000136000BF1437BD4680BC7047BEF7FFFFFEFFB8C63195AE84CE84CE84CE84CE841C
:2043C000AE84AE84AE846D7CEB6B0C6C2F740F743074CF6B1074B384369DF8AD559DD48C07
:2043E00018B69AC69AC6BACEBACE9ACEBAC6BBCEBBCE7BC67BC619BE77AD56A5D8B53ABE28
:2044000039BEF8B5D7AD95A5549D139591844F7C2F740E74ED6BED6B2E744E746F7C8F7C92
:20442000B0848F7C4E744E742E744E744E6C4E6C2E6C2E6C2E6C0E6C4E74B084B084D08C13
:20444000F08C3195529D729D519D3095719D519510953095EF8CCF8410951195D08C6F84A3
:20446000D18C549DD6AD38BE59BE7AC6BBBE79BE79BEF6AD339DF29C6F8CED838B73AB7BA7
:20448000E76AA56A688BC99BA9A3A8ABA8B387AB67ABE59AA592C592C5920693079BC58A39
:2044A0004482848A279B47A368A3C9ABF3DD7AFFFEFFFFF7FFFFDEF736BEB08CAE84CE843A
:2044C000CE84AD84CE84CE84AE84AE84AE846D7C0C6C2C6C707C507C9184307492843595D5
:2044E000B7AD5ABE3595D38C18B67AC69AC6BACEBACE9ACEBBCEBBCEDBCE9BCE9BCE5AC684
:20450000B8B597AD19BE7BC69BCE7AC659BE58BE17B6D6AD95A53395D18C6F7CED6BAC63FB
:20452000AC63AC636B5B6B5B8B5B4A53E94AE94AC942E942E942E942C842C842C842A84254
:20454000E94A4B5BAC63CC6B0D746E7CAF8CEF8CEF8CCF8CCF848E7C4D742C740C740C7487
:204560006E7CAF84D08CD18C94A537B679C69AC679C69AC69ABE79BE99BE38BED6B5D5B510
:2045800094B552ADD09C10AD0C94487B688B889B88A3A8AB87AB87AB88AB27A3069BE69A31
:2045A000A58A848A6482447A237AA58A68A368A367A3A8AB688B51BDDDFFBEF7FDF755B64A
:2045C000AE84CF84EF84CE84EE84CD84ED84ED84CD84CD84AD84AD84AE844D7C5074B27CFB
:2045E000D284717C559519AE7ABE7ABE5695F48C39B69AC69AC6BBC6BBCEBBC6BBC6DBCE88
:20460000BBCE9AC69AC69AC65ABE19B67ABE9BC6BBC69BC67ABE79BE99BE9ABE99BE37B62D
:20462000F7ADF6A5949D128D707C0E6C6B536732E5210622E521C519C519C519C519C51924
:20464000C519C519C519C519E621072A4732683A883AA9422A53AC5BCD63CD63AB5BAB5BF2
:20466000AB5B8A5B8B5BED6B6F7CF18C949DD5AD38B679C69AC69BC69BCE9BC6BBC69AC65D
:2046800079BEBACE79C658C679CE58C6D5B516BEB3B54D8C687BA793E7A386A345BB66BB09
:2046A00066BB46BB46BB05B3A5AAC5A28492E279238206A347AB67B366B325B388ABC68A2A
:2046C000EFC4DCFF18CF7195AE7CCE84EE84EE84CD84ED84ED84ED84ED84ED8CCE84CE84CD
:2046E000CE846D7C7074F38CD384B284D8A57ABE9BBE7ABE769DF48C18B6BAC69AC69BC6A7
:20470000BBCEBBC6BBC6BBCEBBC6BBC6BBC6BBCE7AC639BE7AC6BBC6BCC6BBC69ABE9ABECE
:204720009ABE9ABE99BE99BE99BE78BE78B637B6949DD1844B53272AA419C519C519E61986
:20474000E619A511C619C619C619C619C619A619C621E721A619E721072A072A072A2732E8
:20476000A9422B536B53ED6B6F74B084F18C5295949DD5AD37B657BE78BE79C69AC69BCE4C
:20478000BBCEBBCEBBC6BBC69AC6BACE99C679C679C617BE16B637BE36C631ADCA8B878B69
:2047A000C79BA69B66BB66BB66BB46BB66BB26B306B347B3E6A2438AA59247AB67B346B3B4
:2047C00046B325B367AB0693E682B7EE719D8D7CAE7CAE7CCE84EE84CD7CED84ED84ED8485
:2047E000ED84ED8CEE8CEE8CCE8C6D7C707C549DF38CF38C59B6BBC69BC67ABEB7A5F48CB8
:20480000F8AD9AC69AC69AC6BBCEBBCEBBCE9BC69BC6BBCEDBCEDBCE9BC67AC69BC6BBC618
:20482000BCC6BBC69BC69ABE9ABE9ABE9ABE9ABEBAC69ABE79BE17AEF28CAD63CA42E721E6
:204840008511A519C619E721E721A619C719C719E819E821C819A719A719A719A721C821BA
:20486000E829E829A7218619E829AA42CD63128DB59D16AE57B657B678BE78BE99C699C689
:2048800099C69AC69ACEBBCEBBCEBBCEBBC6DBC6BBC69AC69AC699CE79C6B6AD17B658BE07
:2048A00098CE15C6EFACEA93A793C79B86B386B366B366B366B346B346B387B306A32382CC
:2048C000069B47AB87B367B346B326B346ABC59243724DAC8E7C4D74AE7CAE7CAE7CEE846E
:2048E000CD7CED84CC84ED84CC84ED84EE8CEE8CCE8C6D7C507CB5A53495F38C39BE7AC6A0
:204900009AC69AC6F8B51495B7AD7AC69AC69ACEBBCEBBCEBBCE9BC69BC6DBCEFBCEDBCE9D
:20492000BBCE9BC69BC6BBC6BCC6BBC6BBC6DBC6BBBEBABE9ABEBAC6DBC679BE969D5074EE
:204940000B4B082AE729A721A619C721C719C719E821C719C919E921E921E921E921C919BB
:20496000A8198819C921C921C929E929C8218721A8210932106CD7A579BE9ABEBAC679BE2A
:2049800099BE58BE99C699C6BAC6BAC69ACEBBCEBBCEBBCEBBC6DCCEBBCEBAC6BACE9AC6CD
:2049A00038BE96A5F7AD99C698C677CE55CEAEA4477B878BA7ABA7ABA7B387B366AB46AB9D
:2049C00046AB67B3E49A017A26A347AB67B367B346B347BB65B3C392C58AA99B8D7C8D7CD7
:2049E000AE7CAD7CAD7CCD84ED84CC7CEC84EC84CC84ED84CD8CCE8CCE8C6D7C5084D6AD43
:204A000054A5F39418B659BE7AC69AC639BE559D76A539BE7AC69BCEBBCEBBCEBBCE9BCEE9
:204A2000BBCEDBCEDBCEBBCEBBC6BBCE9BC69CC69CC6BCC6DCC6DCC6DBC6BBBE7ABE9BC66A
:204A40009ABE969DD0636A3AC829A7218719A721E821E821C821C819E921E921E919EA21D6
:204A6000EA21EA21EA21C921A921A9218919A921A921A921C929C921882188196F5BB7A54B
:204A80009ABE9ABE7ABE59BE9ABE59BEBAC6BAC69AC69AC69AC69AC6BBCEDBCEDCC6DCCEAA
:204AA000DCCEDBCEBBCE9AC618B6D7A559B6BAC679BE98C6D8D651B5897B487B8793879B95
:204AC00087A3A7A387AB87AB87AB87ABE49A017A46A347AB67B367B346B367BB65B382924B
:204AE00042826CB4AD7CAE7C8D748D74AD7CAD7CED84CC7CED840D85ED84ED8CED8CEE8C92
:204B0000EE8C8D847084D6AD95AD1495F7B539BE7AC67AC65AC6B7AD76A5F8B55AC69BCEB0
:204B20009BCE9BCEBBCEBBCEBBCEDBCEBBCE9ACE9BCEBBCE9BC69BC69CC6BCC6DCC6FCC672
:204B4000DCC6DBBE9BBE39B63695AF634A32A821A821A821A821C921E929C921C921C9219B
:204B6000C921E921EA19EA21EA21EA21EA21CA21A921A9218919C921CA29C921EA29EA2904
:204B8000C921A921AC42D58C3AB67BBE7BBE7ABE9BC69ABEBAC6BBC6DBCEDBCEBBC69AC68B
:204BA000BAC6BBCEDCCEDCCEFCCEDBCEBBCE7ABE18AE18AE9ABE9ABE99BEB9C698CEB4B583
:204BC0008F940C8C898B278326834793679B87A387A386A3E492017A26A366AB67B387BB33
:204BE00047B367BB65B3428A63824CB48D7C8D748C746C748C74AD7CAC7CCC7CCC840D856B
:204C0000ED8C0D8DED8CEE8CEE8CAD844F7C94A5D6AD349D96AD18BE7AC67AC67AC639BEBB
:204C2000B7ADF8B55AC6BBCE9BCE9BCEBBCEBBCEBBCEBBCEBACEBBCEBBCEBBCEBBC69CC6BE
:204C40009CC69CC6BCC6DCC6DCC6BBBE9BBE5695AF634A32C821C929C929A821C921E921F5
:204C6000C921C921C921C921C921CA21E919E919E921E921E921E921C921A921A819E9210C
:204C8000EA29C921C921E921E921E9212B32D163779D5AB69BBE9BC69BC6BBC6BBC6DBCE94
:204CA000DBCEFBCEDBCEBBC6BBC69BC6BBC6BBCEDBCEBBC6BBC67AC639B67AB6DBC6BBBE48
:204CC000BABEBAC698C636BED4B593B58E9C497BA66A077B478B468B46934593C38221720D
:204CE000059366A367AB87BB67BB67BB66B3838AE592EBAB8C744B6C8C746C746C74AC7CA9
:204D00006B74CC7CAC7CEC84ED8C0D8DED8CCD8CCE8C8D840E7C53A5F6B5349D359DD7AD30
:204D20007AC6BBCEBBCEBBCEF8B518B65AC6BCCE9BCE9CCEDBCEDBCEBBCEBACEBACEBBCE2C
:204D4000BBCEBBCEBCC6BCC69CC69CBEBCBEBCC6DBBEBBBEF9AD5274AB42C929A821C92175
:204D6000C921A921A921CA21CA21C921CA21C919A919CA21E91909220922E921E921E92105
:204D8000C921A821A821C921E921C921C921C921C921E921C921ED42947CD9A57BBE9BBEB8
:204DA0009BC6DCCEDCCEDBCEBBCEBBC6BBC6BBC6BBCEBBCEBAC6BBCEDBCEBBC6BBCEBBC63A
:204DC0007ABEBBC6DBC6FCC6BBBE9ABEBAC699C658C6B8CED5BDED7BC76208734883268351
:204DE0000683258BC4824172048B86A367ABA8BB67B367BB46B3E59A437AEBA34B744B6CDF
:204E00004B6C6C746C746C748C74CC7CCC84EC84ED84ED8CCC84AC84AD84AD844F7CD18C3F
:204E2000D5ADD6AD75A5F7B57AC67AC69BC69AC67AC67ABE7AC69BC6BCCE9BCEBBCEBBCE48
:204E4000BACEBACEBACEBACEBBCEBBCE9BC6BCC6BCC69BBE9BBEBCBEBCBEBBBE158DCC42EC
:204E6000E929C921A821E929C921A921C921A921A921CA21CA21EA21CA21C921C819E91990
:204E8000E921E921E921E921C821A821A819C821E921E929E921C821C821E921A8194B324E
:204EA000B05B779D7BBE7BBE9BBE9BC6BBC6BBC6BBCEBBCEBBC6BBC6DCC6BBC6DBCE9AC665
:204EC000DBCEDBCE9AC6BBC6DCCEBBC6BBC6DCC6DBC6DBC6BAC6BAC699C658BED6ADB18CDA
:204EE000EE7B0D84EC8BA983E993099CA793A372258BC7A387AB87B3A7BB87BB87B305A399
:204F0000E68A8A9B2B6C2B6C2B6C4B6C4B6C4B6C6B748C74CC84CC84EC84CC84AC848C8493
:204F20008C848C840D742E741295D5AD17B659BE79BE9AC67ABE9ABE9ABE9AC69BC6BBC660
:204F4000BBC6BBC6DBCEDBCEDBCEDBCEDBCEDBCEDBCEDBCEDCC6BCC69BBE9BBE9BBE9BBE7F
:204F60007BB618A68F5BE929A819A8218821C921A921A921CA21CA21CA21CA21C921C9191D
:204F8000C919C921C819C919E921E921C921A821A821A921A921C921E921E921E921E9214C
:204FA000E921E921E921092ACC42737C19AE9BBEBBC6BBC6BBC69ABE7ABE5ABE5AB67ABE10
:204FC000BCC6DCC6BACE9AC6DBCEDBCEBAC69BC6BBC6BBC6BBC69BBE9BBEBBC6DBC69AC6DB
:204FE00018AE96A55595759D75A553ADB09C2C8C2C944B9C0994C472C47A879BA7ABC8B3EF
:20500000A7BB87BB87BB46AB279BEBAB2A6C2B6C4B6C4C744B6C2B6C4B6C4B74AC7CAC7CA9
:20502000CC84AC848B7C6B7C4B7C4B7C2D74CC6B4E7C539D37B699C679BE99C69AC6BAC620
:20504000BAC69ABE9ABE9ABE7ABE7ABE9AC69AC69AC6BAC6BAC6BAC6BAC6BBC6DCC6BCC693
:205060007BBE9BBE7BBE9BBE5AAE358D4A3287198819A8218819A9218921CA21CA21CA21E6
:20508000A921A921A919C919E9210A2A0A220A220A220A22C9218819881988218821A921A2
:2050A000C921CA21EA210A220A22EA21E921E821092AAF5B979D9ABEBBC69AC6BBC67ABE37
:2050C00039B6F8ADF8AD19B65ABE7BBE9AC6BAC6BACEBBCEBAC6BBC6BBC6BBC6BBC6DBC661
:2050E000DCC6BBC618AE3595927C3074D484F8AD79BE38BED5B532A5CF9C8D9C2B94C56A3E
:20510000846A468BA8A3A8AB87B3A7BB66BB87B3A8AB4CBC4B6C4B6C4B746C746C742B6C5C
:205120002B6C4B6C8C7CAC7CAC7CAB7C6B7C4B7C4B742B742C740C740C748F7C739D36B6EF
:2051400078BED9C6DAC6BAC699BE99BE79BE9ABEBAC6BBC6BAC6BAC6BAC6DACEDACEDBCEA3
:20516000DBCEDBC6BBC6BCC69BBE7BB63AAE7AB618A6316CE921A821C921C921A921A921AA
:20518000A921EA29CA21A921A921A921EA214B2A8B3ACC3ACD3ACD3ACD3AAD3A6C3A0A2AC8
:2051A000A92189218921A921CA21CA21EA21EA21EB21EA21E821092208220D4BF48439AEEF
:2051C0009BBE9ABEBBC69ABE7ABE39B618AEF8AD19AE19AE59BE9AC69AC69AC6BBC6BBC6EC
:2051E000BBC6BBC67ABE9ABE5AB6979D52744D53CC420C4BB47C19AE9BC69AC699C657C6DA
:20520000F5B572ADCF9C6973C66A277BA89BC8AB87ABC8B366BBA7BBC9B36CBC2B6C4B6CD4
:205220006B746C746C744C744B744B748C748C7C8B7C8B7C8B7C6B7C4B7C4B7C2B744C74A0
:205240002C740C6C8F7C5295F5A5B8BED9C6D9C6B9BEB8BEB9BEB9C6DAC6BAC6BAC6BAC6F3
:20526000BAC6BAC6BAC6BAC6BAC6BBC6BBC6BBC65AB6F8A5F8A559AE558DEC42E921C921D6
:20528000C921C921A921A921A921CA21CA21CA21C9212A2A8C3A0E4B6F538F5BB05BB05BFC
:2052A000B05BB05B6F53CD4A4B3A0A32C929CA29CA29CA21EA21EA21EA21EA2109222A2AD0
:2052C00009226A32F063969D9ABEBBC6BBC6BBC6DBC6DBC67ABE59B639B639B6F8AD18B6CC
:2052E000F8ADD7A5F8AD19AEF8AD97A55695F48C31746E5BAB426A32AB3A2E4BD48439AE41
:205300009BBE7ABEBAC6B9CE98C677C6F5BD10A5EB83487B688BCAA3C9AB88ABA6BBC7BBD8
:20532000E9B36CBC2B6C4B746B746C746C746C746C748C746B748B7C8B7C8B7C8B7C8B7CF2
:205340006B7C6B7C2B744B744C740B6C2C746E7CF084D4A576B677BEB8BEB8BED9C6F9C6C8
:20536000DAC6DAC6DAC6DAC6DAC6DAC6DAC6BAC6BAC6BBC69BBE5AB6F8A5979DF8A518AEAF
:205380007274292AE921C921C921C921A921A921A921A921CA21EA294B32CD424F53D05B8D
:2053A000F063F0631164F163F163F16BD16B8F5B0D4BAC42E929C929A921C921E921EA2195
:2053C000EA210A2209222A2A09222A2A2E4BF48C7ABEDBC6BBC6BBC6DCCEFCCEDBC69BBE56
:2053E0009BBE9BBE39B6969D937C116CF163116CF16BB0632D53CC4A6B3A4A324A32AC3AF4
:205400008F5B526C56955AB69BBE7ABE9AC69AC6BAC6BACE78C657C673ADCB83087B899B20
:20542000CAABA9ABC7BBC8B3C9AB6CB42B744B744B746C746C746C748C748C7C6B746B748F
:205440008B7C8B7C8B7C6B7C6B7C6B7C4A742A744B742B740B6C0C6C2C6C8E7C108D5295B3
:20546000B39DF4A516AE57B678BE98BEB9BEB9BEBAC6BAC6BAC6BAC69ABE9ABE39B6D8A5DC
:20548000D8A5F8A57AB6D79D6E530822EA29E921C921CA21A921A921AA218919EB296C3AB6
:2054A000EE4A905BD063F163F063F063F063F063F063D063D063D0638F634E5B6B3AE929B8
:2054C000A821C821E921E921E9210A22E9210A222A2A2A2AAC3A116CF8AD9BBEBBC69BC6AF
:2054E000BBC6BBC6BBC6BBC6BBC6DBC619AE937C2D4B8B3A4A326B326B324A32092A0932D3
:20550000093229324A32AC3A6F531164358D39AE9ABE9ABEDBC6DBC6DBC6DAC699C6B9CE9A
:2055200077CEF1ACAB8B6993899BAAABC7B3A8ABC9A36CAC2B744B744B744B744C6C4C7439
:205540006C746C744B744B746B746B746B744B744B744B744A742A742A740A6C2B744C7464
:20556000EB6BCB63CB5B0C6C4D744E746F74B07CF18C3295959DB59DD6A5D6A5D6A5D6A5C3
:20558000B6A5B6A5B7A5769DF8A57AB6BBBE558D8A32C719EA21C921C921EA21A921AA21A3
:2055A000CA21AA214C32EE4A915BF26BF163F063F0631064F0631064F063CF63CF63F06BEF
:2055C000106CF06B2D536A3AC829E821092AE821E8210922EA210A220A2A0A2AE9212E4B44
:2055E00056955AB6FCCE9BC67ABE9ABE9ABE9ABEBBBEBBBE76958F5B4A2A292A0A2A0A2A2F
:205600002A2A0A2A4A324A322932092A092A2A328B32CD3A106C559518AE7ABEBBC6BBC6C3
:20562000DBC6DBC6FBCEB9C6B9D636CEF0B4CB9B499369A387ABA8A3C99B6DAC4C740B7422
:205640000B6C0B6C4B6C4A6C2A642A6409642A6C2A6C2A6C2A6C2A6C2A6C2A64096C2A6C49
:205660000A6C09642A6C4B6C2A64EA5BA953484B89536953E73AA632E84229438B53CC5B6C
:20568000ED632F6C50740F6C5174349596A5B7A5D7A55AB65AB6126CE929A819EA21EA21B8
:2056A000CA21CA21CA218919A919EA29ED426F5BF163116CF16BF16BF16BF06BF163F063D2
:2056C000F063D063F063F06BF06BCF6BCF634E536B3AE921E921E921E9210A220A22EA21FE
:2056E000EA21E921E929AC423274779D9BC6BCCE9BC639B6F8AD5AB67ABE39B6B3846A3AE9
:20570000E829092AC821E9290A2A0A2A0A2A0A2A4B326B322A2A092A292A092A8C3AD0635A
:2057200036953AB6BBC6BBC6BAC6DBCEDBCE9ACE9ACE79CE17C633AD5094CD83CA83AA8358
:20574000AA836D9C4C7C4C744C742B6C2A6C2A642A640A64E963E96309642A6C2A6C4A6C2D
:205760002A6C0A64E96B096C096C0A642A6C4B6C0A64C95B2743C632C73AE73A652A042261
:20578000252A462A262A8832A93ACA42EB42EB4A8E63D384769DB384F48CB7A5158DED4AA8
:2057A0008819A821CA21EA21CA21CA21CA21A919C9214B32705BB163F16BF16BF16BF16B50
:2057C000F16BD063F163F163F063F063F06BF06BF06BF06B3174AF63EC4A2A32E929E9211B
:2057E000E921EA210A22EA21EA210A22C921E929ED4AF16B159519AE39B63595158D19AE04
:205800007ABEB7A5CF63E829A721C821C9210A2A0A2A0A2A2B320A2A0A2A4A328C3ACC4265
:205820000D4B0D4B0D4B8F5B937CD8A59BC6BBC69AC6DBCEBAC69AC69ACE99CE79CE17C62C
:2058400095BD53B58E9C6E940C8C8EA44C748D7C8D7C4B6C2A642A642A640A64096409647D
:2058600009642A6C2A6C0A64E963C95BA85BA85BC95BC95BC95BE95BC95B484BA532242227
:205880004422862A662A462A66328732472A4732272A0722E82949324D539384B3846E5BFA
:2058A000AF63727C4E53A8216719C921CA21EA21CA21CA21CA21A921EA29CD42B063D1632A
:2058C000F16BF163F16B116C116CF16B116C116C116C116C116C106C106C116C1174F06BA0
:2058E0006E5BAC3A0A2A09220A22EA212B220A222A220A2AE921A821E9294A3A8F5B158D75
:20590000769D1174AF63B3843595727CCC42C8218821C9210A2A4B320B322B2A0B2AEA29D9
:205920000A2AAD42F163D484158D158DD484D484158DD7A57ABEBAC6BAC6DBC6BAC6BAC6AD
:20594000BACE9ACE99CE99D679D658D615C6D4BD53B5B4BD2B6C4C746C746B744B6C4A64A4
:205960002A6409640964E963E963C95B8853474B2643264348534753885BA95B8853A953D1
:20598000884B063B642A232204224522662A8732A832A732A93A6932E721A719A721E92977
:2059A000AC426F5B0D4B4A328B3AAC42A82106098819EA21CA21EA21CA21CA21CA21A921A3
:2059C0002B322E53B163F163F16BF16B116C116C116CF06B116C116C316C316C116C116CC9
:2059E000116C1174F06BD063AF632E4B4A32E921EA210A222B222B2A2B2A0A220A220A2A4C
:205A0000C9216719092A0D4B8F5BCC426A3A0D4B6E53EC4A0A2AA82188198819C921EA296A
:205A2000CA21EA29EA29EA292B2A4F53F68C3AAE7BB67BB67AB67AB659B659B69ABEDBC608
:205A4000DBC6DAC6DBC6DBC6BAC69AC699C699CEB9D699D6B9D678CE17C658CE0A6C0B6C5A
:205A60002B6C4B6C2A642A6409640964E963C95BC95B885306438432642AA532A63AC63A2F
:205A8000274B474B074327432743C5324422442245224522462A88328832672A282AE72184
:205AA000A719A719A821C821C9290A2AE929A821E929A821E6080609A921EA21EA21EA29E8
:205AC000CA21CA21C921C9216C3A905BF163116C116C116C116C116C116CF06B116C116CF4
:205AE000316C316C116C116C116C116C3174F06BF06B8F5B8B3AC819C9190A2A0B222B22FD
:205B00000B22EA21EA212A2AC92147118719C821092A092A092A4A324A32092AC921C9218B
:205B2000892168198919A921AA21EA290B2AEB292B322F53D5841AAE7BB69BBEBAB6DBBE14
:205B4000DABE9ABEBABEFBC6FBC6DAC6DBC6DBC6DBC6BAC69AC6BACEBACE99CEBAC6BACE79
:205B600079C6DACE0A6C0A640A642A642A640964096409640964E963E963A85BE542232A0D
:205B80000322642A452A6532A632C63AA532C632E632A52A6422A62AC732872AA832A8320A
:205BA0008932482AC821A721A819A821A821A921A921A921C921C921C92988192609471168
:205BC000C921EA29EA29EA21CA21CA21C921EA29AC42B05BF16B116C116C116C116C116C11
:205BE000116C106C116C116C316C316C116C116C106C106C3174F06BF063B05BAC42C92150
:205C0000A8190A2A2B222B222B220A22EA21C921A919A819A819A819E9212A2A09220922CE
:205C20000922E921EA210A2ACA218919A921A921AA210B2A0B2A0B2A0B2ACD42126C779D8F
:205C40005AB6DCC6FBBEDABEBABEBABEDABEBABEBABEDBC6BABEDBBEDBC6BBC6BAC6BACEED
:205C6000BACEBACE99BEB9C699BEFACE0A6C2A6C2A6C2A6C09640964E963E963C85BA85B4F
:205C8000A85B885B0643442A2322442A8632A632A632A632C632273B273B273B0733283BB9
:205CA000083BC832A832682A2722E721C821C821C921A921A919A921C921C921EA29E929DF
:205CC000EA29A82147116819CA210B2AEB29CA21CA21EA21C9210A2AEE4AB063F163F16BE1
:205CE000116C116C116C116C116C106C116C116C116C116C116C116C116C106C116CF06BF8
:205D0000D063D0632E4B2A2AC9190A222B222B220B22EA21EA21C919C919C921671188199E
:205D2000E921092AE921E92109222A2ACA21EA29CA21CA21CA2189198919CA21EB29EA297E
:205D40000A2A4B320D4B5274B89D9BBEDABEDABEBABEB9BEBABEBABEBABEDAC6BABEBABEAF
:205D6000BABEBABEBAC6BAC699C699C6D9BED9BE98B6B9BEC9630A6C2A6C2A6C09640964DA
:205D8000E85BA85B675347536853A95B6853C63A8532C63AC73AE73AA632A632073B684379
:205DA00089438943483B493B093BC93289322822E719E821C921C921E921EA29CA21CA2130
:205DC000EA29A921E921C921E929A81927116711EA29EA29EB29A921CA21EA21C9212B322E
:205DE0002E53D063F16B116C116C316C31743174116CF06B116C116C116C116C116C116CEC
:205E0000116C116CF06BF06BF063F1638F5B8C3AE921E921EA190A220A22C919EA212B2ACA
:205E20000A22C919E921A819A819E9210A222A220A22E921EA29EA29CA21EB29EB29891935
:205E40008919A921CA21C921C921C821C821EC4252745595F7A579B6DABEB9BEBABEDAC675
:205E6000DAC6DABEBABEBAB6BAB6BABEB9BE99BE78BE78BE97AE57AED59DD59D4A74096C7F
:205E80000A6C2A6CE963E963E96B875B4753A963C9632B6C8D7C0B640743C63AE83AC83AD9
:205EA000C732C732E732483B8943693B483B0833E932882A0722C719C719C819C921C921BB
:205EC000C921CA21CA21CA21CA21C921EA29E929E9218819260968198919EA21EA21CA211F
:205EE000CA21C921A9216C3A8F5BD063116C116C316C316C3174316C106C106C116C116CD8
:205F0000116C116C106C116C116C116CF06B116C116CF16BB05BAC3AC821E9210B22EA19CF
:205F2000EA19EA19EA21EA21EA21EA21EA21A9198811A819E9210A220A220A220B2A0B2A10
:205F40000B2A0B2AEB29CA216919271148118819881946112509661169322C4B306CF38462
:205F6000959D58B699BEB9BEDAC6BABE99B658AEF69DB69DD69DB59D749D539552858F7428
:205F8000CC5B2D64CC8C8C848B848B846B7C6B7C8B844B7C6B7CAD84EE94509D919D0F8DCE
:205FA0000B64484BE83AC732C732C732E732283B693B6943293BA72A6722071AC619A71190
:205FC000A819A821C921C921C921CA21CA21EA29EA21CA21E921E929E929A82126116819EB
:205FE0008919CA21CA21CA21EA21CA21C921AD42D063116C116C116C316C316C3174116C69
:20600000106C106CF16B116C116C116C116C116C116C116C116C116C316C116CD063ED424B
:20602000E921E9290B220A22EA19EA19EA21EA21EA21EA21EA21A9198811A819C919EA21A5
:206040000A220A220A2A0B2A0B2A0B2A0A2AEA21A919481126096719A82187192509040968
:206060006511C6218932EB424C530F6CB2845495D6A537AE17AEB59DF2842F6CCD5B8B5314
:206080004A532A4B4A43E83A6732094B8FAD8FAD6FA56FA54E9D6FA56FA56FA56FA590AD3A
:2060A000D1ADF2B5F2ADB2A5CE84A95BC83AA732A632A732C72AE732293B693B093347222C
:2060C000C611A6118611A719A819A921C921C921C921CA21CA21EA21CA21E921E921092A7F
:2060E000092AA82126118819A919CA21AA21CA21EA21A921EA29ED4AF163116C116C116C7F
:20610000316C316C116C116CF06BF06BF16B116C316C116C116C116C316C116C316C316C54
:206120003174316CF1630D4B0A2AE9210A220A22EA19EA210A22EA21EA21EA21EA21C91993
:20614000A91988118819C919E9210A22EA21EA290A2A0B2A0B2AEA29C921A8196711871999
:20616000C721E821C6196411430943098519E621C621272AC9422B53CD637074F2841285BB
:206180009074ED5B4B4BC83A6632052A462A462A052AC842D0B5D1BDD0B5B0B5B0B5B0B574
:2061A000B0B5B0B5D1B5D1B5D2B5F2B5F2B5B1A5AD7C8953E73AC732A632862AA62AC72A76
:2061C00008330933A82A06128509A611C819C821C921A921C921C921C921CA21CA21CA211C
:2061E000C921C921E9210A2AE921881927118919A921AA21AA21CA21CA21A9190A2A2E4B63
:20620000F16BF063116C116C316C316C116C116CF16BF06BF16B116C116C116C116C116C1D
:20622000116C116C3174316C5274316CF1634E532A2AC8210A22EA21EA210A220A22EA21E8
:20624000EA21EA21EA21EA21C91988116811A919C921E921CA21EA21EA290B2A0B2A0A2AC1
:20626000EA21E921A819661186190722072AC5196411841106228832272A062A262A262AED
:206280006732E9424B4BCD5B0E64CD5B6B4B0943A732462A67324632E529C94AB0BDB0BD8B
:2062A00090B58FB58FB590B590B590B5B0B5D1BDD1BDF2BD33BE91A54C74074BE73AC732BF
:2062C000A632662A8622C72AE832A82A461AC5118609C719E821C921C921A921A921C921D1
:2062E000C921CA21CA21CA21CA21CA21EA21E921A819471106098919A921AA21AA21CA21F3
:20630000A921A9194B326F5B116CF063116C116C316C316C116C116CF16BF16BF16B116C1B
:20632000116C116C116C116C116C116C316C316C3174116CF1636F536B32C8210A22EA2140
:20634000EA210A220A22EA21EA21EA21EA21EA21CA21A9198819A921CA21EA21EA21EA217F
:206360000A2A0B2A0B2A0A2A0A2A0A2AC821661186110722272AC519C519262A09438B533C
:206380000943A83AA83A873A67326732672AE93A0A43C932A832A832A732A732A842463A2E
:2063A000C529C94AD1C5B0C590BD6FB56FB58FBDB0BDD1C5B0BDD1C5D1BDD2BD13BE91A5C6
:2063C0002C740753E73AE73AC632852A862AC72AC82A6722E611A611A611C819C921C9299C
:2063E000CA29CA29A921C921CA21EA29EA21EA290A220A2AEA21C9216819E608C6008919BB
:20640000AA218A198919A9198919C921AC3AB05B116CF16B116C116C116C316C116C116C46
:20642000116CF16BF16B116C116C116C116C116C116C116C116C116C116C116C116CB05B40
:20644000AC42C9210A22EA210A220A220A22EA21EA21EA21EA21EA21EA21CA21CA21EA2186
:20646000EA290A2A0B2AEA210B2A0B2A0B2A0A2A0A2A0A2AE921A719A619E721E621E621BB
:2064800088326B530C642D646A4BE83AE83AA73A66322522462AC832C932872A672A872A72
:2064A000A732C83A873A0532C429295BB0C590BD90BD6FBD0EAD2EB5B0C5B1C5B1C5B1BDF0
:2064C000B1BDB1B5D2B5B1ADAD84485BC632C632C732C632A72AC72AA82A461AE611C6118C
:2064E000E719E921C921CA29CA29AA29C921CA21EA29EA29EA29EA290B2A0B2AEA21C9216F
:206500006811C600A5008919AA21AA218919A919A9210B2AEE4AB163F16BF16B116C116CFE
:20652000116C116C116C116C116CF16B116C116C116C116C116C316C316C116C116C116C6C
:20654000116C116C116CF163ED4A092A0A220A220A220A220A22EA21EA21EA21EA21EA21F3
:20656000EA21EA29EA29EA29EA290A2A0B2A0B2A0B2A0B2A0B2A0A2AEA29E929E921A71964
:206580008619A619C62167324B4B2E6C6D6C0C5C2843A6328632452A2522051A662AC83252
:2065A000C932A82A882A872A872AA732E429621982218A6370C570BD90C56FBDEDAC0EADD2
:2065C00070BD90C590C590BDB1BDB2BDB1B5F2B52F9D8963C632C632E732E732C732C72AE9
:2065E0008722271AC611C711E821E921C921C921AA298921C921CA21EA29EA29EA29EA2185
:20660000EA210A22EA21EA216819C600A5008A19CB21AB21A921CA21EA216C3A4F53D163AA
:20662000F16B116C116C116C116C116C116C116C116C116C116C31743274116C116C316C3A
:20664000316C116C116C116C116C116C116C116C2D4B092A0A220A220A220A220A22EA21A0
:20666000EA21EA210B2AEA21CA21EA29EA29EA29EA29EA292B2A0B2A0B2A0B2A0B2A0A2225
:20668000EA21E921092AE821C719A619272AE942AC5B0E6CEB5B894BC632652A44220422E0
:2066A000452A662A8732C832A82A67224622462246226722C2294119A2290C7C8FBD6EBDFD
:2066C0008FBD6FBD0DAD4EB5B0C5B0C5AFBDAFBDD0BDB0B5D1B5F1B570A5EA6BA632852AB4
:2066E000A632C732C83AC83A2722A511A619C821E921C921A921A921A921A921C921CA212D
:20670000EA29EA29EA21CA21EA21EA29EA29C921A8190609E6008919CA21CA21A921A92180
:20672000EA29AD42905BD063F06B116C116C116C116C116C1174116C127432741174116C3D
:20674000116C116C116C116C116CF16BF16B116C116C116C316C116C2E53292A2A220A2233
:206760000A22EA21EA21EA29EA29CA21EA21EA21EA21EA21EA210A220A220A2A0A2A0A2A9B
:206780000A2A0A2A0A220A22EA21EA21C921E929E821C721E621C83ACC5BEB5B284BC63255
:2067A000852A441A2412A62A083B083BC83A872A662287226622251A051A25228431222137
:2067C000264A0D8CB0C56FBD8FBD6FBD2EB54FBDB0C5B0C5B0BDB0BDD0BDB0B5D1B5F2B5C5
:2067E000D1ADAD842843C632C632C732C73AA83206226409A719C821C821A921A921A92136
:20680000A921A921CA21EA21EA21EA21EA21EA21EA290B2AEA21E921C92147112711CA2100
:20682000CA21CA21A921A921EA29CD4AB063F16BD063F06B116C106C116C116C1174116CD2
:20684000127412741174116C116C117411741174116C116C116C116C116C116C3274116C0D
:206860002E53292A0A1A0A22EA21EA21EA21EA29EA29EA29EA29EA29EA21EA21EA21EA2148
:20688000EA21EA210A2AEA290A2A0A2A0A220A22EA21EA21EA21092AE829C721E621A832AD
:2068A0006A4B8A4BE73AA6326522241A441AC62A283BE83A672A4622462287228722662282
:2068C000462A662AA5398331875A6E9CB0C56FBD6FBD6FBD2EB54FB58FBD8FBDAFBDB0BDEA
:2068E000D0BDB0B5D0B5D1ADF2B52F9D4C648A532843E73AE83AC83A26228511C719C8214C
:20690000A819A921C921C921A921A921C921C921CA21CA21CA21EA21EA29EA29CA21EA21C8
:20692000E92168196819EA21CA21AA21AA21A921EA29ED42D063F16BF06BF06B116C116C74
:20694000116C317411741174116C12741174116C116C11741174317431743174116C116C96
:20696000116C116C326C116C2E53092A2A220A220A22EA21EA29EA29CA29CA21EA29EA2975
:20698000EA21EA21EA21EA21EA21EA21EA29EA29EA290B2A0B2A0A22EA21EA21EA290A2A89
:2069A000E929E721E621672A29432943083BE73AA62A6522A5220733083BC83A662A662234
:2069C0006622662266226622662A462AA439E441096B8FA490BD70BD70BD50BD2FB54FB552
:2069E0006FBD8FBDD0BDD0BDD0BDD0B5F1B5D1ADF2AD709D30852C6C8A53494B494309438D
:206A0000672AC619E721C819A819A921CA21C921A921A921C921C921CA21CA21CA21CA21A9
:206A2000CA21CA21CA21EA29C92168116819EA21CB21AA21CA21CA210A2AED42D063F16B14
:206A4000F06BF16B116C116C116C317431741174117412741174116C116C116C116C317410
:206A60003174116C31743174116C116C116CF1632E4B292A2A220A220A22EA21EA29EA293E
:206A8000CA29CA21CA21CA21CA21EA21EA210A2AEA29EA29EA29EA29EA290B2A0B2A0A2218
:206AA000EA21EA21EA21EA29E929E821E621472A29434943494349430733C62A0733493B17
:206AC000283BC732A732A7328722661A451A4522452A252A623125526A7B8EA491BD70BD5F
:206AE00071BD70BD4FBD4FB58FBDB0C5AFBDAFBDCFB5D0B511B6D1ADD1AD509D10854D6C8B
:206B0000CB5BAA53AB536A4B672AA511C719C719A819A921C921C921A921C921EA21EA216F
:206B2000CA21CA21CA21CA21CA21A921C921E921A92127116819CA21CA21CA21CA21CA21E6
:206B40000B2AED4AD063F16BF16B116C317431743174116C116C3174327432743174116C65
:206B6000116C116C116C116C116C116C116C31743174116CF16BD0632E534A320922E9192A
:206B8000E921EA21EA29CA21CA21CA21AA21CA21CA21EA21EA29EA29EA29CA21EA29EA211E
:206BA000EA290B2A0B22EA21EA21CA21CA21EA29E929082AE621472A29436A4B294349438C
:206BC000483B28336943AA4B4943E83AC832E832C72A862245224522452A252A4139A662CD
:206BE000CB8B6DA471BD71BD71BD70BD70BD4FBD8FBDD0C5AFBDAFB5AFB5B0ADD1B591A510
:206C000091A5309DCF7C2D6CEB5BCB5BCB5B8B538832A519A619C819C821C921C921CA215D
:206C2000A921CA21EA29EA29CA21CA21A921A921A921C921A921C921881906094811CA21B3
:206C4000CA21CA21A921A9210A2AEE4AD163116CF16B116C116C116C116C116C116C3274BD
:206C60003274327431743174116C116C116C116C116C116C116C3174326C116CF16BF063A4
:206C80004E538B3A2A220922E921E921CA21A92189196819A921CA21EA21EA29EA29EA2932
:206CA000CA21CA29EA29EA21EB210B2A0B22EA21EA21EA21EA21EA29092A082AE721272A6D
:206CC00009434A4B29432943493B693BAA43AB4B6A43083BC832C832C72A86226522452A7D
:206CE000242AE329A241287B0B946DA470BD70BD70BD70BD70BD6FBD8FBDD0C5CFBDD0BDFD
:206D00008FAD2E9D4F9D0F953095F094AF7C2D6CEC63CB5BCC5B8B5388328519A619E82135
:206D2000E921C921C921CA21CA21C921CA21EA21CA21A921A921A921A921CA21A921C9210D
:206D40004711C5002709A921AA21AA21A921A919EA29ED4AD163116CF16B116C116C116C2C
:206D6000116C116C116C3274327432743174116C116C116C116C3174116C116C116C116C78
:206D8000326C116CF16BF1634E538B3A2A220922E921EA21C9218819471127118919A921AF
:206DA000EA210A2AEA29EA29EA29EA29CA21CA21EA210B2A0B220B22EB21EA290A2AEA2972
:206DC000E929092AE7212722C93A09432943093B493B8A3B8A3B8A436A43083BC832C82A67
:206DE000A72A86226522452A042AC3292462898B0B9C8DAC70BD70BD6FBD70BD90BD8FBD44
:206E00008FBDCFBD8FB58FB52D9D6C844C7C0C742D7C2E7C6E740D6C0C6CEC63CC638B538E
:206E2000473243098519C721C8218819A919CA21C921A919C921CA21EA29CA21CA21A9219C
:206E4000CA21EA21C921C92127118400E60068198919AA21A921A819C921CD42D063116CA4
:206E6000116C116C116C31743174116C116C3174116C116C116C116C116C116C116C316CAA
:206E8000316C316C116C316C316C116CF16BF1634E536B320922E921E921E921C9218819C2
:206EA0004819471127116819A921EA21EA29EA21CA29EA29CA21CA21EA21EB210B2A0B2218
:206EC0000B2A0B2A0B2AEA29E929092AE8210722A832C932093BE832293B693B493B493B46
:206EE000493BE832E832C72AA62266226522452A2432033AA572CA9BEB9BAEB46FBD90BD33
:206F00006FBD4FB56FBD8FBDAFBD8EB5AFB5AFB5ED94896B0C7C8B630E7490848F7C6E74E4
:206F20000D6C4E742D6C6B53A419E2004409E721A7198719A919A921CA218919A921C9219E
:206F4000EA29EA29EA29CA21C921C921C921C9218719A40084006819A921A921C921C921B4
:206F6000E921AC3AB0633274116C116C31743174317431743174316C116C116C316C116C84
:206F8000116C116C116C116C316C52745274316C116C316C116CF1634E536A320922E921DA
:206FA000E921E921EA29C929A92188190609C6006819C921E9210A2AC929EA29CA21CA21F4
:206FC000EA210B2A0B2A0B2A0B2A0B2A0B2AEA29EA29092A0822E72106222622C832093B2F
:206FE000293B08330833293B0833E832C832A72AA6226522652A242AC331444A278BCA9B6E
:207000000BA46CB46EB56EB54EB56FBD6EB54EB58FBDF0BDD0BDB0B58C8C6963CB6BAC6BEA
:20702000F18C95A594A5D0846F74D084118D2D6CE521C1000301C719C821A819A8198919E6
:20704000C921A921A921C921C921CA21CA21CA21C921C921C921E921C8210509A40026098B
:207060008819A921C919C819E921AC3AB05B116C116C31743174317431743174316C316C7A
:20708000116C116C316C116C116C116C116C116C316C316C316C116C116C116C116CF163C9
:2070A0004E534A3209220922E921E929EA29C929C921A9216819E60847118819A821E92945
:2070C000C921C921EA210A220B2A0B2A2B2A2B2A0B2A0B2A0B2AEA29E929092AE821A611DA
:2070E000A511C519C83209330833E82A08332833293B293BE832A72AC62A8522652A232ABD
:20710000C2318552899B0AAC0AA44CB44EB52EAD2EAD6FB56FB56FB58FB5B0B5D0B56FADAE
:207120002B7CAA6B0D740E7474A517B636B694A55295118D739593952A4B43090309A61944
:20714000E821C821A821A919CA21CA21C921C921CA21CA21CA21C921C921C921C921E92195
:20716000C8214611C400E5088819A921C819A819C9218C3A8F5BF16BF16B317411743174F0
:207180003174116C316C316C316C116C116C116C116C116C316C116C116C116C316C116C57
:2071A000116C116C116CF16B2E534A3209220922E929E929C929C929E929E929A8190609AD
:2071C0006711A719A719C821C821E821EA210A2A2B2A2A2A0A2A0A2A0A2A0B2A0A2AEA29DC
:2071E000E929E929C72144094409A511C832093B093308330833293B493B6A43493B0833EF
:2072000007338522432A0232A131A55AC9AB0AACEAAB4CB44EAD4EAD6FB56FB56FB56FB5D6
:207220006FAD90AD70ADEE94CA736E841195129517B659BE37B637B616AEF18C118D939D0D
:20724000CD63C519A519C621C721C821C921C921CA21CA21CA21CA21CA21CA21CA21C9217F
:20726000C921C921E921E921C821A71926112509A821A821C819A819C8196B326F5BF16B40
:20728000F16B116C116C1174116C116C316C316C316C316C316C116C116C316C316C116C57
:2072A000116C116C116C116C316C116C116CF16B2D534A320A22EA29EA29EA29C929C929A2
:2072C000E9290A2AA8194609E8190922A719A719C721082AE9210A2A0A2A092209220A229E
:2072E0000A2AEA290A2A0A2AE929E921C72145094409061AC832093B293B2933293B493B3A
:207300006A438A4B8A43693B693B6422232A233AE241C66AC9ABEAABEAAB6CB44FAD4FAD9D
:2073200090B54FADEE9CAD9CCE9C50A50F9D6D8CAB6B319DF5B5D5AD78C679C658BE37B6A5
:2073400057B65395D084D084CC5B4732E621C619C721A821C821C921CA21CA21C921C921DC
:20736000CA21CA21CA21C921A921A821C821C821A721C82166194611A821C821E921C819D9
:20738000A8194A324F53F16BF16B116CF16B116C116C116C116C316C316C316C316C316C78
:2073A000116C316C316C316C116C116C116C116C116C116C116CF16BED4A2A32EA29EA29F9
:2073C000EA29EA29EA29E929E929E921A81966114A2AAB322822E719C7190722C921E92176
:2073E0000922E921E921E9210A2AEA29EA290A2AE929E929C82165098511682AE832093BB5
:20740000293B493B493B493B6A438A43AA4BAA438943C532A53AA44A4352477BC9ABE9AB31
:20742000E9AB8CBC50ADEE9CCE9C8D942C840B840C84AE94AE8CEC7B8B6B529D77BE17B6C5
:2074400058BE59BE79BE58BE98BEF5AD118D6F7CAC5B6732A5198511A719C821A821A92101
:20746000A921C921C921C921CA21CA21C921A921A821A821A721A721861986194511050936
:207480008619E829E921E921C8192A2A2E53F16B116C116CF16B116C116C116C116C316C2F
:2074A000516C316C316C316C116C316C316C316C316C316CF06BF063116CF16B116CD06373
:2074C000AB42092AEA29EA29EA21C929EA29E929E921E821C81966116A2A0C43AA32482AA8
:2074E000E721C619C821E821E921E921E921E921E929EA29E929E929E929E929C7216511C0
:20750000C611892A2A434A436A436A436A436A436A438A4BCA4BAA43894388436853C55246
:20752000645A888BE9B3E9B309AC8CBCCF9C4D8C0C84AB7B0C848F94AF94F09C8F8CAB6B98
:207540004A63B08C36BE57BE99C679C679BE99C6D9C636AE128D4E74AC5B262AA5194411B7
:207560008619C821A821A9218821A921C921C921A921A921A921A921A821A821A721A71967
:2075800086198619861986196619E829E9210922C819092AED42D063116C116CF16B116C61
:2075A000116C116C116C316C316C516C316C316C316C316C316C316C316C316C116CF063A5
:2075C000116CF16B116C8F5B4A32E929EA29EA29EA29EA29EA29E929E921E821C819450132
:2075E00048222C430B3BCA324722C519C821C819C82109220922E921E921E929E929E929D6
:20760000E929E929C71986110722C9328B4B8B4B6A436A436A43493B49438A43AA4BAA4339
:207620008943EA53E963C5528462A993E8B3C8B3E9ABACBC0C840C840C84AB736E8CD4BD51
:2076400035C635C6D4B56E844A630E74B5AD37BE79C679C679BE99BEB9C657B653956F7CC8
:207660004E6CC942C52124096511A719C821C929A921A921C921A921A92189218921882112
:20768000882187198719A721E829082A8A3A4932A719E821C8190922C821E921AC428F5B17
:2076A000F16B116C116C11743174116C116C316C316C316C316C316C316C316C316C316CCB
:2076C000316C316C316CF063116CF16B116C8F5B2A32E829EA29EA29EA29EA29EA29E92962
:2076E000E921E92187110401081A2B3B2B3B0A3B882A0622C819A719C8190922092AE821E3
:20770000C821E921E929C929E929E929A719A619482A0B3B8B4B6A434A3B293B293B08330C
:20772000083B493B8A43CA4BA9430A5C2A6C055BE56AEA9BE8B3C8ABE9AB8CBCED7BEC7BCB
:20774000B08C6F84B08C37BEB9CE98C637BED5AD0E7C6C63908CD5B578CE58BE79BEB9C65C
:20776000D9C677B653956E74528D7074EA42C6216511A619C719C719C619E721E719C619E2
:20778000A619C719E719A619E7216932893A893ACA3A0B432C4B0C4B082AC719E821C81946
:2077A000E821C9212B324F53126CF16B116C116C31745174316C316C326C116C316C316C0A
:2077C000316C316C316C316C316C316C3274116CF163116C326C6F536B32E9210A220A22A8
:2077E0000A2209220922E921E921E819A611030168222A3B2A3B093BE832A72AE619A611FE
:20780000A611E71908220722E719E8210822E8218611C719E819C7190822AB3A2A43A83274
:20782000C9322B430A43672A2522E83A8A53EB530C5C0B64CA6B276B4683C89BC8BBA8B3D5
:20784000C8A36CB40D7CED7BB08CB18C129537B658BE98C6DACEB9CE74A57084EE73B18C51
:2078600017BE78C699C699C698BE37B652956F74B49D1285CD5BCA3A0822A61986118611FF
:207880008611C619C619C619C619E721282A69322B4B0F640E64CD638C532B4BCA420B43A6
:2078A0008A32E721E821C719A819A8190A2A0E4BF26BF16B116C116C31745174316C516C95
:2078C0005274316C316C316C316C316C316C316C316C316C3174116C116C116C116C2E4B4B
:2078E0004A32C821E921E921EA2109220922E921E819E819A6112401682A2A3B293B293B07
:207900000833E7322822850924018509C619C619C719E719E719A7194509A711A7198611CD
:20792000A711492AC93A0A430E64137DF27CAC53E83A08438A53CB53EB5BCB63CA6B276BBA
:207940006783E8A3C8BBA8B3C8A38CB4ED7B0E7C129DB5AD17B679C658BE79C6B9C6B9CEBF
:2079600058C675AD5084918C37BE99C6BAC6BAC699C657B6328D0D6C128D4F74AD5B4C4BDD
:20798000EB428932492A282AE7210722682A682A682A6832A93A0A43EE63F184F184D17C01
:2079A0000E64EA42062268328932E721E821C719C819A819EA21CE42B163F16B116C106C95
:2079C000316C3174316C51745274326C316C316C316C316C316C316C316C316C116C116CBD
:2079E000116C316CF1630D4B2A2AE921E921E921EA21092209220922E819C819A6116509BC
:207A0000892A2A3B2A3B093B293B0833892AE6194401440165098511A611E719C719851199
:207A200024018611A611C719E8198A322B4B706CB59599B637A6D17CED636A4B8A4BCB5329
:207A4000EC5BEB63CA6B076B678B09A4C8BBC8B3C8AB8CB40E7C5084B5AD79C699C6BAC6BC
:207A600079BE79BE79C699C6BACE58BE34A5349D18BE38BE79C679C679BE98BE53950E6C79
:207A8000D1840E648C538D536C4B0B430B432B432B43AD530E64ED5BCD5B8C536C538B53D3
:207AA000ED638F741185328D4E6C2A4B06220722482A0722E719E819E921E921EA298C3A15
:207AC000705BF16B116CF06B106C306C316C31745274316C306C306C316C316C316C316C3E
:207AE000316C316C116C316C326C3274F163ED42092A092A0A220A220A2209220922092200
:207B0000E819C719A611A611A9322A3B2A3B09330833E832A92A882A061A640943018409FD
:207B2000C611C619071AC611A5110722482AAA32AA322C43EE63959558AE99B637A6B59528
:207B4000738D4E6C6A4B0C5C2D640C64AA6B076B888BE9A3C8BBC8B3C8AB6BB4339DB18C8A
:207B600095A599C699C679BE79BE7ABE79BE9AC6BACE79C6F7B5B6AD18BE79C67AC679C666
:207B800079BEB9C6B5A5B07C128D9074AD5B8D5B8D536C4B6C53AD53EE5B90741185118547
:207BA000F07C8F742D6CCB5BCB5B0C64CF7C10852D6C8B53E93A272AC619A619A719C719F8
:207BC0000922E921E9214B322E4BD16BF16BF06B106C306C306C51745174316C306C306C6A
:207BE000316C316C316C316C316C3174316C316C316C326CD063CC42092AE9290A220A227C
:207C00000922E92109220922E821C819A611071AEA320A3B0A3BE932E932E832E9320A3BC1
:207C2000C932471AE5110612471A4722682A892AC9320A3B2B436C4B0B3B4C4BD27C38AE55
:207C400079B679AE17A617A637AEF1848B53EC5BEC5BCB636963E66A8893C8A3A7B3C7B3EA
:207C6000C8A36BAC37BEF394349D59BE9AC67ABE7ABE9AC69AC69AC69AC679C679C659C631
:207C800079C6BACEBACE9ACE9AC6BACE17B63395128DB17CAD5B8C538C53AD53AD538C533F
:207CA000AC532E648E74CF7CCF7C8E742C64CB5BCA5B0B648D74AE7C0C64EB5BAB5BA83A86
:207CC00064114309A611C719E821E921C9210A2AEE4AF16BF16B106C316C3174316C51740B
:207CE0005174316C306C306C506C316C316C316C316C31745274316C116C126CD063AC3A9E
:207D0000C921E921E921E921E921E921E92109220922C819A6112822EA32EA320A33E93275
:207D2000093309332A3B293B293B0933C82AA82AC82AE9320A3B4B436B438C4B8C4B8C4B8B
:207D40000A3BAD53D6A579B679B69AB679B658B677B6328DAC5BAC538B53AB634963E66A9E
:207D6000A893A79BA7B3A7ABC8A34BAC79C695A5549DF7AD9AC6BBC67ABEBBC6BBC69AC6EF
:207D80007AC69AC6BACEBACE7AC659C67AC679C69AC69AC658BEB5A5128DD1842F6CAD5B8E
:207DA0008C538C536C4B8C53AC53ED5BEB5B0C640C640C640B64EB63EB632B64AD74AD74B6
:207DC0004C6C4C6C2D6C8B53E6216311A611C711E819E921C921CA21AD3AB063F16BF16B20
:207DE00031743174316C316C5174116C306C306C506C306C316C306C316C31745274316C4F
:207E0000116C116CB05B8B3AC821E921E921E921E921E92109220922081AC7198609692A03
:207E2000EA32EA320A33E932093309330833E83208332933293309330933293B6A438B439B
:207E40008B438B438C4B4B432A43906C38B679B679B69ABEBABEBABE78B6328DAC5B8B5352
:207E6000CC5B6E7CEB7B0773C99BA8A3A7B3C8B3C8A36AAC99C658BE96A5759D59B69ABEE3
:207E800059B67ABE7AC659BE9AC69ACE7AC69ACE9ACE9AC69BCE7AC69AC679C658BEF6AD0B
:207EA000F28CF284907CEE63CD5BCC53AC53CC53CC53CC530C64EB63CA5BEB5B2C6C4C6C55
:207EC0002B6C2B64AD74AD74AD748D744D6C0D64A832C519A611A611C719E921C921A9212A
:207EE0004B322F53D16BF06B316C3174306C316C316C316C306C306C306C306C306C306C8F
:207F0000317431745274316C116C116CB05B6B3AC821E9210A220A22EA21E9210922292234
:207F2000E819C7118509692A0A3BEA320A3BE9320933E932E82A0833293329332933693B2A
:207F4000693B493B6A3B8A438B43AB4BAC534B434A43328599BEBABE9ABEBBBEBABEBAC65A
:207F600017AE907C8B538B536E74729D8E94277BE9A3E8ABC7B3E8B3E8AB6BAC78C699C644
:207F800038BE96A5B6A559B659BE79BE59BE7AC69AC69ACE9ACEBACE9ACE7AC67AC67AC6C1
:207FA0007AC659C679BE58BEB5A5128DF1846F740E64CD5BCC5BCC5BCC530D5C0B640C6475
:207FC0006D6CAE74CE7CEE7C8D748953EA63CE7CEE7CCE7C4D6CEC634A4B672AE619C611C6
:207FE0000822E819C919E921EA29EE4AB063116C3174106C106C306C316C316C5074306CBC
:20800000306C306C306C316C31745174316C52743274116CB05BAC3AE921E9212B2AEA219A
:20802000E921E921E9210922E81986096509CA320A3BEA320A3BE932E932E9320833083390
:20804000083329334933493B693B693B8A438A43CC4B8B4B8B4B4A436B4B738DDAC69ABEA9
:20806000BBC6BABE9ABEBAC6949DCD634A4BEC635295F4AD4C8C8883E9A3E8B3E8BB08B4F9
:20808000E8A34AA4B9CEB9CE78C6F7ADD6A5F7ADD7A5D7AD59BE59BE79C69AC69ACEBACE9B
:2080A000BACEBACE9ACE9ACE7AC67AC69AC679BE17AE949DF2844F6C2E64ED5BCC53CC5B82
:2080C000ED5BCD5B4D6CCF7C1085308D518D9195AE7C69530B64EE7CCE7CAE7C4D6CEC639B
:2080E000AB53E9422722E619081AE821C819C921C9218C3A6F5BF06B3174106C106C106C2B
:20810000316C316C5174306C306C316C306C316C3174317452745274116C116CB05BCC4269
:208120000A2A2A2A0A22EA21EA21092209220922E7196509C611EA320A3BEA320A3BE932D2
:20814000E932E9320833083328334933493349336933693B8A3B8A43AB4BAB4BCC536B4B11
:20816000AC53D495DAC699C6DAC6BABEBABE79BEF2842A4B2A4B6F7415AE76BE6D94888B83
:20818000E8A3E8B3E8BB08B4E8A34AA498CE78C699C658BE18B6F7ADB6A5D7AD38B658BE73
:2081A00079C699C6BACEBACEBACEBACE9ACE9ACE9ACE9AC69AC69AC658BE37B673952E6C04
:2081C000ED630D64CC5BED5B0D64ED5B4D6CAF741085318D318D10858E740C648D74EF844E
:2081E000AE7C8E744D6CEC5BAC5B4A4B8822C611E719E819E819C921C9212B320E4BB06397
:20820000116C316C106C106C106C316C316C306C306C306C316C116C31743174316C116C44
:20822000D063F163B05BCC420A2A2A2A0A22EA210A22E921E921081AC71965094822EA32A9
:208240000A3B0A330A33E9320933E932E832082B0833283328332833483369338A3B8A43AB
:20826000493B6A438B4B4A430E6436A6DACEBAC6BAC6BABEBAC638B6707CEA4AED63739516
:2082800097BEB7C68D94888B09AC08BCE8BB08B4E8A32AA457C657C698CE99C678BE58BE5C
:2082A00038B658BE58BE79C699C699CEBACEBACEBACEBACEBACE9ACE9ACE9AC69AC69AC607
:2082C00099BE99BED5A52E6C6B53AC53AC5BCD5BED5B0E64EC63CC5B2E6CB07C4E744B539A
:2082E0002A4BCC63AF7CD0846E6C8E744D6CEC5B8B534A4BC832E511C611C719E819E9215A
:20830000E9210A2A8C426F5B106C3174316C106C106C116C306C316C316C316C116C116CE7
:20832000116C3174116CF16BF163116CD05BED422A2A0A220A220A220A22E921E819E81907
:20834000C7198509892AC932EA320A33093309330933E82AC72AE8320833082B082B082B03
:20836000282B4933693B8A43493B4A432A432A43B07C57AEDACEBAC6BAC69ABEDBC659B6F1
:20838000138D4F74329536AEB8BE76C68E94A98B2AB408BCE8BB09B4E8A32AA436C657C653
:2083A000B9CE99C637BE38BE79BEBAC679C699C699CEBACE9ACE9ACE9AC69AC6BACE9ACE28
:2083C0009ACE9AC67AC67AC69ABEB9BE57B6F184AC5B2A4B6B53CD5BCD5BEE5B8B534B4BBD
:2083E0008C530E6C8C5B6832E6216832AC5B2E6CCC5B8F746E6C0D646A4B6B534A3B46228C
:20840000C511C611C819E921E921E9214B322E53F06B31743174106CF06BF06B316C116CC1
:20842000116C116C116C116C116C3174116CF16B116C116C905BAC3A0922E9210A220A22F5
:208440000A22E921E921E819C719C611882A882AC9320933093309330933C82AE83209338D
:2084600029330833E82A082B082B283349336A436A434B43EA3A8C53749578B6B9C6DAC6D5
:20848000BAC6BABEFBC6DAC638B616AE16AE98BE97BE36BE8E94C99309ACE8B3C8B309B468
:2084A000E9A32A9C94B5F5BD98CE37C6B5ADD6AD58BEBACE99C699C69ACEBACE9ACE9AC613
:2084C0009AC69AC6BACEBACE9ACE9AC69AC67AC69AC699BEB9BEF6A59074094388320A4344
:2084E0000A43CA42883A8832893AAA42AA424932A6214411272AC942C93A0D642E6CED63BB
:208500004A4B8B538A43A82AE611A611C719E9210A22EA292A320E4BF06B31743174116C9B
:20852000F06BF06B116C116C116C3174116C116C116C3174F16BF16BF163B0630D4B4A325A
:20854000E921E921EA21EA210A2209220922E819C711E61947226722C82A09330933293BD7
:208560000933E832293B293B293B0933E82AE82A082B0833493B4A3B2A3B093BE93A2F6C3B
:2085800017AEB9BEBACEDAC6DBC6BBC6FBC6FBCEBAC6DAC698BE98BE78BED4AD2C8CA99354
:2085A000E9ABE8B3E8B3E9B3C99B2B9CD19C32A5D5B5D6B5549D95A538BE99C699C69AC692
:2085C0009ACEBACE9ACE7AC69AC69ACEBACEBACE9ACE9AC69AC69BC69AC69ABE79BE77B686
:2085E00073952A4BC519E6210622C619A519851985198619A621E7218619C3002411851975
:208600008419E942CD5B8B534A4B4A4B6A43E932061AA611C81909220A2A0A2A4B320E5371
:20862000D063116C3174116CF06BF16B116C116C116C31743174116C116C3174326C116C36
:20864000116C8F5BCC3A2A2A09220922CA21EA21EA2109222922C719A611071A061A47224B
:20866000E932093309332A3B093309332A3B2A3B2A3B0933E82A082B082B082B4A3B4A3B6A
:208680000933A8324B4BF28478B6DAC6BACEDAC6DBC6DBC6DBC6DBC6BAC6DAC6DAC699BE27
:2086A00098BE94A5AB7BA9930AAC09BCE9B3E9B3C99B2A9C4F8C708C33A574A5349DB6ADF0
:2086C00018B659BE9AC69ACE9ACE9ACE7AC67AC67AC69ACEBACEBACE9ACE7AC69AC6BBC65C
:2086E000BAC69ABE99BE98BE36AE0E64C5198411E621E621C6218519A619C721661946111C
:208700004511040944110309C100E5218B534A4B2A4B09438A43293B4722C611E8190922FD
:208720000A22EA296B3A2E53D063116C1174116C116C116C116C116C116C31743174116CEA
:20874000116C1274116CF16BD1634E538B32092A0922E921EA21EA21C919E9210922A7115E
:20876000A611272206126722E93209332933493B0933293B2A3B2A3B2A3B0933093309339E
:20878000293329334A3B6A43093B0A3B2F6CD69D99BEDAC6BAC6BAC6DBC6DBC6DCC6FCCEB3
:2087A000DBC6DBC6FBC6B9BED9C694A58B7BCA930AB4C9B3E9BBE9B3A89B0A942FADCD9C64
:2087C0008D94AF9452A5D5B517BE79C679C69ACE9ACE99C679C679C679CE9ACE99CE99CE37
:2087E00099C69AC6BAC6BAC6BAC69ABE79B699BE99BE548DAA3A8619E821E721E821E8217E
:20880000E821C821A71986196619871987196611C30044096932EA42E93AE93A69436A435B
:20882000672AA511C719E921E921EA212A322E4BB063F06B116C116C3174116C116C316C79
:20884000316C316C316C116C116C116C316CF06BB05BED4A2A2AE9290A2AE929AA21CA212E
:20886000CA21EA21E9298711C719C519A41166220833493B493B293B2A3B4A3B493B6A3BA3
:208880006A3B8A3B6A3B29334A3B2A3B2A3B0A3B2B430F64969D9ABE9BBEBBC6BACEBBCE82
:2088A000DCCEDCC6FCCEDBC6DBC6DAC6DABEBABE78B63295CC7BA98B09AC29B4E8BBE8B370
:2088C000A89B0A9C90B52FA5CE9C8E94F19CD5B557C679CE79C699CE9ACE9ACE79C679C69B
:2088E00079CE7ACE99CE99CE9ACE9AC6BACEBBCEBBC6BABEBABE99BE99BEF7A5AE5B082A4C
:20890000082AE829C821C821E821E821C821C821A821C821A821871945116511A61907228F
:20892000A832E94249438A4BC832C611A719E921E921C9210A2AED4A8F5BF06B116C116C98
:20894000116C116C116C116C316C316C316C116C116C116C116CF06B6F5BAC42092AE92900
:208960000A2AE929CA29CA29CA21EA21C921460924094309C411C732483B293B493B8B431C
:208980008B436B438A43CB4BCB43CB4BAB436A3B6B432A3B2A3B0A3BCE5B348D59B69BBEB2
:2089A000BBC6DCCEDBCEDBCEDCCEFCCEDCC6DBC6DBC6BAC6BABE58B617AE1295CC7BCA8BD4
:2089C0002AAC08B4C8BBE8B3A89B0A9CB0B56FAD0FA56D8CAF94B4B557C678C679CE99CE1B
:2089E0009ACE9ACE79CE7ACE7ACE7ACE9ACE99CE9ACE9ACEBACEBBCEBBC6BAC6BABE99B610
:208A000099BE58B6B27CEB426932082AE821E821E921E929E929C821A821A821C921C8213B
:208A2000A821861904014409682A0A438A4BEC534B430722A719E821E921A821E9218B3A67
:208A40002E4BD063116CF16B116C3274116C116C316C3174116C116C116C106C116CF1636E
:208A60004E534A32E921E9290A2A0A2AEA29EA29CA21EA29E9216611C30023012622E83A5F
:208A80006943493B8A43CC4BCD4BAD4BAB4BEC4BEC4BEC4BAC4B8B436B432A3B0A3B6C4B43
:208AA000D27C79AEDBC6BBBEBBC6DCCEDBCEDCCEFCCEFCCEFCCEFCC6DBC6DAC6DAC678B67A
:208AC00058B6739D0C84CA932AB4E8B3E9BBE9B3A89B0A9C8FB52EA5EE9C8D948E9452A50E
:208AE000F5BD78CE99CE99CE9ACE9ACE9ACE9ACE9ACE7ACE99CE9ACE7AC69AC6BBC6BBC6EF
:208B0000BBC6BAC699BE99BE99BE58B6348DCF63CB42E829E921C921E921E929E929C92124
:208B2000A8218821C921A921C821A719E400E30007220A43EC536E64CC534822A6110822AE
:208B40000922C821C9212A32AC428F5B116CF16BF16B116C116C116C31743174116C116CF3
:208B6000106C116C116CD063ED4A092AC921EA290A2A0A2AEA29EA29EA290A2AE921871966
:208B8000E300A511C83229434A436A43CC4BED53AD4BEE53CC4B0D540D540D54AC4B4B3B55
:208BA0004A3B2B3B0A3B706CF79DBABEDBC6BBBEBBC6BBC6DBCEDBCEFCCEFCCEFCCEFCCE07
:208BC000FBCEFBCEFBCEDAC6DAC616B62D8CA98B2AB408B409BC09B4C8A30A9C4EADAC9CD1
:208BE000AC94AD94AE94CF9473AD98CE98CE99CE9ACE9ACE9ACE9ACE9ACE9ACE79CE79CEFE
:208C000079C67AC69AC6BAC6BAC6BAC6BABEBABE99BE79B6B69D51740C4BE821C921A82154
:208C2000C921E921E929E921A921A921C921C921C921A8194611E400A6192C4B4D5C8E6CFD
:208C40000D5C472AA6110822092AE921C921E9292A322E53F16B116C116CF16B116C116C97
:208C600031743174116C116C106C116C116C8F5BAC3AE921C921EA290A2A0A2AEA29EA29D5
:208C8000EA29092AE921A7194409272A2A436B4B4A43093B6B4B8C4B2B3B4C438C4BAC4BE2
:208CA000AC4BAC4B0A3B6822892AEA3A4C43758D9AB6BABEBBBEBBC6DBC6BCC6DBCEDCCE57
:208CC000FCCEFCCEFCCEFCCEFBCEFBCEFBCEDAC6FACE36BE4D8C898B0AB408BCE8BBE9B307
:208CE000C8A30A9CAC9C6B94AC9C2EA52FA5AE94D094F5BD98CE99CEBACE9ACE9ACE9BCE47
:208D00009BCE9BCE79CE79C67AC67AC69AC69AC69AC69ABEBAC699BE79BEBABE38AE148DF6
:208D20008E5B2932C921C921C921EA290A2AEA29CA29CA21AA21CA21C921C921C821451130
:208D4000C7198E536E64AF6C4E648832A61908220922E921E929E921E929AC42B063116C2F
:208D6000126CF16B116C317431743174116CF06B116C116CF0632E4B4A32C921E921E9298D
:208D8000EA290A2AEA29E929E929E929E821A719A61989320A434B4BE93A26224722892A96
:208DA000E719E719682A692A692A892AE7196409E719AA32CF5B18A6BBBEBBBEDBC6BBC603
:208DC000DBC6FCCEFCCEDCCEDCC6DCC6DCC6BBC6BBC6BAC6FBCEDAC6B9C636BE6E94688B7B
:208DE000E9ABE8BBC8BBE9B3C8A30A9C4A94AB9C2EAD90B5B1B50FA5AE9431A577CE98CEEA
:208E0000BACEBACE9ACE9BCE9BCE9BCE7ACE7ACE7AC67AC69AC69AC69AC69AC69ABE79BE80
:208E200079B6BAC69ABED7A551748A3AE921E921EA290A2A0A2AEA29CA21AA21CA21CA21F8
:208E4000EA29E921E9218719E8216D536E648F6C6F6CEA3AE72108220822E921E921E92934
:208E6000C9214B322E53D163126C126C116C116C3174116CF06BF06BF06B116CD063AC420F
:208E8000E929E921E929C921C921EA29C929C929C929E929E829A719082AAA3A682A8832A2
:208EA000272223016409A61124014509A611C619C719C7198509450928220C43B27459AEB6
:208EC000DBBEDBBEDCC6BBC6DCCEDCCEFCCEFCCEDCC6DCC6BBC6BBC6BBC6BAC6FBCEDACE9D
:208EE000B9C637C68F9C698BE9ABE8B3E8BBE9B3C8A32A9C8A944DADAFBDAFBDD1BD70AD9D
:208F0000CE9C109D36C677CE99CEBACE9ACE9BCE9BCE9BCE9ACE7ACE7AC67AC69AC69AC677
:208F20009AC69AC679BE9ABE99BE9ABE9ABE59B6D4848B3AC921C921E929EA29EA29EA2198
:208F4000CA21CA21EA29CA21EA29CA21E921A819C719CB3AEC5B2D644F6C2B432722282AF3
:208F6000082A092AC921E929C9210A2ACD42905B126C126C116C116C116C116CF06BF06BD2
:208F8000F06B116CB0636B3AC821E9290A2AE921E921EA29E929E929C929E929E829861913
:208FA000082A6932A619C6198511C300240986112509C719E821092209220922E819082266
:208FC0000C431064558D9AB6DCC6DCC6DCC6BCC61DCFBCC6FCCEDCCEDCC6BCC6BCC6BBC62B
:208FE000BBCEDBCEBAC6FBCEDACE78CEF0A4898BE9ABE8B3E8BB09B4E9A32AA42DAD4EB59A
:209000008EB5AFBD6FB5B0B590AD6D8C119D98CE58C69ACE9ACE7AC69BCE5AC67ACE7ACE87
:209020007ACE9BCE9BCE9BC69AC69AC69ABE79BE99BE99BE59B6D7A551746A3AC921E921D0
:20904000E929EA29E929E921CA29CA29CA21CA21EA29EA21C921A819E821292A2A3BED5B41
:209060004F642B43482A282AE821E821C921E929EA29EA294B324F533274116C317431744B
:20908000116C116C116CF06BF06BF16B0D4B2A2AC921092A0A2AEA29C921EA29C921E9293E
:2090A000E929E9298719A719292AE82186116611661166118611A719C821E821092A09222D
:2090C0000922292A292A8B32D05BD47CF89D9BB6DBBEDCC6DCC6DCC6DCCEDCCEFCCEDCC662
:2090E000BCC6BCC6BCC6DCCEDBCEBACEDACEDACEDACE98CE31AD898BE9AB09BCC8BBE8B348
:20910000E9A36BAC4EB56EB58EBDAFBD8EB5AFB56FAD4C848E9415BE57C679CE7ACE5AC67B
:209120009BCE5AC659C67ACEBBCEBBCE9BCE9BCEBBC6DBCE99C679BE9ABE79BEB7A5927CA2
:209140002D53092AE921E929092A092AE929E921CA29CA21CA21CA21CA21CA21C921C82161
:20916000C719E7218832AD530E64EA3A282A282A0822E929E929EA29C929EA292B32ED4A19
:20918000D163F16B116C116C31743174116C116CF16BF163CC42092AC921E929EA29EA29EE
:2091A000C921EA29C929C929C821C821A721C721292AC72166198719A719C821C821C82177
:2091C000C821C821C921E921E929092A2A2AED427374568DD8A59BB6BCBEDCC6DCC6DCC609
:2091E000DCCEDCCEDCCEDCC6DCC6BCC6BCC6DCCEDBCEDBCEDACE1BCFDACE98C652B5AA8B59
:20920000E9AB29B4C8BBE8B3E9AB4BAC8FBD6FBD8EBDAFBDAEBDCFBD6FB56C8C2C8493AD02
:2092200037C638C659C65AC69BCE9BC65AC69ACEBBCE9BCE9BCE9BCE9ACE9AC69AC699BE5F
:20924000BAC699BE55954D53092AE829E921E929092A092AE929E929C929CA21CA21CA2110
:20926000CA21C921C921C821C819A71927226C4BEE5BEA3A0722082AE821E929092AC9299D
:20928000A921EA290A2A6C3A6F5BF16B116C116C3174116CF16BF16BD0638F5B6B3AE92949
:2092A000C921E921EA29EA29EA21EA29C929E929C821C821A721E8292932C8218719A8211A
:2092C000E921E9290A2AE921C921C921C921E921E9290A224B32B05B368D989DF8A59BBEB8
:2092E000DCC6BCC6DCC6BCC6DCCEDCCEDCCEFCCEFCC6DCC6BCC6DCCEDBCEDBCEDBCE3CD7C0
:20930000BAC698C672B5AA8B0AA409B4C8BBE9BBE9AB6BAC90C58FBD8FBDAFBDAFBDCFBD85
:20932000AFBDCD9C0C8411A537C658C67ACE5AC69AC69BCE7ACE9ACE9ACE7AC67AC69ACEC6
:209340009ACE9AC699C699C6BAC6BAC6759D0C4BA721E829E821E921E929092A092AE929A8
:20936000C929CA29CA21CA21CA21A921C921E921E821A719E719CA3A8D530C430822C71983
:20938000E821E921E921C921A921CA29C9292A322E53F16B116CF16BB0638F5BB063B063E2
:2093A0006F5B2E4B2A32E921E929E921E9210A2AEA29EA29C921E929E929C821A721E829B4
:2093C000292AC821C821C921EA29EA29EA29E921E921E921E9290A2AE92909228C32326C48
:2093E000989D7795D89D9BBEBCC6DCC6DCC6BBC6BBC6BBC6DCCEFCCEFCC6DCC6DCC6DBCEF2
:20940000DBCEDACEFBCE1BCFDAC6B9CE31A52873C99B09ACC8BBE9BB09AC8CB490C58FC5D2
:209420006FBDAEBDAEBDCFBDCFBD4EAD6D8CD09CF5BD58C67ACE5AC67AC67AC69BCE9BCE28
:209440007ACE39BE19BE39BE7AC69AC679BE79BE99C6BAC6D6A56E5BE829E829E821E8219A
:20946000E921E929E929E929C929CA29CA21CA21CA21A921C921E921E821C719A711C719C7
:20948000EB424D4B282A8619E829C821C921C921A921C921C921E929ED4AF16BD0636F5B08
:2094A0000D4BEC4A2E536F5B2E53AC42092AE9210A2AE929C9210A2AEA29EA29C921E921A9
:2094C000E921A821C821092A092AC821C921EA21EA29EA29CA21CA21EA29EA290A2A0A2A02
:2094E000E929E9216B32F1637795578DB89D7BB6BCC6DCC6DCC6BBC6BBC6BBC6DCC6DCC65C
:20950000DCC6BCC6BBC6DBC6DBCEDACEFBCEFBC6FACEB9C6AF8CA662888B09A4C8BBE9BBB9
:2095200009AC8CB490C5B0C58FC5AFC5AEC5CEBDCFBD8FB50FA58E94F29CD6B538BE39BEFA
:209540007AC69BCEBBD6BBD67ACEF8BD96AD96A5F7B558BE78BE99C6B9C6BAC6D7A5CF63C1
:209560002932E821E921E921E921E921E921C921C921CA21CA21EA29CA21A921A919C92137
:20958000C821C819A71166096A324D4B492A8719092AC821A921C921A921C921C921E92913
:2095A000CC42AF63B0632E538B3A4A32AC42ED4AAC424A32E921C9210A2AEA29C921EA29EF
:2095C000EA29CA21EA29E921C821A719C821092AE921C921C921CA21EA29EB29EA29EA2995
:2095E000EA29EA29E9210A2AE929E9210A224E4BD584568D97955AB6BCBEDCC6DCC6BBC66F
:20960000BBCEDBCEFCCEFCC6DBC69BBE7ABE9ABEBAC6DACEFBCEDAC6FAC637B6EC73244AF7
:20962000478309A4C8BBE9BB09ACACB491C5B0C5B0C5CFC5EFC5CFC5F0C5D0BD30ADEC7BD5
:20964000ED7B54A5F7BD39BE9ACEDBCEBBD69BCE7ACE19BE97AD55A596A5D7AD78BE99BE4A
:2096600079BE17AE148D4D53282AE821E921E921C821C921C921C921C921AA21CA21CB210B
:20968000CA21A921A921C921C819C819C81987110822AB3AE8218619E829A821A921C921E1
:2096A000A921CA29C929A8216A3A4E538F5BED4A2A32E9292A324A322A32E921E921C8212D
:2096C000EA29EA29E921EA29EA29CA210A2AE921C92187198719A819A819C921CA21CA219F
:2096E000CA21CB21CB29EA29EA29EA29E9210A2A0922E921E921AC3A326C168D97955AB686
:20970000BCBEBCC6DCC6BBC6DCCEDCCEFCCEFCC69BBE39B6F8AD18AE79BEDAC6FBC6FAC63F
:2097200099B6328D295B0342067309A4C8BBE9BB09B4ACB470C590C58FC5CFC5EFCDEFC506
:20974000EFC5D0BDCE9C6A6B4B6354A538C67AC69ACEBBCEBBD69BCE7ACE7ACE39BED7B5A6
:20976000B6ADD7AD58BE58BE17B654950F6C8A3AA721C721E921C821C821C821C921C92198
:20978000CA21AA21CB29CA21CA21AA21C921C921C819C819C819A819A719C819861986116F
:2097A000E929C821A921A9218921CA29C9296719092AED4A2E53AC42092AC821E929E929F2
:2097C000E929C821E921C821EA29EA29EA290A2AEA29EA29C921C921E92167112509260955
:2097E0004611E921CA21CA21AA21AA21CB21CA29EA29EA290A2A0A22E9210A22E9214B2A82
:20980000B05BD584B89D7BB6BCC6BCC6DCC6BBC6DCCEDCCEDBCEDBC67ABED7A55695769DE7
:2098200017B699BEDAC6DAC637A62F6CA74AE341C56AE99BC8BBE9BB09B4ACB4D1C5B0C535
:20984000AFC5AFBDAEBDAEBD4EB5CDA46D946A6B6C6BD6B5B9CE79BEDACEFACEDBCE7AC68F
:209860009ACE7ACE7AC67ACE39C639C659C638BEB28CEF6BEA42072AE721C7198721C8212F
:20988000A8198819E921E921A919A919C921C921E921C929C921A921A921C921A819A81914
:2098A000C821671906096711C921A921E921A8198819E921E9218819C8216B32EB42492ABD
:2098C000A719E821E929C921CA21CA29CA29CA21EA29EA29CA210A2A2B32E921E921E92147
:2098E000A8210609E50827116719A921A921CA29CA29EA29EA21CA21CA210B2AEA29EA212A
:20990000E921E921E9212A2ACC42116C368D5AB69BBEBCC6DCCEDCC6DBCEBBC6FAC6FAC6A6
:20992000BABE79B617A6959DB5A557B698B6F9BE738D6A4B6A53854A434AE98BA9ABC9AB1B
:20994000EAABADBCD1C590BD6FBD4DB5ECACEBA4CCA48C9CAE9C0D842F84D6B579C6BACE59
:209960001BD7DACEBACEBACEDBCE79C639C679CE7ACEBAD678CE54A5CE6B0B534832E621E0
:20998000C621E721C721C821C821C8210922C921A819C919A921C921E921E929C929C921D1
:2099A000A921A821C921C819C819671106096711E921C921A921C921A921A821C921C9215A
:2099C0000A2A8B3AEC42AB3A092AC821C821A921CA21CA21CA21CA21EB29EB29CA21EA21E2
:2099E0000A2A0A2AE929E9218819E508E50867198821C929C921EA29EA29EA29EA29CA212C
:209A0000CA210B2AEA29EA210A2AE929E921092AED427374D8A57BB67BBE9BBEFCCEDCC6C3
:209A2000DBC6DBC6FACEFBCEDAC6BABE9ABE58B637AE78B6B9BEB8B6B07409438A5B07532E
:209A4000634A4673C9ABE9ABE9ABACBC90BD2EB5CCA4AB9C6A9C8B9CECA40EA5EFA4D09C46
:209A600033A517BE58C6BACEFACEB9C6B9CEBACEBACE79CE58C678CE37C616BE74AD4F8445
:209A8000CD6B6B63683AC5218419C521E729C721A721E8210922E921C919C919C819C92128
:209AA000E921E929E921C921A921A821E921C921C921881947116719C921A921C921C92124
:209AC000A821C9216B324E53326CD484D384937CD0630D4B4A32A821A921EA29CA29CA21AE
:209AE000EA29EA29EA21CA21EA210A22E929C9216719E5080609A821C929EA29C921EA29D0
:209B0000EA29EA29EA29CA21CA21EA21EA29EA210A2A0A2AE921092A4E53368D5AB67BB6C3
:209B20005AB69BBEFCCEDBC6BBC6DBC6FACEFBC6DBC6FBC61CCFDBC699BE98BEB9BE77AE6F
:209B40002E64E93A6A532853644A0563C9ABEAABC9A38CB4CDAC8C9C6A9C8A9CEBA44DB5EF
:209B60008FB56FB58D948F9494B558C679C6DACEDACEDACED9CEB9CE58C617BED5B594ADAF
:209B8000F19CB0944E840D7CD094119D0D7409534732C529A521A521C621E721E821092294
:209BA0000922E821E921E921E921C921C821C821C821C921E921E921E921C9198819A81962
:209BC000A921A9218819E9216B3A4F53947C77951AAE9CBE9ABE7AB6D8A5158DD0634B3A62
:209BE000C929EA29EA29EA29CA21C921EA21EA21EA21C921C921A921471106094711C929F5
:209C0000EA29EA29C921CA29CA29CA21EA29CA21CA21EA21EA21CA21EA290A2AE9212A2AD4
:209C20006F5356955AB65AB619AE3AB6BBC6DBC6DBC6FBC6DAC6DBC6FBC6FBC6FCC6FBC6D6
:209C4000B9C698BEB8BE36A6ED5B093B494B2853844AC45AA9A3EAABC9A3ACB48CA4ACA429
:209C6000CCA40DAD8EBDF0C5D0BD2FAD2D8CB094F6BD79CE9ACEBACEBAC6FACED9CEB8CEF5
:209C8000F5B5129DB0948F8C6E8C6E8C4D8C8E8C71AD34BEB3AD10954D7C0953E529C521F7
:209CA000C62107220722E821E821E821E921E821C821C821C821C821C921E921E921E92191
:209CC000C921C8198819A819A921C9210A2AED42126C36951AAE7BB69BBEBCBE9BBE9BBE79
:209CE0007ABE5AB6979D116CAC42C921A821C921A921A919C921EA21EA21CA21C921A921B5
:209D0000471127116819CA29EA29EA29C921EA29CA29CA21EA29EA21CA21EA21EA29CA212C
:209D2000EA29E921C921E921CC4272747795B79DD8A5F8A559B6DBC6FBC6FBC6DBC6FBCE08
:209D4000FCC6FCC6DBC6DBC6BAC6B9BE98BE94958C4B2A438A53695BC552434A68930AA495
:209D6000EA9BACAC0EB54FBD8FBDAFC5CFC511CED0BD0FA54D8C32A578CE99CE9ACEBACE76
:209D8000BACEBAC6D9D697C6529D6E84AE94109D70AD50AD50AD50A5B2B533C614BEF3B5F9
:209DA000F3B5F094CC6BA842C521C52107220822E821E821E821E821E821E921E921C9210C
:209DC000C921C921C921E921C921C819A819A819C9212A2A905BB484B8A51AAE7BB69CBE5D
:209DE000BCBEBCBE7BBE7BBE5ABE9BBE9BBED8AD32744A328719A821C921C921C921EA215A
:209E0000EA21EA21C921A921471147118921A921CA29CA29CA29EA29EA29CA21EA29EA2944
:209E2000EA21EA21EA29EA21EA29E921E921C821092AEC42516CF484D79DF8A559AEDBC68F
:209E4000FBC6DABEFBCEDBC6FCC6FCC6DBC6DBC6B9C698BE36AED0748B4B8B4BAB53AA5BCD
:209E60000753234206830A9CEA9B8CAC91C5D1C5F1CDD0C5D0C5F0C5B0BD2FAD2D8432A5DD
:209E800078CE99CEBACEDACEFBD6DACEF9D635BED094AF9491AD13BE12C612C6D1BD6FAD9A
:209EA000F2BDF2BDF2BDF3BD34C613BEB3A54E7CA73AC5210622072208220822E821E8217A
:209EC000E921E921E921E921C921C921C819C921C821A819A8210A2ACD42905B168DD9A5F9
:209EE0007BBE7BBE7BB67BB65BB65AB69BBE7BBE7BBE9BBE9BC6BBC6B7A5D0632932C82194
:209F0000C921E929C921C919EA21EA21C921891927116819CA21CA21EA29CA29CA29EA293C
:209F2000EA29CA21EA290A2AEA29EA29EA21EA29E929C921E921E821A71908220C431064DC
:209F40001485558DB69D9ABEFBC6FBC6DBCEDBC6FCC6FCC6DBC6BABEDAC6B8BED5A50E6470
:209F6000AC53ED53CB53AA5B485B8442636AC9930A9CADACB1C5B1C5D0C5F0C5F0C5F0C54E
:209F800090B50FA54D8452A578C6BACEDACE99C6BACEB9CE19DFF4B5AF8C309D13BEF2BDFB
:209FA000D1BD12C6B0BD0EA5F2C533C633C613C6D2BD13BE34B692A50D6C6732E621E721F7
:209FC000E72108220922E921E921E921C921C921C921A921E921E921A8198719C8218C3A5A
:209FE0003274B8A53BB65AB63AB619AEF9ADB8A5B8A5D8A519B619B67ABE9BC67ABE9ABE02
:20A000007ABE55950D4B292AC8210922E921CA21EA21EA21A9216819070989190B2AEA290F
:20A02000EA29EA29CA21EA29EA21C921EA290A2AEA29E921EA29E929E921A819E821E821A1
:20A0400086118611C7198A326E538E533064B59DB9BE1BCFDACEDAC6FCC61CC7BBBEBABE6F
:20A06000DAC6D9C6F5A5AC5BAC53ED5BCB53AB5BAA5BC642E151A88B0A94CDACB1C5B1C520
:20A08000F1CDF1CDD0BDF1C5D1BD30A56E8C93ADB9D699CE99CEB9CEDACEB9CEB8CE93AD8B
:20A0A0008E8CD2B513BE12BEF1BDF1C5B0BD4FADF2C513CE12C633C6F2BDF2BDF3B514B658
:20A0C00051958B5B262AC619E7210822E821092AC921C921E921EA29A919A921C819C821D0
:20A0E000A819C9218C3A737498A57BBE3AB61AAE98A536953695369536955695579D97A556
:20A10000B8A539B69ABE7ABE9ABE59B6B384AB3AE921E921C9190A220A22C919CA2148116C
:20A1200027118919CA21A921CA21EA29CA210B2ACA21C9210A2A0A2AE929E929E921E929F5
:20A14000C82166116611651165092409E3008511E721E721482AAD5B9495FAC6DACEDAC6E3
:20A16000BABEFCC6FCC6BABE1BCF1ACF57B6B074AC532E5C0D5C0C5CCA5B4853E149E56AD4
:20A180000A9C8CA4B1C5B1C5F1CD11CEF0C5F1C5D1BD30A58E8CD4B5D9D699CE99CEB9CEEB
:20A1A00099CE98C697CE319D8E8CB2B5F2BDF1BDF1BDF1BDB0BD4FADF2C533CE13C633C67A
:20A1C000F2C512C613B654BEF3ADD084EA4AC621E821E821C821092AC921E921A821A92151
:20A1E000A9212A2AAC3ACC420D4B8F5B5374D8A55AB67BBE7BBE3AB698A55695779D97A5DD
:20A20000B8A5D8A598A597A55695769DD7AD39B69ABE79BEB7A54D53092AE921E921EA219D
:20A22000EA210A22A921481107098919A921A921CA21CA21CA21EA29EA29EA290A2AEA293D
:20A24000E9290A2AE921871966114511240944098511640923094409A511C51927220A4321
:20A260004F6C118537B6B9C6DAC6FBC6DBBEDBC61BCFFAC6B8BE528DED5B0D5C0C5C0C5C06
:20A28000CA5B89532252845AA983ADAC91C5B1C5F2CD11CEF1C5F1C5D1B530A54E84B4B57A
:20A2A000B9CE99CEBAD6FAD6B8CEB8CE36BED094EF94D2B5F2BDF1BDF1BDF1BD90B550ADE7
:20A2C000F3C534CE13C612C6F2C532C613BE54C655BEF4ADEE6B072AE721C721E821E92930
:20A2E000A821A819A8214B320E4BF16BB37CF484158D5795B8A57BBE7BBE7BBE7BBE3AB673
:20A30000D8ADF8AD39B65ABE5ABE7ABE9BC67ABEF8AD97A5769DD7A579BE9ABE7ABE317447
:20A320004A32C821C921E921EA210A22C921481127118919A921A921CA21CA21CA21EA2908
:20A34000EA29EA29E929E929E929092A092A8619C7190722C6190622682A672A2722A4116B
:20A36000A4110622672A2A43CC5BED63B084949D78B6DABEDBBEDABEFBC6DAC6D9C6D59DBD
:20A380004E64ED532D5C2C5CEA5BCA5BC562234A066BADA4B2CDD2CD12CE12CEF1C511C68F
:20A3A000D1BD71AD6E8473A598CE99CEB9D6B9CEB9CEB8CED4B58F8C51A5F3BDF2BDF2BD4F
:20A3C00012C6F2BDB1BD91B5F3C534CE13C612C6F2BD32C613BE33BE54BE55BED18CA94201
:20A3E000C721E821092AE929A821C9298C3A116C368DF9A55AB67BB67BBE7BBE7BBEBCC65A
:20A400007BBE7BBEBCCE19B697A5B7ADD8ADD8ADF8B539BE7ABE9BC6BBC67ABED7A5B6A5FA
:20A4200018AE59B69ABE35952D53C821C8190A22EA21C919C92968194711A921C921A92179
:20A44000EA29CA21EA29EA29EA29EA29E929E929E929C929A719C719282AA9328832A83229
:20A4600009432A4329434622E419052287326A4B2D6C2D6CEC6B4E74128517A6BAB6BABE36
:20A48000BAC6DAC6B9C656AEB074ED534E644D64EB5BEA5B886B645264520B8CD2D5F3D562
:20A4A00012D632CE12C632C633C613BE119D329D78C698CEB9CE77C6D8D677C632A58E8C59
:20A4C000B2B513BEF2BD12BE12C6F2BDD2BDD3BD14C634CE33C613C612BE32C612BE12BE09
:20A4E00034BE35BEB4A5CD63E729E821C821A821E8292D53727CD8A55AB67BBE9BBE9BBE2C
:20A500009BBEBCC6BCC6DCCE3AB6F8ADB8AD569D369D769D569D569D769D569D769D559578
:20A52000D7AD7ABE79BE38B638B618AE7ABE39B6937CCB3AE921E921E921C919C9298819B8
:20A540004711A921CA21C921EA29EA21EA29EA290A2AE929E9290A2AC92967198511282ADA
:20A56000A932C93AE93A093B4943AB53CC53E83A462A2522662A8A538E74AE74AE842C6CB9
:20A580000D64F27C38AEDBBEBAC6B9C6D9C6B8BE1185EC534E644D64EA5BEA53C96B075BF9
:20A5A00044426873B2CDD2CD12CE12CE32CE53C694CEB6CE93ADF19436BED9CEFAD6B8CEA7
:20A5C000D8D615BEB094AF94F3B5F3BDF2BD13C613C613C614C634C635C634C613C612BE6F
:20A5E00012BE32BEF1BDF2BD33BE34BE56BE128D693AC7218619A7198B3AB384F8AD9BC6BC
:20A600009BBE9ABEBBC6BBC6BBC6BCC67ABE19B6769D15951595569DD8ADF8B5F8B519B675
:20A62000D7B5359D51744D538E63F38CF7AD79BE59B639B67ABEDBC6D7A5116CCC42E82125
:20A64000C8190922C82167194711A819C921C921EA21CA21EA21EA29EA29E929092A092AF9
:20A66000A8214619E721CA3AEA3AC932093B4943AA4B2D642C64AA532843C73AE73ACA5BF2
:20A68000CE7C0F850E8DAE7C4E6C9074D69DBABEDAC6BAC6D9C6D9C6538DEC534D646D646F
:20A6A0002B5CEA5BA96389638542075BB2CDD2CDF2CD12CE53CE94CED5D637DF34BE119514
:20A6C00094A557BE98CEB8CE56C652A58F8C31A514BE13BE13BE33C654C654CE75CEB7D6C3
:20A6E00096D655C613BE12BE11BE11BED1BDF1BD13BE14B676BED5A58D5BE729A6214932D5
:20A70000CF6BD7A57ABE9ABE7ABE7ABEDBC6BBC69BBE5ABED8A577A515953595B8ADF8B5D1
:20A720005ABE7AC67AC69ACE9AC6F8B5EF6BAA42CB42106C148DB6A518AE59B6BBC6DBC64A
:20A7400019AE5695F1634A32C8190922C92187194711A821C921C921EA21C921C921EA2102
:20A76000C921C929E929C929A821C829C9322A432A43E93A29438A4BEB5B6D644D64EB5BF8
:20A78000CB53AA53AA5B2C64CE7C2F850E8D0F8DCF7C9074758D9ABEBAC6DAC6D9C6FAC6AC
:20A7A0009495ED5B2D5C8D648C6C2B5CC95BCA5BC64A485BD2CDF3D513D633D694D6D5DEBD
:20A7C00016DF78E7F7D673A5B08C329DB4AD36BE72A56E8C8E8C92AD34C6F3BD13BE53C6E2
:20A7E00074CEB5D6F7DE39E7F8DE76CE33C612BE32BE11BED0BDF1BDF2BDF3B535BE16B6A4
:20A80000707C4832E7294D53349559B638B618AE18AE38B6F8ADB7A5769D769D5695569DDD
:20A82000359D769D97A576A5F8B57AC69AC6BBCEBBCE79C6969D927CF38C759D54953595B9
:20A84000969D18AEBBC69ABE18AED8A5F4840D4B092AC821E929A8196719A921E921C921E6
:20A86000EA21C921EA21EA29C921C921E929C821E9296B3A8C538C536B4B6A4B8A4BEB5BFB
:20A880002C644C646D6C4C642C646C6C6D6C8D74CE7C2F854F954F95EF7C6F6C548D9AB670
:20A8A000BAC6DAC6D9CEFACED49D0D5C2D5C8D6CAD6C2A5CEA63CA5B274BEB6B33C634C6E1
:20A8C00074C695CED7D618DF39DF59DF39DFB7CE1195ED738F8C0E7CAC6B0E7C51A5B3B5A0
:20A8E000F4BDF4BD15BE76CEB7D6F8D659DF7ADF5ADFF8D697C635BE15BEF4BDD3B592AD51
:20A9000092AD93ADF5B516B61395483A2832727CD7AD5ABE19B6F494327CAF6B4D530C4B1E
:20A92000F06B7274B3843595B484F06B11747384159539BE7ACE59C65ACE39C65AC65AC657
:20A940009BCE5ABE19B6F8AD559D759DD6A5BABE59B6D7A5F8AD937C4A32E929E821E8212C
:20A96000E821C821C819C921E921EA21EA29CA29C929C921E929C821E7212C432D5C0C54C8
:20A98000CB4BEB4BEB530B5C4C646D6C6C6C6D6C8D6C8D748D74AD74EE7C2F8D308D508DB0
:20A9A000308DAF7C118D57B6DAC6B9BEB9BE1AC79495CC5B4D644C648D6C6C644A64A85372
:20A9C000A9538D7413BE34C675CEB6D6F7DE39E75AE75AE77AE719D7B4AD2E7CED738C6BB6
:20A9E000ED73F194F4BD15BE35C635C656C6B7D619DF39DF59DF7ADF5ADF39DFF8D697CE2A
:20AA000056C615BED3B592AD73AD93ADD5B5F6B5339DCA4AE731517C76A596A5F494AF6B2A
:20AA20008B428729E300A6194D53106C106C106C6E5BEC4AD06BB38C159576A5159D52841D
:20AA4000F07B8F73938C5AC6DCD69BCE7AC67ABE59B6969D759DF7A538AE38AE7ABEF8AD1E
:20AA6000D063E929C821C821E821E821E921C921C921C921EA29CA29C929C921E929C72109
:20AA800008226C4B2D5C0C54EC530C540C540C5C4C646D6C8D6C8D6C8D6C8D6C8D74AD74F6
:20AAA000EE7C2F85508D308D3085CF7C118516AEB9BEB9BED9BE98B61285CC5B4D646C6472
:20AAC0008C644B644A64E953EA5BCE7C14BE55C696D6F7DE39E75AE77AE75AE73ADF5BE7D2
:20AAE000F9D694AD908C0E7CD194D5B556C656C656C676CEB7D6F8DE39DF5AE739DF5ADF0C
:20AB00005ADF59DF39DFF8D697CE56C615BEF4BD15BE56C6B8CEB9CE17B6EF730B53B2841A
:20AB2000359D1495B384D06BEC52493A4932EC4A5174D384927CF06B6E5BF06B148DF8B5BF
:20AB4000F4942D5BE8310419A31083088729107497A57AC6BBCE9BC6BBC639B6B6A5969DD9
:20AB600018AE59B67ABE9BBE158DAB42E821E821E821E821E921C821C921EA29EA29CA29C6
:20AB8000C929E929092AC721282A8D532D5C0C540C542C5C2C5C2C5C4C648D6CAD6C8D6CC8
:20ABA0008D6C8D6CAD74AE74EE7C3085508D508D308DF07C318D36AEB9BE98B6FAC616A67B
:20ABC0008F74EC5B4D644C644B5C4B5C095CC953EA5BCE7C55CE96D6D8DE19DF3AE75AE7CD
:20ABE0005AE75BE73AE77BE75BE737BE129DF294D5B578CE77CE76CE77CEB8D6F9DE19DFE8
:20AC00003ADF5ADF5ADF5ADF5ADF5ADF3ADF19DFD8D6B8D676CE56C697CEF9D65BDF3BDFC9
:20AC2000DACE3395717C95A5B6A596A5B7A5769D359D14953595769D969D138D717CEF6B06
:20AC4000CF63B284D38CF7ADCF6BE41021006200620021008200C729117439BEFCCE9BC63C
:20AC60007ABE9ABE39B6969DD7A518AE39B6BBC6D8A53174AB3A2932E82109220922E921A5
:20AC8000C921EA29EA29C929C929092A082AC719482A8D532C542D5C2D5C4D5C4D5C4D6494
:20ACA0006D648D6CAE74AD748D6CAD74CE74EE7C0F7D508D508D508D508DCF7C318536AEDC
:20ACC00057AEB49DD59DF17CED5BEC5B2C5C2C5C2B542A54C953C953EA5BCE7C97D6D8DEB9
:20ACE00019DF39E73AE75AE75BE75BE75BE75BE75BE7B9CED5B5F6B598CEB9D6D8D6B8D6A3
:20AD0000F9DE3AE75AE75AE73ADF5ADF5ADF5ADF5ADF5ADF5ADF3ADF1ADF1ADFF9DED8D6BA
:20AD2000F9D63ADF5BDF5BDF3BDF17B6339538B6BAC6BAC69AC659BE38B618B6D7A5B6A510
:20AD4000B284CF630F6C917C707C5074D28CD7AD8E63C30825194A426A42A729A308820042
:20AD60000832D48C39B67ABEBBC69ABE7AB618AED7A5D7A559B6BBC618AE5595316C2D4BF6
:20AD8000292A0822292A0922E921C921C929C921C921E929E821A61969328D530C5C2C5CB9
:20ADA0004D5C4D5C4D646D648D6CAE6CAE6CCE74AD74CE74EF7C0F7D0F85508550852F8504
:20ADC0003085CF7CD07C528D12856F6CED5B8B4B8B530C5C2C5C2B5C0B54EA53C94BC95397
:20ADE0000A5CAE74F9DE19DF1AE73AE73AE73BE75BE73BE73BDF5BE77CEF5CE7DAD6FAD6A9
:20AE00001BDFFADE1ADF1ADF3ADF5BE75BE73ADF3ADF3ADF3AD73AD73AD73ADF3ADF1ADF28
:20AE20001ADFF9DE19DF19DF1ADF3ADF5BDF3ADF7CDFB9C6138DD6A579BE38B696A5759D86
:20AE40005595148D3595D384717C707CD184D1840E6C2B53707CF6ADD38C4D5BCF6BB38CBC
:20AE6000D48C317CEC4A8619E4088E5B158D55957ABEF8AD769D18AEF8ADB69D38B6DBC652
:20AE800079B618AEF8A5927CEC42E821E821E821E921E921E921C929A821C821A719A61988
:20AEA000A93ACD5B0C5C2D5C4D644D646D646D648D6CAE6CAE6CAE6CAE74CE740F7D0F7DCF
:20AEC0000F7D30852F850F7D3085107DCF7C8F740D640E644A4B4A43EC532C5C2C5C0B54AE
:20AEE0000A54EA4BC953EA53EB5B8E6C1AE71AE71AE73AE73AE73BE73BE73BE73BE75BE717
:20AF00005BE75CE71BDF3CE75CE75CE73BDF3BDF3BDF3BDF3ADF1ADFF9D6F9D6F9CED9CE83
:20AF2000D9CED9CED9CEB8CEB8CE98CE77CE98CEB8CEB8CEB8CE98C6D9CE57BED18C917CE9
:20AF4000D284F38C9284D284F38CD38CD4843495B6A5D5A5B0846B53A73A052AAC5B5395EB
:20AF6000B6A5759D559D149514953595927C0C4B86218E63D384727CB79D969D927C3595B5
:20AF8000769D148D769D9ABEFBC6BAC6BABE18AE927CCB42E821C8210922E921E921E929B5
:20AFA000A821C721A719E6190A43ED5B2C5C2C5C4D646D646D648D6C8D6C8D6CAE6CAE6C0A
:20AFC000AE6CCE740F7D107D107D10852F7D0F7D0F7D3085107D6E6C0D5C8F6CEC5BCC5330
:20AFE0004D642C5C0B54EA4B0A540A540A540B5CEB536D6C1AE71AE73AE73AE73BE73BE764
:20B000003BE71ADF5BE75CEF3BE75BE73BE75CE73BDF3BE75BE75BE75BE73BDF3BDF3ADF70
:20B02000FAD6D9CEF9CEB8C698C698C677C657C657C657C636BE36BE36BEF5B5D5ADB5AD9A
:20B0400037B6F6AD128DCD63EE6BF2845495959DD7A5F7ADD8A518AEF7ADF1844A53C84284
:20B06000E8424632E9420E6CB184148DD384106C727C769DD7AD3595717C5595D7A5F38CBF
:20B08000148DF48C148DD384B3843174927C17AEDAC699BE9ABE1CCF59B6516C6A32E8213D
:20B0A000E921C821C821E929C821C821C71907222B430E642C5C2C5C4D646D648D648D6C6B
:20B0C0008D6C8D64AE6CAD6C8D6CCE74107D3085307D30852F7D2F7D0F7D0F7D107DAE6C5D
:20B0E0002D64AF742D64EC536D640B540B54EA4B0B540B54EA4BEA53AA4B0C5C3AE73AE739
:20B100005AE71AE73AE73AE71ADF3AE73BE75BE75BE73BE73BE75BE75BE73BE75BDF5BE785
:20B120005CE75CE75BE73BDF3BDF3AD73AD71AD7FACEF9CEF9CEF9D6FAD6FAD6D9D6D9D6DD
:20B14000D9CEB9CE98C698C6B8C6B9C637B6CD630B4B138D58B6DAC6FBCEDAC639B6F38C70
:20B16000CE6367326632CB630C6C863A66328C5B0F6CEF6BAF63D063106CD384B7A538AE59
:20B1800038B6BABEBABE38B6B2845174D384F48C927C927C8E5B5074959D17AE9ABE9ABEA1
:20B1A0009ABE969D2D4BE821292AE821E921E921E821C721A619682A8C53ED5B2C5C2C5C9A
:20B1C0002C5C4C646D648D648D64AE6C8D64AE6CAE6CCE74307D3085107D0F7DEE7C0F7D92
:20B1E000EF7C0F7D107DAE742C5CEB536D644D644D5C4D5C0B540B540B540B4CEA4BEA5329
:20B200004843CB5BB7D697CE98D698D6B8D6B8D698D6F9DE1ADF3AE73BE73BE75BE75BE76C
:20B220003BE71ADF3BDF5BDF5CE77CE77CE77CE77CE79CE77CDF7CDF5BDF5BDF5BDF5BDFAF
:20B240005CE75CE75BE75BE75BDF3BDF1AD71AD73AD75BDF98BEEE6B27320F6C7495B6A57C
:20B26000D7A5759DF06BAA42A6212211252A0C6C8E74A73A873A8C5BEE6BEF6BCF63F06B6D
:20B28000CF63106CB27C148D759D79B6B9BE17AE50744D538E5B727C148D559D4D538A3A82
:20B2A000106C138DB7A559B679B618AEB27CAB3AE821E821C821C821E821C721A619A93290
:20B2C000AC53ED5B2C5C2C5C2C5C4D5C4D5C6D648D64AE6CAE6C8D64AE6CEF74307D107D9F
:20B2E000EF7C107D0F7D0F7D0F7D0F7D0F7DCE746D642C5C8E6C4D644C5C2C5CEB53EB4BB0
:20B30000EA4BCA4BAA4B8943E7328A5315BED4B5D4B515BE36C635C635C6B7D619DF3AE7DC
:20B320005AE75BE75BE75BE75BE73ADF5CE75CE77CE77CE77CE77CE79CE79CE77CDF7BDFDE
:20B340005BDF5BDF5BDF5CDF5CE75CE73BE75CDF5CDF3BDF3BDF3BDF5BDF7BDF1AD7B184DE
:20B36000641948320C4B2C534D53EB4A87192511230922098319494B4D6CA73AA73AAC5B4C
:20B38000EF6BEF6BF06B316CCF63CF63CF63AE63CE63B1845395F28CEE6B0B4B6D5BF06BBC
:20B3A000B384B7A5F06B2932CE633495927C348D7695F8A576956E4BC819A8190922E92138
:20B3C000E821C7218511CA3ACD5BED5B2C5C2D5C4D5C4D5C4C5C6D5C8D64AE64AE648D6498
:20B3E0008D64EF74107DEF74CF74107D0F7D0F7DEF7CEF7CEF7CEF7CCE74CE74EF748D649D
:20B400002C5C0B54EB53EB4BCA4BAA43A9436943C7328A4B93AD52A573ADB3B5F4BDF4BD48
:20B42000F5BD97CE19DF3AE75AE75AE73BE75BE75BE75BE77BE77BE75BE75BE75BE75BE7A6
:20B440007CE77CE77BDF7CDF5BDF5BDF5BDF5CDF3CE73BE73CE73BDF3BDF3BDF3BDF5BDF7E
:20B460003BDF3AD73BD75395E629851985198619A7218621A72186194411E100E000A63AF1
:20B480000C6C863A873ACD63106C106C106C5174306C106CAE630C4B683AEA4ACD63ED6B6C
:20B4A000ED63AD63707C917C927C148D3174AB42CF63B69D3595F48CF4845595358DAF53FD
:20B4C000092287110922092AE821C72185110B43CD5BED5B0C5C2D5C4D5C4D5C4D5C4C5C72
:20B4E0006D64AD64AE6CAE6CCE6CEF740F7DEF74CF74107DCF7CEF7CCF7CCF7C0F7D0F7D76
:20B50000EF7C107D0F758E6C2C5C0B54EB4BCB4BCB4BAA4BA94B483BC732AB5372AD52A5F3
:20B5200072AD93ADB3B5D4B5F4BD56CED8D619E75AE75AE73AE73AE73BE73BE75BDF5BDFBC
:20B540005BDF5BDF5BDF5BDF5BDF5BDF5BDF5BDF5CDF5CDF5CDF5CE75CE73CE73CE75CE75B
:20B560005CDF3BDF3BDF1AD7FAD6D9CE57BE707C072AA6218619A6218619E829092AE721AA
:20B580004411A000A000A63A0C6466326732CE63306C106C106C51745174306CEF6B0B4BFA
:20B5A000072A673ACC634E742D742E744F74B284D384727CD0636A3AAB42148D39B618AE2D
:20B5C000769D358DF484D05B292A46098719C819C821A719A6194C4BEE5BED5B0C5C2D5C4F
:20B5E0004D646D5C4D5C4C5C6D5C8D64CE6CEF74EF74EF74EF74EF7CEF7CEF7CCF7CEF7C09
:20B60000EF7CEF7CEF7C0F7D0F7D0F7DCE746D642C5CEB53CB4BAB4BCB4BAA4B6943073B67
:20B62000A732CB5392AD92AD93AD92AD93ADB3B5B3B515BE77CEF8DE3AE75AE73AE73AE774
:20B640003BE73BE75BDF5BDF5BDF5BDF5BE75BE75BDF5BDF3BD73BD75BDF5BDF5CDF5CE7B0
:20B660003CE73CE71CDF5CE75CDF1BD7B9CE98C698C698C6749D0A5385218519C721E829CD
:20B68000A7212932C821C7216511C100A000C73AEB6366326732CE63EF6B106C316C5174F6
:20B6A000306C106C106C0B4BC521E529AB63F08C6E7C2D74AC63EF6B3174937C927CAB427F
:20B6C00046116E5335955ABE7AB6D8A5D79DB37C6B324609460947114611250965112B4324
:20B6E000AD53AC53EC530C544D5C4D5C4C5C4C5C4C5C6D5CAE64EF6CEF74CE6CCE74CF740A
:20B70000CE74CE74AE74CF7CCF7CEF7C0F7D0F7D0F7D0F7DAE6C4D640C5CEB53CA4BAB4BD6
:20B72000CB4BAB4B483BE732A62AAB5393AD92AD93AD92AD93AD93B593ADD4BD36C697D6D3
:20B74000F9DE1ADF1ADF3BE75BE75BE77BE77BE75BE75BE75BE75BDF5BDF5BDF5BDF5BDFCE
:20B760005CDF7CDF7CE75CE75CE73CE73CDF3CDF1BDFDAD699CE98CE98C698C6329589422C
:20B7800085216519C729082AE829092A492AC72123098000C0000843AB5B4632A83AEE635C
:20B7A000CF63106C316C5174306C0F6CEF6B893A4311E108663AEF84AE84EC6BED6B2F7471
:20B7C00030741595979DF16B661987190D4B36959BBE7AB69BB6F9A5AF53C81967116711FE
:20B7E0004609E40066110B436C4B8C53CB4BEC530C542C5C2C542C5C4C5C6D5C8D64AE6CFA
:20B80000AE6CAE6CAE6CAE748E6CAE74AE74CF7CCF7CEF7C0F7D0F7D0F7D3085CE746D640D
:20B820000C5CEB53CB4BAB4BCB53CB4B483BE732C732CB5393AD92AD93AD93AD93AD93ADF0
:20B8400072ADD4BD15C656CE98D6D8D6F9DE3AE75BE77CE75BE75BDF5ADF5ADF5BE75BDF16
:20B860005BDF5BDF5BDF5BDF5CDF7CDF5CE75CE73BE71BE73CDF1BDFBAD699CE99CED9CE86
:20B88000D9CED9CE90848842E629A621C729092A2932C829292AA7192409C10000010843EA
:20B8A0004953052A2A4B306C106C116C316C306C306C0F6C8E632732021160006219AE84F9
:20B8C000AE848A5B0E74339514955595B8A556958B3AE400A721D063F9AD5AB65AB67BB691
:20B8E00093740922A819A819C819460908224C4B6C4B8C4BAB4BCB4BEC530C540C542C548A
:20B900004C5C6D5C8D648D648D64AE6CAE6C8E6C8D6CAE74AF7CCF7CCF7CCF7C0F7D0F7D76
:20B920000F7D2F7DCE746D640C5CEB53CB4BAB4BCB53CB536943083BE732CC5B92AD92AD21
:20B94000B1ADB1AD91A591A5D2ADF3B513B634BE55C6B8D63AE73BE73BE75BE75ADF3ADF3B
:20B960001ADF3BDF5BE75CE73BDF3BDF3BDF5CE77CE75CE75CE75CE73BDF1BDF3BDF3BDF2A
:20B98000FAD6FAD6F9D619D719D714B6AB6B295B8742C5290732E729082A092AC821C721BE
:20B9A00003012109452A8953284B252A4B53306C316C126C3274106C306C306C8C5B062A86
:20B9C000E108400021194D7C8F84E94AE94AB284D7A55695F58C569D1274E929C829F16BCC
:20B9E000F58C979D19AE3AAE168D4B328819E929C8216619A93ACD5BCC53AB4BCB4BEC5333
:20BA0000EC53EC530C544C5C6D5C4C5C8D648D64AE6CAE6C8D6C6D6C8E6C8E74AF74CF7CDD
:20BA2000EF7CEF7CEF7C0F7D2F7D2F7DCE6C6C642C5CEB53AA4BAA4BCB538A4B693B283B2D
:20BA4000E732EC53B2ADB2AD91AD91ADB1ADB1ADD2ADF2B513B634BE35BE77CEF9DE1ADFAF
:20BA60001AE75BE75AE73ADF3ADF3BDF3BDF3BDF3BE75CE75BE75CE77CE77CE75CE75CE78C
:20BA80003BDF1BDF3BDF1BDF3BDF3BDF1AD73AD796C6D08C8A63295B463A43198519E72995
:20BAA000292A082A092A8619E2008311E742CB5B0843252A4B4B106C116C116C316C106CAB
:20BAC000306C0F6C4C53C621C108600062194D7C8E84C84A473ACE633595979D5695158DFB
:20BAE000D484537C73841595F48CF58C7695B89DD4844B328821C9298721661989328C53EC
:20BB00008B4BAB4BAB4BCB4BEC53EC530C542C5C4D5C4C5C6D646D648D648E6CAE6C8E6CF5
:20BB20008E74AE74CF7CF07CF07C107D107D307D30852F7DEE748D6C4C64EB53AA4B8A4B83
:20BB40008A4B4943493B283BE732EB53F3B5B2AD91A591A591A5B1A5B1A591A5D2ADD3B5B4
:20BB6000F3B514BE76CEB8D6F9DE3BE75AE75ADF5ADF3BDF3BDF3BDF3BDF5CE75BE77CE77D
:20BB80007CE77CE75CE75CE73BDF1BDF3BDF1AD77CE75BDF3ADF39DFF4B5CC6B6A634A6312
:20BBA0008742431903118621082AE821082A65190209E4216953EB63A63A252A4B53306C37
:20BBC000316C116C316C106C306CEF632C53C621C100600062190C746E7CE94A262ACA4249
:20BBE000106C5695979D158DF58C979D39B63AB6B7A5158DF584F584D063C9218819A821FD
:20BC00008719A719CA3A8C4B6B4BAB4BAB4BCB4BEB4BEC530C542C5C4C5C4C5C6D5C6D64EA
:20BC20006D648D6CAE6C8E748E74AE74CF7CCF7CEF7C0F7D107D3085307D2F7DEF74AE6C55
:20BC40004C64EB538A4B8A4B6A4B293B08330833E732CB53D2B591AD71A570A570A570A56C
:20BC600070A5709D70A591A591A571ADD3B535C697CED9DE19DF3ADF5AE75BE73BDF3BDF9C
:20BC80003BDF5BE75CE77CE77BE77CE75BE73BE73BDF1BDF3BDF1BD75BDF3ADF3ADFF8CE27
:20BCA000319D6A638A636A63E952C52923116519E829E829E829A619C521873AAA5BAA5BB1
:20BCC000452A252A6C53306C316C316C316C306C506CEF630C4BA621C1008000A2210B6C31
:20BCE0006D7C294B47324832EC425274979DB89D56953595F8AD9BC6BBC619AEB79DD484C8
:20BD00000D436711671967196619082A4C4BAC536B4BAB4BAB4BCB4BEB4BEB530C542C5408
:20BD20004C5C4C5C6D646D646D648D6C8D6C6D6C6D6C8E74AF74AF74CF7CEF7C107D30855C
:20BD4000307D0F7D0F7DCE6C4C64CB538A4B8A4B6943083BE7320833E732AB4B71A570A5EF
:20BD600050A54F9D50A570A570A56FA570A590A570A550A551A592ADF4BD55C697CEF8D627
:20BD80003ADF7BE75BE73BDF3BDF5BE75CE75BE77BE75CE75BE73BE73BDF1BDF5BDF3BDF7A
:20BDA0003BDF3AD75ADF56BE4E7C6A638A634A63C852A429E210652129320932E729E721CD
:20BDC000883A8B5B2C6C6953E42146328C5B306C316C116C116C106C306CCE63EC428619BA
:20BDE000C100E00065326C748D7CE842262A282A292A0D4B947CB79DB79D7695769D5AB6C5
:20BE0000DBC6DBBE7AB6D47C6A324611461126110509E7214C4BAC538B43AB4BAB4BCB4B6B
:20BE2000CB4BEB530B542C544C5C4C5C6D646D646D646D644D642C644D648E6CAE74AF740A
:20BE4000CF7CEF7C107D3085307D2F7D0F7DCE744C64CA538A4B6943293BE8320733283B5A
:20BE6000E832AB53309D50A570A570A56FA56FA58FA58FA58FA590A590A550A550A551A5B0
:20BE800092ADF3BD35BE97CE19DF7BE75BE75BE75BE75CE75BE75BE75BE75BE75BE73BDF94
:20BEA0003BDF3CDF1BD75BDF3ADF5BDF7BE7B3ADCB6B8A6B6A63C752E5392219A108652173
:20BEC0000932E829E729C621A9426F74AF7C284BC321A83A8D5B106C106C116C116C106C97
:20BEE000306CCE63CC4265118000E000C642CD84AD7CC63A052A282A092A2A2AED4A316C33
:20BF0000358DB69D5595D8A57AB6DBC639AE1064E821671146110509A3006511CA3A4B43E8
:20BF20006B438B438A43AB4BCB4BEB530B540B544C5C4C5C6D644C5C4C5C4C642C640C5C97
:20BF40002C648E6C8E74AE74CF7CEF7C107D307D307D0F7D0F7DEE744C64CB538A4B4943ED
:20BF6000083BE7320833283B0833CB53309D50A570A570A56FA56FA56FA56FA58FA58FA5CA
:20BF80006FA570A590AD91AD91ADD3B515B676C619D77BE77BE75BE75BE77BE75BE75BE712
:20BFA0005BE75BE75BE73BDF3BDF3BDF1BD75BDF1AD77BE73ADF319D8A6B8A6B496305422A
:20BFC00063296329E3186621C829A729E729A621A942B07C8F7CA73AC4210A4BCE63106C45
:20BFE000116C316C116C106C306CCE63CC426511A0000009064BEC84AC7CA53A062A282AEA
:20C000002A2A0A2AEA218B3A8E5B71745174927C348D75957174AB3AE821C819A719661171
:20C02000A3004509892A0A3B2A3B4A3B6A43AA43CB4BEB530C542C544C5C6C5C6D644C5C76
:20C040004C5C4C5C2C5C0B5C2C646D6C6E748E74CF74EF7CEF7C0F7D0F7D0F7D0F75CE74D1
:20C060004C64EB53AA4B6943083B083B2833483B0833EC530F9D309D70A570A54FA56FA5A8
:20C080006FA56EA58FA56FA56FA590ADD1ADB1AD91ADD2B514BE76C619D75BE75BE73BDFA3
:20C0A0005BE75BE75BE75BE75BE75BE75BE73BDF3BDF3BDF3BDF5BDF1AD75BDFB8CE8F8C44
:20C0C00049634A632863A33142292742C631A629C729E831A721A621A942907C0D6C46328E
:20C0E000E5294B53EF6B316C116C3274316CF063306CCE63AB3A8619010981116653EC8474
:20C10000AB7C853A262A082A2A2A2B2AEA21E9296A32AA428A3A6932CB420C4308228619E5
:20C120000822E8210822C71904018509A92AEA3A093B093369438A43CB4B0C542C542C5CC1
:20C140004C5C6D5C8D644C5C2C5C2C5C2C5C0C5C2C646D6C6D6C8E74CE74CF7CEF7C0F7D0D
:20C160002F7D0F7DEF74CE6C4C640B54EB538A43283B4943493B493B283B0C5C2F9D50A54D
:20C1800070A570A56FA56FA56EA56EA58EA56EA58FA5B0ADB0AD90AD91ADD2B515BE96C6C2
:20C1A000F9D63ADF3BDF5BE75BE77CE75BE75BE75BE75BE73BDF1BDF1BDF1BDF3BDF5BDF32
:20C1C0003ADF5BDFB8CE4E8449636A6B8652A3310542EA5A894AA729C729C829C729A621C1
:20C1E000072AAD63EA4AA51927328D5B306C3174F16B3274116C116C316CAE5B8A3AE62915
:20C20000E429E642E8636D95AB7C64322632082A0A32EA29C921E929092A082AE721A619DE
:20C22000861924092409C721082AE821292AC719851128222A3B4A3B293B093B69438A43C4
:20C24000CB4B0B544C5C4C5C4C5C8D648D646C5C4C5C2C5C0C5CEB5B0C5C4D644D6C6D6C3E
:20C26000AE74EF7C0F7DEF74EF74EF74CE746D644C642C5CCB538A4B8A4369438943AA4B04
:20C280008A4B0C5C50A550A570A56FA54E9D4E9D6EA58EA58FAD8FA58FADB0ADB0ADB1AD6E
:20C2A000D1B5F2B535BE97C619D73ADF3ADF3BDF5BDF7BE75BDF5BDF5BDF5BDF3BDF3BDF0D
:20C2C0001BDF1BDF5BDF5BDF3ADF3ADF56C60D7C49636A6B085B664AA8524B6B684AA6295A
:20C2E00066218721A721C729E729893A072AA621893A6D5B116C116CF16B1274116C116C2B
:20C30000106C6D53693AE6294532895BAB846E9D4A74653A262A082A0A320B2ACA29E92945
:20C32000E929E829072AA621851945114511A619A619A7190822C719E719CA328C4B6B43CF
:20C340006A43AB4B8A43CB4BEB532C544C5C4C5C4C5C6D5C8D646C5C4C5C4C5C2C5C2C5CBF
:20C360002C644D646D6C8D6CAE74EF7C0F7DEF74CE74CE6CCE6CAE6C6D642C5CEB53CA4BB2
:20C38000AA4B8A4BCA4BCA4BAA4B4D6450A570A570A56FA52E9D2D9D6EA5AFADAFADAFAD14
:20C3A000D0ADD0ADD1B5F2B513B613BE56BEB7CE19D73ADF3ADF3BDF3BDF5BDF3ADF3ADF61
:20C3C0003BDF3BDF3BDF3BDF3BDF3BDF3BDF3BDF5BDF5BDF15B6CC734963496B496B086390
:20C3E0002A636B6B4842862925190511A729E831E829C7296519E729CB428F63F06B116CFE
:20C40000F16B126C116C116C106C2C4B4832E5212532CA634E952E95885B2432062AE82931
:20C420000A2A0B32EA29E929E929E829082AC6218621A621082AE7298519C621E71985115F
:20C44000071A2B3BCC4BAB4BAB4BAB4BAA4BEB4B0B542C544C5C4C5C4C5C6D5C8D646C5CD8
:20C460004C5C4C5C4D642C5C2C642D644C646D6CAE6CEF740F7DEF74CE74CE74CE6CCE6C25
:20C480006D64EB53EB530B5CEB53CB532C5CEB53CB536D6C50A570A570A56FA54EA52E9DDE
:20C4A0006EA58FADCFADD0B5F0B5F1B5F2B513B634BE34BE97C6D8CE3ADF3ADF3ADF3BDF25
:20C4C0003BDF5BDF1ADF3ADF3ADF3BDF5BDF5BDF5BDF3BDF3BDF1AD77CE75BE793A58A6B1E
:20C4E0004963496B296B496B29630A63E639A6290411C408C82908322932C7298621E7299F
:20C50000CB42D06BF16B1274F16B327431743174106C2C4B4832E521E529AA63709DEE8C90
:20C52000074BE429062AE829092A0A320A2AE929082AE829E729A62165190732AA4A283A7F
:20C5400044198619A619640948226B43AC4BCB4BCB4BCB4BCB4B0B540B540B544C5C4C5CDF
:20C560004C5C6D5C8D646D5C6C5C4D5C4C642C5C2C5C2C5C2C5C4D648E6CCE74EF74EF749C
:20C58000CE74CE6CAE6CAE6C4C64CB53EB532C5C2C644D646C64EB53CB538E6C50A550A506
:20C5A00070A56FA54EA54EA56EA58FADAFADD0B5D1B5F1B5F2B533BE54BE55C6D8CE1AD7B4
:20C5C0005BDF5BDF3BDF3BDF5BDF5CDF3BDF3BDF3BDF5BDF5BE75BE75BDF3BDF3BDF1AD7D3
:20C5E0007BE7F9D6D09449634963696B2863496B0963A852A531A629E410C408C829E8296E
:20C600000832C729A729E829CB42F06B116C1274F16B32743174306C0F6C2C4B272AC62137
:20C62000C421094BCF844D74A742C521072AE829092A0A2A092AE929092A082AE7298621D4
:20C64000862148422C5B89424419641144098409C932AC4BAB4BCB4B0B542C5C2C5C4C5C96
:20C660002C5C2C542C544C5C4C546C5C6D5C6D5C6C5C4D5C4C5C2C5C2C5C2D646D648D6414
:20C68000AE6CEF74EF74CE74AE6C8D648E6C8D6C2C5CEB530C5C4D646D648E6C6C640B5C99
:20C6A000EB5B8E7470A570A550A56FA54FA54EA56EA58FADB0ADB0ADD0B5F1B513BE34BE21
:20C6C00055C676C619D73ADF7BE73BDF3BDF3BDF5CDF5CDF5BDF5BDF5BE75BE75BE75BDF60
:20C6E0003BDF3BDF5BDF1ADF7BE7D8CE6E844963496B696B496B6A6B0963474285298621D2
:20C70000C408E408A7290832E831A729C72908320C4B116C1174F16BD063116C316C106CC6
:20C720000F6C2C4B082AC7218519062A2A53E94A062AC621072A082A292A2A2A092A082AE9
:20C74000082AE721C6298621C731AA4A4D63CA52A6296419E2002301A82A8B43AB4BEB532B
:20C760000B542C5C2C5C4C5C4C5C2C542B544C5C4C5C6C5C6C5C6C5C4C5C4C5C4C5C4D5CB2
:20C780004D646D648D64AE6CCE6CEF74EF74CE6CAE6C6D646D644C5C0C5C2C5C6D6C6D6CCC
:20C7A0006D6C4D6C4C5C0B5C0B5C8D7470A550A570A570A56FA56FA56FA5AFADB0B5B0ADE2
:20C7C000B1ADF2B533BE55C696CED7CE3ADF5BE77BE73BDF3BDF5CDF5CE73BDF5BDF5BE73A
:20C7E0007BE77BE75BE75BDF3BDF3BDF3BDF3BDF7BE797CE2D7C4963696B696B696B496B45
:20C80000C85AE539A529A629C308A300662108320832A729C729C729EC52F06BF16BB0631A
:20C820006F5BF06B306C306C0F6C4C4B292A082AC62185192732062AC629E729C721E82106
:20C84000092A092A0822082A0822C61944196521283A0B5B4C63CA52E63164190201E1001F
:20C86000261A293B8A4B0B54EB530B542C5C4C5C4C5C2B544C5C4C5C6C5C6C5C4C5C4C5CBC
:20C880004C5C2C5C4C5C4D644D646D646D64AE6CCE6CEF74EF74CE6CAE6C6D642C5CEB53B7
:20C8A000CB532C5C8E6CAE746D6C0C5CEA530B5CEB5B4D6C50A550A570A590AD8FAD6FA546
:20C8C0006EA58FADD0B5B0ADB1ADF2B534BE75C6D7CE19DF3ADF7BE75BE73BDF3BDF5CDF2C
:20C8E0005CDF3BDF3BDF5BDF7BE77BE75BDF5BDF5BDF5BDF5CE73BDF5BDF36BECC7349636D
:20C900008A6B696B696BE862464A8329C531C629A3004200E410C8290832C729A7214519F5
:20C920008B42AF63D06B6F5B2D53CF63307450742F6C4C53C821C721C7218619E729C62170
:20C94000C621C7216611A719E8210822E8210822E721851904116521AA526D6B6D63EB5249
:20C96000273A6419430902014622293BAB4BEB53EB536C644C5C6D646D5C4C5C4C5C4C5C42
:20C980004C5C6C5C4C5C4C5C2C542C5C4C5C4D644D644D646D64AE6CCE6CEF74EF74CE6CEF
:20C9A0008D646D64EB53AA4B8A4BEB5B6D6CAE746D6CCB53A94BEA53CA5B2C642F9D90A58E
:20C9C00091ADB0ADB0ADAFADAFADF0B511BEF1B5F2B533BE55C696C6F8CE5ADF5BE73BDF23
:20C9E0003BDF3BDF3BDF3BDF3BDF3BE75CE75BE75BE77BE77BE77BE75BDF3ADF7CD77BD7AE
:20CA00005ADFD4B58B6B496B696B8A6B49638742E529A521C629652183084100820886291E
:20CA2000C731A7294519C3086A3A8E5BF06B6E53CB42AE5B106C106C3174EB4A8611A7191D
:20CA4000E821A719A721E929A8214711C50068110922092AE8290732C62943190219474A35
:20CA60002B636C6B6C63EA522732C419A311251AE732AA4BEB53EB530C5C4D646C5C4C5C0A
:20CA80004C5C6C5C4C5C4C5C4C5C4D5C2C5C2C540C542C5C4D5C6D646D646D646D648E64B6
:20CAA000AE6CCE6CEF74CE6C6D642B5CA94B68434843CB53AE6CAF742C64AA53AA4B2C5C9E
:20CAC0000C5C6E742F9D91A5D1B5D1B5B0ADB0B5D0B5F1BD11BEF1BD12BE54BE75C676C633
:20CAE000B8CE19D73BDF3BDF1BDF3BDF3BDF1BDF3BDF3BE73BE75BDF5BDF5BDF5BE75BDFDC
:20CB00005BDF3ADF5BD75BD73AD7B4AD8B6B6A6B6A6B6A6B095B463AC421A521C629862152
:20CB20008308210041082521A7316621E41082008A3A6E5BCF636E53CB426E53EF63EF63F3
:20CB4000106CCB4205016611E821A721A721C8298721061184004711E921E929E829C7298D
:20CB6000852164216329674A4B636C6B6B63EA52473A262AC8324943AA4BCB4BEB4B0C54C6
:20CB80002C5C2D5C6C5C4C5C4C5C4C5C4C5C4C5C4C5C2C5C2C5C0C540C542C5C4D5C6D64FA
:20CBA0006D646D648E64AE64AE6CCE6CCE6CAE6C4C5CCA4B6943283B4943EB538E6CAE6C7D
:20CBC0000C5C6A43CA532C642C64AF7C2F9D91A5D2B5D1B5B0ADD0B5F1BDF1BDF1BDF2BD2E
:20CBE00013BE54BE55C656BE77C6B8C63ADF1BDF3BDF3BDF1BDF1BDF3BDF5CE75CDF5BDF5B
:20CC00003BDF5BDF5BDF5BDF5BDF3ADF5BD73AD719D773A58B6B6A6B8A6B49638742053242
:20CC2000A421A521C6296621820801002000A3104521E410820862008B422D536E5B4D5399
:20CC4000AB3A2D4BAF5BAF5BAF63AB42C4000509C721C829C729E8296721C4008400671170
:20CC6000E929E829C829A629A529C631A43106422A634B632B5B0A53673AC83A8B53EB5312
:20CC80000C540B54EB532C5C4D5C4D646C5C6C5C4C5C2C542C544C5C2C5C0C540C540C542D
:20CCA0000C542C544C5C6D646D646D64AE64CF6CCF6CCE6CEF74AE6C2C5C8943483B083B20
:20CCC00069430C5C8D6C8E6CEC5B293B894BEB532C64EF7C91AD91ADD2B5D1B5B1B5D1BD18
:20CCE00011BED1BDF2BDF2BD13BE34BE56C676C697C6B8C63BDF3BDF3BDF3BDF3BDF3BDFE7
:20CD00005CDF5CE75CE75BE75BDF5BDF5BDF5BDF5BDF3ADF7BD75BD7F9D6119D6A6B8B6B09
:20CD20006A63E852E529C521C521C621C72965198200210021002100820862004100C308E0
:20CD40008A3AAB42EC4AEC4A6A32AB3A2D4B4D532D536A3AC400A3004619C829E831E9310F
:20CD60004621430084004719E929C829A729E731484A8852C539C539EA5A4B632A5B0A53FE
:20CD8000873A0943CB53CB530B542C5C4C5C4C5C6D648E648D648D644C5C2C542C542C5C3E
:20CDA0002C54EB4BEB4BEB53EC530C544D5C6D648E648E64CF6CEF6CEF6CEF6C0F75CE6C42
:20CDC0002C5C6943283B283B89430C5C4D644D64EB53083B083B894B0C5CF07CD2B5D1B54A
:20CDE000F2BD33BEF2BDF1BDF2BDF2BDF2BDF2BD14BE55BE76C6B8CED9CEFAD65BDF5BDFE8
:20CE00005BDF5BDF5BDF5CDF5CDF5CDF7CE75BDF5BDF5BDF5BDF5BDF3BDF3ADF5BDF5ADF88
:20CE2000B8CEAF8C4A636B6B2A5B8842A421C521E629E729E7296621820821002100000032
:20CE4000000041002100E410293229326A3AAB42292A4A32AB3A8B3AAB422932E408420046
:20CE6000C308462186296629E410420063002619E931C8296629484A2B630A63264AC539D5
:20CE8000E95A4B632B632A53873A2A4BEC5B0C5C2C5C6D5C8D648D648D64AE6CAE64AD6450
:20CEA0006D5C2C5C2C542C54EB53CB4BCB4BEB4BEC532C544D5C8E64AE6CCF6CCF6CEF6C3C
:20CEC000EF6CEF74EF74AE6C0B54483B483B283B894BEB53EB53CB538A43E832E732283B7E
:20CEE000EC5B107DB1B5D2B513C653C612C6D1B5D1B5F2BDF3BD13BE34BE55BE77C6D8CE83
:20CF00001AD73BDF5BDF5BDF3BDF3BDF5BDF5BDF5BDF3BDF7CE75BDF3BDF3BDF3BDF3BDF91
:20CF20003ADF3ADF5ADF5ADF77C62E7C6B636B63E952673AC529C621E721E721E729862152
:20CF4000A3082100200020000000620041000511C821C821092A4A32092A092A292A092A9F
:20CF60002A32E929E41021002100A310A31083106208420063002619E931C831A731AA52DF
:20CF80006C732B6B8752E541C95A4B636B632A5B873A6A532C646D648D648D648D64CE6C0D
:20CFA000CE6CAE6CCE6CAE648D644C5C2C540B54CB4BAA4BCB4BEC4B0C542C544D5C6E64A6
:20CFC000AE6CCF6CEF6CF06CEF74EF6CAE6C6D64AA4B283B69436943AA4BCA4B8A438A4348
:20CFE0006A430833E732083BEB5B1085D1B5F2BD33C633C633C612BEF2BDF2BD13BE34C6F9
:20D0000055C656C677C6D8CE1AD73BD75BDF5BDF5BDF5BDF5BDF5BDF5BDF5BDF5BDF5BDFAF
:20D020003BDF3BDF3BDF3BDF3ADF3ADF3ADF5ADF36BECC736B634B6388420732E629C7215B
:20D04000E721C721C7218621C30841002100410041006200A300051167198719E929092A22
:20D06000C929E929E829C821E929C821041121000000210021002100010042006300462111
:20D08000E831C7312842EB624B730A6BC85A464AC95A4B636B630A5387428B534D64AE6C75
:20D0A000AE6C8D64AD64CE6CEF74CE6CEF6CCE6C8D644C5C2C54EB4BCB4BCB4BEB4BEC53F8
:20D0C0000C540C542C544D5C8E64AF6CEF6CEF6CEF6CCF6C8E642C548A43483B6943AA4BAB
:20D0E000CA4BAA4B8A436A438A436A430833083B0C5C318533C653CE33C633C674CE94CEE6
:20D1000054C633C634C655C676C676C697C6D8CE19D73AD75BDF7CE77CE77CDF5BDF7BDF7C
:20D120007CDF7CDF7BDF5BDF3BDF3BDF3BDF3BDF3BDF3BDF3ADF5ADFF5B58B632B5B0A533C
:20D140002732A621E729E829082AC721C7218619E410A308410041004100620004112511DE
:20D1600046194619E929E929C821C929C821A821C929A82125196200210021002100210061
:20D180000000420062006621A729A729694A0B632B6B2A730963A85AE9624A636B63E95201
:20D1A000873AAB5B8D6C8D64CE6CCD6CCE6CCE6CEE6CEF74EF74AE6C6D644C5C2C54CA4B8F
:20D1C000AA43CB4BEC4BEC53EC53EC530C542C544D5C8E64CF6CCF6CEF6CCF6C8D640C5480
:20D1E000AA4B69436943CA4BEB53AA4B8A438A43AA43CB4B283B283B0C5C318553C653C6E7
:20D2000032C653C694CEF6DEF6DED6DEB6D6B6CE97CE97C6B7CEF9CE1AD73AD77CDF7CDF69
:20D220007CDF7CDF5BDF5BDF7CDF7CE75BDF5BDF5BDF3BDF3BDF5BDF3BDF3BDF5ADF3ADF64
:20D24000D5B58C6B6B63EA52E6310732C721E829282AC721A721E829EB4AEB4A083224110E
:20D260006100E30804110511A721A821C921E929C821A821C929C8218821C8218621A30839
:20D2800021002100410020000000410082006621A7298629694A2C6B0A6B0A6B0963E96237
:20D2A000C95A2A636B63E952C842CB5BAE74CE6CCD6CCE6CEE6C0F750F75EE74CE6CAE6C9E
:20D2C0008D644C5C2C54CA4BAA43CB4BEC53EC530C540C4CEB4BCB4B0C546D5CAF64AF644C
:20D2E000CF6CAE6C6D5CEB53AA4B69438943AA4BCA4BAA4BAA43AA43CB43CB4B493B8A4317
:20D300004D64318532C632C632C653C694D6F6DE37E717DF18DFF8DEF8D6F8D6F9D61AD72A
:20D320003ADF5AD77CDF7CDF7CDF7CDF5BDF5BDF5BDF7BDF7BDF5BDF5BDF3BDF3BDF5BDFF3
:20D340003BDF3BDF3BDF1ADF94AD6B630A53473AA52128320832A7218619E829CB42CF6388
:20D360005495F7AD759DAE63072A86198619A721E829C821A821E929E929C821C921C82123
:20D38000A821C8216621E408620021004100410041008208E410A729C7298629694A4B6BCC
:20D3A0002A6B2A6B296B2A6B2A632A634A63E952084BEC63CE74CE6CEE6CEE6C0E752F751F
:20D3C0000F75EF74AD6C8D646C5C2C54CA4BAA4BCB4BCB4B0C540C540C54EC4BCB4BCB4363
:20D3E000EC4B4D548E5C6E5C6D646D642C5CEB53AA4B69438A4BCA4BEB4BCB4BCB4BCB433E
:20D40000CB43CB436943AA4B4D64318532C632C632C653C6B5D617DF38E738E739E739E7E8
:20D4200039DF39DF3ADF5ADF5ADF5ADF5CDF5CDF5BDF5BDF5BDF5BDF5BDF5BDF7BDF5BDF92
:20D440005BDF3BDF3BDF3BDF3BDF1BDF7BE71ADF129D0A536842C629A521073208320832BD
:20D460006A3AAF63D38CD6A599C63CD73BD738B6B284AA4265196619C721E829E929C92196
:20D48000C821C929C929A821A821A821C721041182004100200020004100E3086619E829A8
:20D4A000E729A62948424B634B6B4B734A6B6A734A6B2A632A5B09534A532C64CF74EE745A
:20D4C0000E750E752F752F750F75EF74AD648D646D5C2B54CA4BEB4B0B54EB4B0C540C542D
:20D4E0000C4CEB4BCB43CB430C4C2C542D540C540C540C540C54EB53CA53AA4BCA4BCB4B2E
:20D50000EB53EB53CB4BCB43AB43AA436943AA4B6D64518532C632C632C674CEB6D617DF9C
:20D5200039E739E759E75AE75AE73ADF3ADF5ADF5BDF5ADF5BDF5BDF5BDF5BDF5BDF5BDFAF
:20D540005BDF5BDF7CE75BDF5BDF3BDF3BDF3BDF3BDF1BDF1ADFFAD690846842E631A529B2
:20D560000732483A8A428E63717CB6A579BEFBCE1BCF3BD73BD71ACF78BE5074693AA62190
:20D58000A721E829092AE929E929E929C921A821C821C92186190411A2006100610081002A
:20D5A000A2002411C721082AE7298621483A2B634B6B4B6B6A736A6B2A632A63295B09539B
:20D5C0008A5B2C64CF74EF740E750F752F752F7D0F7DEF748D644C5C4C5C4C5CEB4BEB4B95
:20D5E0000C54EB4B0C540C54EC4BEB4BCB43CB4B0C4C4D542C540C54CB4BEB530B540B5C51
:20D60000EB53CA53CA53EB53EB53EB4BCA4BAA438A438A3B693BAA4B8E6C928D53C632C689
:20D6200053C695CEF7DE38E759E75AE75AE77BE77BE75BDF5ADF5BDF5BDF5BDF5BDF5BDF5F
:20D640003BD73BDF5BDF5BDF5BDF5BDF7CE75BDF5BDF3BDF3BDF3BDF3BDF1BDF3BDFB9CEDC
:20D66000EE730732C5290732EA526D63518496AD59BEDBCE1BD75CD73BCF3ACF5BD71ACFB2
:20D680001ACF338D0B4B651925118619A821E929092AC921A821C821E929C821A72166194C
:20D6A000241182006100A20004098619C721E829E729A621283A0B5B4B6B2A6B4A734A6BAF
:20D6C0002A634A63E952C84A8A5B2D64CE74EE740E750F752F752F7D0F7DEE748D644C5CCB
:20D6E0006C648D644C5C2C544C5C2C542C542C540C540C4CEB4BEB430C4C2C544D5C0C541C
:20D70000EB53EB53EB530B54EB53AA4BCB53EB53CA4BCA4BCA43AA43AA3B8A3B8943CA4BB2
:20D720008E6C928D33C633C654C6B6D618DF39E75AE75AE77BE77BE77BE75BDF5BDF5BDFCB
:20D740005BDF5BDF5BDF3BD73BDF3BDF3BDF5BDF5BDF7CE77CE75BDF3BDF3BDF3BDF3BDFDF
:20D760001BDF1BDF5CDFD6B5CA4AC62968426C63918C75A579C6DBD6FBD63CDF3BD73BCF44
:20D780003ACF3ACF5ACF5BCF3BCF138DEB4AE72129322932C821C821A821C821C821A82151
:20D7A000A821A821A721C721E829E729651903110411E729C721C721E729C6290732EA5A03
:20D7C0004B6B2A6B4A6B4A6B4A6B6B6BC85287428A5B4D64AE6CEE6C0E752F752F7D2F7D9D
:20D7E0000F7DEF74AD6C6C648D64AE6C8D646D5C6D5C6D5C6D5C4D542C542C54EB4BCB434C
:20D80000EB432C4C2C540C54CB4BAA4BAA4BCA53CA53A94BCA53CA4BAA4BAA4BAA43AA435E
:20D82000AA43CA43AA43CA4B6D64518574C674C695CED7D638DF39E73AE75BE75BE77CE782
:20D840005CE75BDF3BDF3BDF3BDF5BDF3BDF3BDF3BDF3BDF3BDF5BDF5BDF7CE75BDF5BDFF6
:20D860003BDF3BDF3BDF3BDF1BDF1BDFDACE75A50B530A53507C95A558C61BDF1BDF1BDFBD
:20D88000FBD6DAD6FACE1ACF7BD77BCF19C73ACF1ACFB49D917C5174B2848E5BA721A82115
:20D8A00087196619871967198719A8214A32CC42CF6B517CAE63493A6519A619C721C7218E
:20D8C000E729C729E731CA524B6B2B6B4A6B4A6B6A6B8B6BC852A842CB632D64AE6CEE6C5C
:20D8E0000F752F7D4F7D2F7D0F7DEF7C8C648C648D64AD648D646D646D5C6D5C6D5C2C540A
:20D900002C542C540B4CAA43EB434D542C540B54CB4B8A43894BAA4BAA4B894BCA53A94B8F
:20D920008943AA43AA43AA43CA43CA43AA4BCA4B2C5CEF7CD5D6B5CED6D617DF39E739E72D
:20D940003AE73ADF3BE75CE75CE75CDF3BDF3BDF3BDF5BDF3BDF3BDF5BDF5BDF5BDF5BDF06
:20D960005BDF7CE75BDF5BDF3BDF3BDF1BDF3CDF1BDF1BDF3CDFBACE95A5B5AD99CE5BDF79
:20D980003BDF5CE7FBDEFBDE1BDF3BDF5BDF3BD75BD7D8BE77B677B61AC7D9C657AE759D5F
:20D9A0005495AF63092A2D532D53092AC8218B3A0D4B2E53937C769DF8AD759D92846D5BC8
:20D9C000082A2511A719A619C721A621C631C9526C6B4B736A6B4A6B4A6B6B6BE952094B66
:20D9E0000C6C2C64AE6CEE742F754F7D507D507D307D0F7DAD64CD6CEE6CEE6CEE6CCE6CCE
:20DA00008D646D5C4C540B4CEB4B2C540B4CAA430B4C8E5C6D644D5C0B54AA4B894B894BA4
:20DA2000894B894BCA53894B89438943AA43AA43AA43CA43CA43CA4B2C5CEF7CF8DEF8DE20
:20DA400019DF19DF1ADF3BDF3BDF1AD73BDF5BDF7BE77BDF5BDF5ADF5BDF5BDF5BDF3BDF6D
:20DA60003BDF3BDF3BDF3BDF3BDF5BDF5CE75CDF3BDF3BDF3BDF3BDF3BDF1BDF3BD7FBD60D
:20DA8000FAD61BD73CDF5CDF5CDF5BDF1AD71AD75AD7D8C6B8BE19C71AC7D59DB074B07457
:20DAA000F59D1AC777AE2F6CAD5B0B4BAE5B7595B2846E5B7274969DF8A539AEBAC6DAC606
:20DAC00099BEB59DF2842F6CCA3AA511A511E619E621C6210732A94A4B636C6B296B8A73ED
:20DAE0006A636A63E84A4A4B0D646D64AE6CEE74EE7C0F7D5085308530853085CE740F7557
:20DB00002F7D0F7DEE74AD6C8D648D5C6C540B4C0B4C2C4CEB4B893BCA436C5CEE6CEE6C0F
:20DB20008C5C2B54EA53A94BA94BA943CA4BAA4BA943AA43AA43AA438A438A3B884BCA532E
:20DB40002B5CCF7418E739E739E73AE73BE73BE73BDF3BDF5BDF5BDF7BE77BDF5BDF5BDF7F
:20DB60005BDF5BDF5BDF3BDF3BDF3BDF3BDF3BDF3BDF3BDF5BDF5CE75CDF3BDF3BDF3BDF3B
:20DB80003BDF1BDF3BDF1BDF3BDF3CDF5CDF5CDF5CDF5BE77BE77BDF19CF7395B07CF184E8
:20DBA000538DF17CAC536B4BB07457AE36A64B4B88324C535495F7AD348D348D59B6BBC6D0
:20DBC000FCCE1DCF1CD7DBCE99BED6A55495D284AD5BA93AE619A519272AE729C629CA52CE
:20DBE0006C6B4C6B496B8A736A63295BA8424A4B0C5C4D64AE6CEE740F7D2F85508D508D87
:20DC0000318D518D0F7D2F7D2F7D0F7D0E75EE74CE6CAE646D5C2C542B4C2C4CEB43893B9D
:20DC2000CA4B4C5C0E752F75EE6C8C644B5CEA530A540A540A54A94BAA4BCA4BAA43AA43E0
:20DC4000AA43AA43C953EA530B5C8E7418DF39E739E73AE73ADF3BDF5BE73BDF5BDF5BDFCD
:20DC60007BE77BE77BDF5BDF5BDF5BDF5BDF5BDF3BDF5BDF5BDF3BDF3BDF3BDF5BDF5BDF14
:20DC80005CDF3BDF3BDF1BDF1BDF1BDF3BDF3BDF5CE77CE75CE75CDF5BDF5BDF5BDF9BE79F
:20DCA000F9CEB07C4B534A4B8C53ED5B8B4B093BAC53538DD59D0A43E621AD5B959DF6A583
:20DCC000B69D99BE1CCFBBC61CCFFCCE3BCF1BCFFAC658B6B59D128570740F648932641147
:20DCE0000722072AA521A94A6C634C6B6A6B8B6B4A63C84A67322A4BCC5B2D5C8D6CCE7408
:20DD00000F7D5085718D518D518D518D508530850F7D0F7D0F7DEE74CE6CCE6C8D5C4C547D
:20DD20002C4C0B4CCA43893BA943EA53CE6C4F7D2F75CD6C8C644B648C6CAD6C8C6C0A5431
:20DD4000CA53EA53A94BCA4B2C544C5C8C6C6C6C4C6CCE7CD7D6F8DE19DF1ADF1ADF1ADF00
:20DD60003BDF5BDF5BDF7BE77BE77BE77BDF5BDF5BDF7BDF5BDF5BDF3BDF5BDF3BDF3BDFCB
:20DD80003BDF3BDF3BDF3BDF3BDF3BDF3BDF3BDF3BDF3BDF5BDF5CDF7CE79DE77CE75CDF85
:20DDA0005BDF5BDF3ADF7BDF3AD7118D4A4BE93A093B6B4B8B4B2A432A430E645285CD5BFA
:20DDC00067324B4B0F6CD284D6A5FBCEDBC6BAC61CCFDBC6FAC6FACE3BD7FAC616AE538D54
:20DDE000D17CF27CAD53E621C619072AC62148422B636C6B6B6B8B6B4A6387424632094375
:20DE00008B53EC534D64AE740F7D5085518D518D318D518D718D50852F850F850F7DEE7450
:20DE2000CE74CE6C8D646D5C2C540B4CCA4BAA43AA4BEA4BAD6C2F7D2F7DEE74AD6C8C6CC5
:20DE4000EE7C2E852F854B64EA5BEA5BA9530A54CD6C0F7D2F85EE7CAD7C308DB7D6F8DE32
:20DE600019DF3ADF1ADF3ADF3BDF5BDF5BDF7BDF7BE77BE77BDF7BDF7BDF7BDF5BDF5BDFF7
:20DE80003BDF3BDF3BDF3BDF3BDF5BDF5BDF5BDF3BDF3BDF5BDF5BDF3BDF3BDF5BDF5CDF01
:20DEA0007CE77CE77CE75CE75CDF5BDF7BDF7BDF7AD7D49D8B53C83A093B4A434A434A4340
:20DEC0004A436B4B907490742B4BA83A0A4BEE63D6A5DAC6DAC61CD75CD7FBCE1ACFFAC6A6
:20DEE0003ACF1ACFB9BE16A6338DF284D17C2B4BE621C621C6290732EA524C636B6B6B6B57
:20DF00004B63673A473209434A4BAB532C5C8E6CEF7C308551855185318D518D718D518D94
:20DF2000508D30850F85EE7CCE74CE74AE6C8D644D5C0C54EB4BEB4B0B544C5CEE7450850F
:20DF40004F850E7DED74ED7C2E854F8D4F8D6B6C0A642A640A5C6B642E85908D4F8D0E85E6
:20DF6000CE847195D8D619DF3ADF3AE73ADF3BDF5BDF5BDF5BDF7BDF7BE77BE77BDF7BDFB6
:20DF80007BDF7BDF7BE75BDF3BDF3BDF3BDF3BDF5BDF7CE77CE75BDF5BDF5BDF7CE77BE756
:20DFA0005BE75BDF7CE75BDF7CE77CE77CE75CDF5BDF7BDF7BDF7BDF7BD797B62D64E93A49
:20DFC000093B2A3B4A436A434A43293BCC536F6CCD5BC93AE9426B53539578BEDACE3CD786
:20DFE0003CD73CD75BD71ACF3ACF1ACF19C798B69495F17C12859074A93AC621A521E629F0
:20E00000EA522B634B636B632A5B673A873AE9424A4B8B4B0C5C8E6CCF7C1085318551856F
:20E0200031855185518D518D508D30850F85EF7CEF74EF74CF6CAE644D5C0B54EB4B0B5457
:20E040006D64AE6C2F8570852F850E7D0E7D0E854F8D6F8D2E858B746B6CAC74AC74ED7CC5
:20E060006F8DB0956F954F952F8DB2A5F8DE39DF5AE75BE73ADF3BDF5BDF7CE75BDF7BDF8F
:20E080007BDF7BE77BDF7BDF7BDF5BDF7BE75BDF5BDF5BDF5BDF5BDF5BDF7CE77CE75BDFBE
:20E0A0005BDF7CE77CE77BE75BDF7BDF7BE77BE77CE77CE77CE75CDF5BDF7BDF5AD77BD72B
:20E0C0007AD75ACF31856A430933093B4A3B4A3B293B09332A3BCC530D5C4A43E93A0A434F
:20E0E0004F6C16AE1BCF3BD73BCF7CDF3ACF5BCF7BD73ACF19C7F9C615A65285538D748DA0
:20E100000E646832C621E629C94A4C5B4B636B630A53883AC942E93A6A4BAB53EC5B6D6CA7
:20E12000AF74EF7C3085518D5185518D3085508D508D0F85EF7CEF7CEF7CCE74CF6C8E6457
:20E140004D5C2C540B542C5C8D6CEF742F854F850E7D0E7D4F852E854F8D6F954E8DCC7C2B
:20E16000CB7C0D854D8D6E8D8F95AF958F9D909D709DF2AD19DF3ADF5AE75BE75BE75BDF74
:20E180007CE77CE75BDF7BDF7BDF7BE77BE77BE75BDF5BDF7BE75BDF5BDF5BDF5BDF5BDFAD
:20E1A0005BDF5BDF7CE77BE77BE77CE77BE75BDF5BDF7BDF7BE77BE79CE79CE77CE75CDFC9
:20E1C0005BDF7BDF7BDFBBDF5ACF9BD7159ECC530933093329334A3B2A3B4A3B4A3BAC4B8B
:20E1E0004E64CC534A4309438C5394953BCF1ACFB9BEB9BE1AC75ACF7BD73ACF5ACF7BD7AC
:20E2000097B6B495B49536A6538D4B4B072AE62988426C636B638B630A53C842294B094311
:20E22000AB53EC5BCB5B4D64AE74EF7C3085508D508D508D308D518D508DEF84EE7CEF7C29
:20E24000EF7CCE74AE6C8E646D5C4D5C4C5C4C5CAD6C2F7D4F852F85EE7C2E856F8D4E8D02
:20E260004E8D6E8D8F952D8D0C852D8D6E958E95AE95AE958F9D8F9D8F9DD1AD19DF39DFE1
:20E280005AE75BE75BDF5BDF7CE77CE77CE75BDF5BDF5BDF5BDF5BDF5BDF5BDF7BE77BE704
:20E2A0005BDF5BDF5BDF7CE75BDF5BDF7CE77CE77BE77CE77BE77BDF5BDF7BDF7BE77BE73A
:20E2C0007CE77CE77CE75CDF5BDF7BDF7BDF39CF56AE76AE76AEAF6C293B093309334A3324
:20E2E0006A3B4A3B4A3BCC4B2D5C2D5C6A4B093B2A431285F9BEF5A5B07C7495D8BE3ACF24
:20E300005ACF39CF39C75ACF39C756AEB8B6D9B6F59D4F6C472AA41927324B5B8C634B5B93
:20E32000E94A8B5BEC638A53CB5B0C5C0C5C4D6CAE74EF7C308D718D718D718D718D718DA9
:20E34000508D30850F85EF7CCE74CE74AE6CAE6C8D644D5C6D5CAE6CEF740F7D4F850E7DA9
:20E36000EE7C0E854E854F8D6F8D6E956E958E958E95AE9DAE958E958E958E958E9DAF9D3B
:20E38000AF9DB0A519DF3ADF7BE77CE75BDF5BDF7CE77CE77CE77BE75BDF5BDF5BDF3BDF3F
:20E3A0003BDF3BDF5BE77BE75BE75BDF5BDF7CE75CDF5BDF5BDF5BDF5BDF7BE77BE77BE723
:20E3C0007BDF7BE77BE77BE77CE79CE77CE77CE77BDF7BDF3AD7F4A56E6C6E6CF0746E64C9
:20E3E000AB4B4A3B2A334A3B6A3B6A3B6A3BAB4B0D540D546A432A3B2A436F6C738D2E642D
:20E400002A432E6477AE5ACF3AC7B7BE36AE15A656AE77AEF9BEB8B6948D2F64A832841921
:20E42000C5210A4B6B5B2A53094B0C6C8E742D6C2C6C2C642C644D6C8E74CF7C0F85508DC8
:20E44000708D508D518D718D718D508D30850F7DCE74AE6CCE74CE6CAE64AE64CE6C0F7530
:20E460002F7D2F7D4F850E7DEE7C2E856F8D6F8D6F958F956E958E95AE9DAE9DAE958D9587
:20E480006D958E958E9DAF9D8F9DF1A51ADF3ADF7BE77CE75CE75CDF7CE77CE77CE77CE73D
:20E4A0005BDF5BDF3BDF3BDF3BDF1BDF3BDF5BDF5BDF3BDF3BDF5BDF5CDF5BDF5CDF5BDFBA
:20E4C0005BDF7BE77BE77BE77BE77BE77BE77BE77BE79CE79CE77CE77BDF7BDF1ACF118D4E
:20E4E000294B09436A4BAB4BAB4B6A3B4A3B4A3B6B3B6A3B6A3B8B43CC4BCC4B8B438B4B7C
:20E500006B430D5C6F6C2A3B672A6B4BB4955BCF1AC7F59DB0744E6C8F74938D77AE77AE2C
:20E52000938DB0748C53672AC521A83A8B5B2A534A534D6CCF7C8E74AE748D74AE7CAE7CE2
:20E54000AE7CEF84308D71959095708D518D718D718D508D2F850F85EE7CCE74CE74CE6C12
:20E56000AE6CCE6C0F755085508550852F850E850E854F8D6F8D6F956F956F958F958F953E
:20E58000AF9DAF9D8E9D6D956D956E958E958F9D8F9DD1A55BE73BE75BE77CE75CE75CE731
:20E5A0007CE77CE77CE77CE75BE75BE75BE75CE73CE73CE73BDF5BE75CE73BE73BDF5CDF6A
:20E5C0005CE75CE77CE75CDF5BDF7BE77BE77BE79BE79BE79BE79BE77BE79CE79CE77CE7E4
:20E5E0007CDF7CDF5BD7328D4A4B09432943293B4A3B4A3B6B434A3B6B436B436A3B6A43D8
:20E600008B43AB438B43AC4B8B4B0D544E642A43A8324B43738D5BCF3AC7D59D0D646A4BF8
:20E620006A4B4E64117DD495B38D317D4E6C6B4B6632252A2A532A538A5B4D74AE7CAE7C43
:20E64000EF84CF84EF84EF84EF84108D308D508D708D708D718D718D508D508D2F850F856C
:20E66000EF7CEF7CCE74AE6CAE6CCF740F7D3085508D508D4F8D2E852E8D4F8D6F956F95E2
:20E680006F956F958F958F9DAF9DAF9D8F9D6E956E958E9D6E9DB09D909DB1A59CEF5BE785
:20E6A0005BE75CE75CE75CE77DE77CE77CE77CE75CE75CE75CE75CE75CE75CE75BE75CE7AB
:20E6C0005CE75CE73CE75CE75CE75CE77CE75CE75BDF7BE77BE77BE77BE77BE79BE79BE7FA
:20E6E0007BE77CE79CE77CE77CE77CDF7CDFD5A5CC5B09434A43293B293B4A3B8B436B4313
:20E700006B436B436B436A438B438B43AC4BCC4B8B430E5C6F648C4B2A3B8C4B538D98B64C
:20E72000B8B616A64E6CAB538B4BCC5B0D5CD0745285317D8F6C4E6C294305224632094BB4
:20E74000EC63AF7CEF7C0F85308D0F8D308D108D108D108D308D508D508D708D71957195D3
:20E760005095508D308D308D0F85EF7CCF7CCF74EF7C0F7D3085308D508D70956F954F959D
:20E780004F8D6F95709590959095909D909D8F9D8F9D8F9D8F9D6F9D8F9DAF9DB09DD1A5F9
:20E7A0004F9D33B6DDF77CE73CE75CE75CE75CE75DE75CE75CE75CE75CE73BE73BE73CE7AA
:20E7C0003CE73CE73BE73CE73CE73CE73CE75CE75CE75CE77CE75CE75BE77BE77BE77BE76E
:20E7E0007BE79BE79BE77BE77BE79CE79CE79CE79CE79CE79CE7D9C6AF7C0943E83A093B61
:20E800002A3B4A436B4B4B434B436B434A436B438B436B43AC4BCC4B8C4B2E5C6F64AD538D
:20E820008C4BAD53906CB174F27C52852E64AC53AB53CC53EC530D5C6E64AF6C8F6CAF743A
:20E84000EC5BC73A46322A4B2D6CCF84EF840F85308D308D51953195319531955195509513
:20E8600070957095719571955095509550952F8D0F85CE7CEF7CEF843085518D5195308D25
:20E880002F955095909D709570957095709D909D909D909D909D709D6F9D6F9D6F9D6F9D95
:20E8A0006F9D90A590A5B1A5719D59DFFEFF9DEF5CE75CE73CE73CE75CE73CE75CE77CE7E5
:20E8C0005CE73BDF1BE73CE73CE71CE73BE73BE73CE73BE73CE75CE75CE75CE77DEF7CE74C
:20E8E0007CE77CE77BE77BE79BE79BE79CE79BE79CE79CE7BDE79DE79DE79CE79CE79CDF52
:20E90000F5A5CC5BE93AE93A4A436B436B4B6B4B6B4B6B4B6B4BAC4BCC53CC53AC4BCC4BE4
:20E920008C4B2E5C4F64AD53AD53CD53AE538C4B8C4BEE5BAC5B8B53AB53AB53CC53CC538C
:20E94000EC534E646E648F6C2D64CB534B53CC636E74AF7CEF840F85308D5195519531951A
:20E960001195319531955195509570957195719571955095509550950F8DEF840F8510859C
:20E98000508D9195919D5095509D709DB09D909D909D909D909D909D909D90A5909D709D9D
:20E9A0004F9D709D709D90A590A590A591A5D2AD96C6FCF7FFFFDEF79DEF7DEF5DE75DE75B
:20E9C0005CE75CE77DE77DEF7CE75CE73CE75CEF5DE73CE75CE75CE75CE73CE75CE77DEFCB
:20E9E0007DEF7DEF7DEF7CE77CE79CEF9CEF9CEFBCEFDCEFBCE7BCE79CE7BDEFBDEF9DE751
:20EA00007CE77CDF9CDFDDE7D8C61185AC534A438B4B8B4B8C538C538C538C53AC530E5CA8
:20EA20004E644E640D540D54CD536F64906CEE5BEE5BCD53CE53AD536C4B8C53AC53CC5B32
:20EA4000ED5BCC530D5C4E642D5C6E648F6CAF6C6E6C6E6C4F744F748F74CF7C108D308DE1
:20EA6000308D7195729D5295319531955295729591959195929D919D719D5095709D719DAC
:20EA80005095308D308D308D5195929DB29D919D91A5B2ADD1A5D1A5B1A590A5909D909D62
:20EAA00091A591A5B1A590A5909D90A5B1A5B1A5B1A5B1ADB1A513B6DBEFFDF77561727404
:08EAC000310A000000500020A3
:00000001FF
